,Ġa,Ġsheep,Ġat,Ġpulmonary,Ġallergic,Ġthen,Ġhelium,Ġcm,Ġin,ive,Ġtimes,Ġa,Ġof,ĠCG,Ġin,Ġwas,Ġb,ĠRL,Ġcm,Ġby,Ġa,Ġin,Ġa,Ġchronic,Ġto,abstract,Ġstable,ils,Ġc,Ġsix,Ġc,Ġin,Ġwas,Ġa,ĠCF,Ġbetween,Ġcontrol,Ġa,Ġbal,Ġthree,Ġdisease,in,illation,Ġin,Ġcompared,Ġand,Ġobtained,we,Ġwas,Ġwas,Ġin,Ġincrease,Ġwere,Ġby,Ġresistance,Ġonly,Ġdeveloped,Ġthe,Ġof,Ġin,Ġby,Ġgroup,Ġb,Ġin,Ġwere,Ġmodel,Ġthey,Ġexposing,age,RC,Ġc,Ġin,Ġc,Ġtrapping,Ġof,Ġto,Ġand,ography,Ġanalyses,Ġuntil,ĠRL,Ġantigen,Ġsheep,Ġa,Ġvolume,ages,Ġof,Ġvolume,Ġc,Ġtechnique,Ġcells,Ġto,Ġproteins,Ġbut,Ġbal,Ġc,Ġsheep,Ġtests,Ġresistance,<|begin_of_text|>
Ġa,0.5254679,0.00013094411,3.4504497e-05,0.0001666017,4.8066653e-05,0.00012537243,0.00034306917,6.200127e-05,0.0005945941,6.9497095e-05,6.7779447e-06,0.00034821642,0.00011267321,0.0015242845,0.00020406404,0.0016861395,0.0005849511,9.688762e-05,0.00033793825,0.0003880844,0.00017141546,2.4758054e-05,0.0004225874,7.113303e-05,0.00019711349,0.0,4.1124804e-05,0.0019100232,0.0060952515,1.5448122e-05,0.020085521,0.00046853896,0.0012585841,0.0022852824,0.0006180784,0.0001696755,8.457896e-05,0.00025130413,0.0029016363,0.00014386953,7.299414e-05,0.0,0.00010277628,8.569666e-05,1.9896199e-05,0.00030816597,0.0009995697,0.00055539276,0.00047522364,0.0012529154,5.884568e-05,4.7605595e-06,0.00043799993,0.00016798222,0.0005517208,0.0005183766,0.00033139528,0.0001997066,0.0002083423,0.0002451216,0.00015345184,0.0007926511,0.00014220698,0.00044801302,0.00025423695,2.4483737e-05,0.0013246909,0.00023457664,0.0003292811,0.00029396336,0.055671785,0.00029542603,0.21901585,0.00032965423,0.00051849696,0.00029116985,0.0031060786,0.0044510644,0.00259385,0.00046088643,0.0003853969,0.0017488303,0.00037464206,0.00032333314,0.0067480225,0.0035837928,0.0012550452,0.00038432374,0.024119195,0.007979318,0.0011276109,0.00057677896,0.0,0.010340035,0.0048251883,0.015321546,0.001047618,0.0031519022,0.0029423595,0.009752186
Ġsheep,0.0,0.36347392,0.0,0.0,0.0018785144,0.0,0.0,0.0,0.0,0.0,0.0,0.0,0.0,0.0,0.0,0.0,0.0,0.0,0.0,0.0,0.0,0.0,0.0,0.0015138963,0.0,0.0,0.0,0.0,0.0,0.0,0.0,0.0,0.0,0.0,0.0,0.0,0.0,0.0,0.0,0.0,0.012387007,0.0,0.0,0.0,0.0,0.0,0.0,0.003173175,0.0,0.0,0.0,0.0,0.0,0.019763604,0.0,0.0,0.003086664,0.0,0.0019244582,0.0,0.0,0.0,0.0,0.0,0.0,0.005219544,0.0,0.25591412,0.0,0.0,0.0,0.0,0.0,0.0,0.0,0.0,0.0,0.0,0.0,0.0,0.0,0.0,0.0,0.0,0.0,0.0,0.0,0.0,0.0,0.0,0.0,0.0,0.0,0.0,0.0,0.0,0.0,0.0,0.0,0.16202007
Ġat,0.0,0.003653208,0.39105988,0.0,0.0025375646,0.0,0.0,0.0,0.0,0.0,0.0,0.0,0.0,0.0,0.0,0.0,0.0,0.22442928,0.0,0.0,0.0,0.0,0.0,0.0019003996,0.0,0.0,0.011082211,0.0,0.0,0.0,0.0,0.0,0.0,0.0,0.0,0.0,0.0,0.0,0.0,0.0,0.003621187,0.0,0.007241033,0.0,0.0,0.0,0.0,0.0020198312,0.0,0.0,0.044839766,0.01807016,0.0,0.0027324483,0.0,0.0,0.002741583,0.0,0.001146023,0.0,0.0,0.0,0.0,0.0,0.0,0.00737003,0.0,0.0050032083,0.0,0.0,0.0,0.0,0.0,0.0,0.005737695,0.0,0.0,0.0,0.0,0.05695457,0.0,0.02164192,0.0,0.0,0.0,0.0,0.0,0.0,0.0,0.0,0.0,0.01116386,0.0,0.0,0.0,0.0,0.0,0.0,0.0,0.1612586
Ġpulmonary,0.0,0.0022886067,0.0013085908,0.39936742,0.0033997155,0.0007545994,0.0,0.0,0.0,0.0008469364,0.0031977922,0.0,0.00058999006,0.0,0.0,0.0,0.00075856934,0.0043869144,0.0,0.0,0.0,0.0,0.00013648735,0.0033068405,0.0014987136,0.0,0.004701903,0.0,0.0,0.0002401079,0.0,0.0,0.0,0.0,0.0,0.0,0.00045337036,0.0,0.0,0.0003601718,0.0010426007,0.0,0.000120247656,0.0029934777,0.001598339,0.0,0.003669645,0.00042415105,0.0,0.0012469518,0.009026885,0.0005865236,0.0,0.00070458185,0.0,0.0016371072,0.0003583262,0.0014471648,0.0042469343,0.0,0.0,0.001916692,0.0,0.0042766873,0.00079935434,0.0008513798,0.003002146,0.0007589036,0.0,0.0,0.0,0.0,0.0,0.0,0.0010154642,0.0020314856,0.0,0.0,0.0,0.0012218689,0.0,0.0010422105,0.00042379161,0.0,0.0,0.0,0.20019124,0.0,0.0,0.0,0.0,0.0050148536,0.0,0.0,0.0,0.0,0.0015648545,0.0,0.0,0.2812458
Ġallergic,0.0,0.0,0.0,0.0,0.23383921,0.0,0.0,0.0,0.0,0.0,0.0,0.0,0.0,0.0,0.0,0.0,0.0,0.0,0.0,0.0,0.0,0.0,0.0,0.23158129,0.0,0.0,0.0,0.0,0.0,0.0,0.0,0.0,0.0,0.0,0.0,0.0,0.0,0.0,0.0,0.0,0.0,0.0,0.0,0.0,0.0,0.0,0.0,0.0022564156,0.0,0.0,0.0,0.0,0.0,0.0,0.0,0.0,0.005780526,0.0,0.08806678,0.0,0.0,0.0,0.0,0.0,0.0,0.015228377,0.0,0.0,0.0,0.0,0.0,0.0,0.0,0.0,0.0,0.0,0.0,0.0,0.0,0.0,0.0,0.0,0.0,0.0,0.0,0.0,0.0,0.0,0.0,0.0,0.0,0.0,0.0,0.0,0.0,0.0,0.0,0.0,0.0,0.41681916
Ġthen,0.0,0.015652515,0.000488641,0.0,0.001557061,0.3385324,0.0,0.0,0.0,0.0,0.0012127571,0.0,0.0,0.0,0.0,0.0,0.0,0.000591098,0.0,0.0,0.0,0.0,0.0,0.0016220887,0.0,0.0,0.0024284828,0.0,0.0,0.0009656659,0.0,0.0,0.0,0.0,0.0,0.0,0.0,0.0,0.0,0.0,0.0010861976,0.0,0.004865389,0.0009947141,0.0,0.0,0.0025373579,0.004054586,0.0,0.017740175,0.00050046056,0.0017230968,0.0,0.0067914287,0.0,0.0,0.0008100155,0.0,0.0005192421,0.0,0.0,0.0013942412,0.0,0.0,0.31227675,0.00403379,0.028123574,0.0023425713,0.0,0.0,0.0,0.0,0.0,0.0,0.0021566974,0.0,0.0,0.0,0.0,0.0037386788,0.0,0.0025086314,0.0,0.0,0.0,0.0,0.0,0.0,0.0,0.0,0.0,0.0066485736,0.0,0.0,0.0,0.0,0.0025749726,0.0,0.0,0.21658492
Ġhelium,0.0,9.682591e-05,7.0072296e-05,0.0011907605,0.00027332228,0.00047520912,0.4064472,0.000170042,0.0,7.523652e-06,4.01364e-06,0.0,3.9317174e-06,0.0,0.0,0.0,3.1653413e-05,0.00024515946,0.0,0.28498062,0.0,0.000103250495,2.3906241e-05,0.0001718144,0.00011836372,0.0,0.00017976132,0.0,0.0,3.8302405e-06,0.0,0.0,0.0,0.0,0.00048588053,0.0,8.618444e-06,0.0,0.0,3.569882e-05,7.3570496e-05,0.0,8.821323e-05,4.611447e-05,7.001828e-06,0.0006555829,1.8919765e-05,0.00034029654,0.00069307437,0.00018817492,0.00026872242,1.0004179e-05,0.0,0.00041770193,0.0,1.8333047e-05,3.0569026e-05,7.9475045e-05,5.193692e-05,0.0,0.012192989,3.1620948e-05,0.0001422415,0.0001255336,0.00049222604,1.5224742e-05,0.00012331895,7.8305304e-05,0.00022727135,0.0042770538,0.0,0.00011103973,0.0,0.014540563,0.00021519641,7.0370574e-05,0.050544184,0.012592465,0.0005535254,0.00015751178,0.0011784994,0.00033686837,7.323396e-06,9.70886e-05,0.0,0.0,0.00035177704,0.0039880713,0.0,0.0,0.0,0.0004710297,0.0,0.0,0.0,0.0,6.422914e-05,0.0011064676,0.0,0.18990646
Ġcm,0.0,0.00040827587,0.0010274617,0.0016244405,0.0002090801,0.00045116548,0.0,0.18994014,0.0,0.0002608928,0.00026281754,0.0,0.0015030899,0.0,0.0,0.0,0.00924609,0.0056571485,0.0,0.0,0.0,0.0,0.001792718,0.00065576774,0.005060984,0.0,0.0014389659,0.0,0.0,0.00028316767,0.0,0.0,0.0,0.0,0.0165171,0.0,0.0011294562,0.0,0.0,0.002951577,0.00049811066,0.0,0.0014887172,0.0009626915,0.0011777248,0.0069936486,0.003690661,0.00030123946,0.08586482,0.0022130315,0.003268424,0.0005179423,0.0,0.00037123312,0.0,0.008992921,0.0023363007,0.004577774,0.0014997408,0.0,0.0,0.002819388,0.0,0.008719145,0.0005748165,0.0011091249,0.0018547706,0.000846986,0.015526448,0.0,0.0,0.0,0.0,0.0,0.007671487,0.006814263,0.0,0.0,0.17351417,0.004782396,0.25943342,0.0048321094,0.0006730464,0.0,0.0,0.0,0.009203438,0.0,0.0,0.0,0.0,0.004880072,0.0,0.0,0.0,0.0,0.0023915926,0.07728084,0.0,0.017602935
Ġin,0.0,0.00021210685,0.0013615972,0.0007710439,0.0004831622,0.0016350787,0.0011137319,0.00092115597,0.38361266,0.0010884958,0.00042931677,0.00096834515,0.0013186126,0.0020413764,0.016519194,0.0048705484,0.00030731934,0.0013005455,0.0041637304,0.011360384,0.0,0.0045818314,0.00012981979,0.0010574827,0.004199756,0.0,0.00030558364,0.0,0.005712,0.0014682092,0.0,0.026329711,0.003946926,0.0023967274,0.0015586079,0.033433136,0.000108268,0.0032553494,0.0,0.0054445243,0.00022435242,0.0,0.0007518518,0.003103726,0.000739723,0.0021881657,0.001224019,0.0006930992,0.0011532264,0.0038476994,0.0017046086,4.3279804e-05,0.004284045,0.0004235501,0.003357004,0.00041986105,0.00049874524,0.0053785206,0.0026664855,0.021162417,0.0075900205,0.0005442274,0.00031942927,0.0058757444,0.0018340168,0.00028519324,0.0038895293,0.000386836,0.0007781978,0.0019896703,0.0,0.014809498,0.0,0.0009830317,0.004873545,0.00791033,0.027589021,0.0018090766,0.0012109221,0.00073008204,0.00096904906,0.0017853456,0.00025673961,0.0043340237,0.010196793,0.054424435,0.0027959764,0.0012487153,0.0,0.0096085165,0.008891163,0.0015316034,0.0,0.007534158,0.008932603,0.0059005646,0.0009082909,0.0039925044,0.007955094,0.08063682
ive,0.0,0.008790223,0.00086648954,0.0,0.003746633,0.013852144,0.0,0.0,0.0,0.38402805,0.002121511,0.0,0.0,0.0,0.0,0.0,0.0,0.00067076576,0.0,0.0,0.0,0.0,0.0,0.0031626315,0.0,0.0,0.004942142,0.0,0.0,0.005401777,0.0,0.0,0.0,0.0,0.0,0.0,0.0,0.0,0.0,0.14464754,0.00050272205,0.0,0.0031243865,0.0050011473,0.019444326,0.0,0.0014281966,0.0005950663,0.0,0.003049994,0.004700104,0.00059654535,0.0,0.0028739038,0.0,0.0,0.0003137822,0.11453815,0.0013930988,0.0,0.0,0.0026387768,0.0,0.0,0.010782984,0.0005706921,0.007741352,0.008001542,0.0,0.0,0.0,0.0,0.0,0.0,0.0061330763,0.0880789,0.0,0.0,0.0,0.0042199437,0.0,0.004222959,0.0,0.0,0.0,0.0,0.0,0.0,0.0,0.0,0.0,0.0073798276,0.0,0.0,0.0,0.0,0.0027510046,0.0,0.0,0.08104669
Ġtimes,0.0,0.004411515,0.09904929,0.0,0.0013767682,0.0,0.0,0.0,0.0,0.0,0.404126,0.0,0.0,0.0,0.0,0.0,0.0,0.02342973,0.0,0.0,0.0,0.0,0.0,0.00060526095,0.0,0.0,0.012851663,0.0,0.0,0.0,0.0,0.0,0.0,0.0,0.0,0.0,0.0,0.0,0.0,0.0,0.002047915,0.0,0.0072421357,0.0,0.0,0.0,0.0,0.001119453,0.0,0.0,0.024134146,0.016107142,0.0,0.0018482861,0.0,0.0,0.00042135996,0.0,0.00049940863,0.0,0.0,0.0,0.0,0.0,0.0,0.0024307629,0.0,0.0021595892,0.0,0.0,0.0,0.0,0.0,0.0,0.009344665,0.0,0.0,0.0,0.0,0.032294728,0.0,0.015916351,0.0,0.0,0.0,0.0,0.0,0.0,0.0,0.0,0.0,0.013517432,0.0,0.0,0.0,0.0,0.0,0.0,0.0,0.24952039
Ġa,0.0,0.00019831758,0.0005172918,0.0010271746,5.533155e-05,0.00012270328,0.00044615308,0.00058421056,0.0,0.00088122155,0.0020338234,0.48064545,0.0023800868,0.0,0.045283716,0.0,0.001499699,0.000244696,0.0,0.0045336853,0.0,0.0024763518,0.0011217078,1.8181549e-05,0.004666136,0.0,0.00063246355,0.0,0.0,0.000662629,0.0,0.0,0.03641543,0.0,0.001267174,0.0,0.0005234932,0.0,0.0,0.00025962054,0.00014117877,0.0,0.0016471599,0.004282024,9.150155e-05,0.0006958516,0.0005826391,4.296484e-05,0.0020338781,0.00031500144,0.00070894323,0.00015135585,0.0,8.8804576e-05,0.0,0.0029670843,5.430508e-05,0.00036020402,4.647947e-05,0.0,0.008831275,0.0016344624,0.01345649,0.0009693557,0.00012286652,4.0914336e-05,0.0004823874,0.00013992416,0.0015014505,0.043680444,0.0,0.0072956374,0.0,0.0037980215,0.002833667,0.0019072007,0.030181782,0.025486203,0.01024977,0.0015035497,0.004332177,0.004840335,0.00068881817,0.037772905,0.0,0.0,0.0019673207,0.0126018,0.0,0.087774396,0.0,0.0025813938,0.0,0.0,0.0,0.0,0.0023220868,0.0029741637,0.0,0.012289283
Ġof,0.0,0.004964713,0.0049128984,0.0,0.0021279173,0.006100357,0.0,0.0,0.0,0.021265179,0.006960384,0.0,0.3783213,0.0,0.0,0.0,0.006640024,0.0019669293,0.0,0.0,0.0,0.0,0.06331483,0.0030440046,0.0,0.0,0.0024565395,0.0,0.0,0.00982978,0.0,0.0,0.0,0.0,0.0,0.0,0.0972079,0.0,0.0,0.014657788,0.0003499906,0.0,0.0013981024,0.018467918,0.004098848,0.0,0.0017579829,0.00088884856,0.0,0.004483955,0.0053088996,0.0006935321,0.0,0.0019355938,0.0,0.0,0.0046971953,0.0111263115,0.0048523704,0.0,0.0,0.0026359924,0.0,0.0,0.0069380384,0.0021893634,0.0094777765,0.0070098587,0.0,0.0,0.0,0.0,0.0,0.0,0.019765107,0.027580108,0.0,0.0,0.0,0.0061558527,0.0,0.004068516,0.0057661855,0.0,0.0,0.0,0.0,0.0,0.0,0.0,0.0,0.022071801,0.0,0.0,0.0,0.0,0.0030667135,0.0,0.0,0.117314406
ĠCG,0.0,0.00028761345,0.00038400997,0.0014410224,0.00017771694,0.0005675131,0.00021081037,0.00020007827,0.0,0.0008846404,0.00056166766,0.0051166406,0.00023043463,0.42310345,0.0023115824,0.0,0.0015045239,0.00037561893,0.0,0.0008230553,0.0,0.00140046,0.00020432255,8.778552e-05,0.0020265463,0.0,0.00020971129,0.0,0.0,0.0006522416,0.0,0.0,0.0015000941,0.0,0.007768002,0.031499013,7.011371e-05,0.0,0.0,0.0005192769,0.0011047359,0.0,0.00018333686,0.0020604893,0.0004982375,0.010630922,0.0036168387,0.00046546906,0.0004484912,0.0011496104,0.00035887863,3.3090262e-05,0.0,0.0010181876,0.0,0.0045730677,0.00044031514,0.0005705072,0.00021860517,0.0,0.00075433386,0.00867704,0.0078019947,0.011471157,0.0007710732,0.00029772962,0.0026520805,0.00049140875,0.0038060811,0.0060918233,0.0,0.0032945313,0.0,0.007911433,0.00020154145,0.0013973803,0.007211399,0.018823123,0.0057457425,0.00053936115,0.0020066614,0.0022076804,0.00090005685,0.00653227,0.0,0.0,0.021552088,0.010048586,0.0,0.014806523,0.0,0.000988834,0.0,0.0,0.0,0.08893025,0.009215281,0.026195822,0.076980494,0.012297973
Ġin,0.0,0.000614989,0.0032812553,0.0009297311,0.0009700431,0.00043459746,0.0008037662,0.0011195004,0.0,0.003822691,0.0030780537,0.0,0.0043931715,0.0,0.4964,0.0,0.0020815427,0.0006044311,0.0,0.0028729562,0.0,0.060737718,0.0040054815,0.0005644484,0.011691398,0.0,0.00049230567,0.0,0.0,0.004275252,0.0,0.0,0.016033426,0.0,0.00088688114,0.0,0.00080234016,0.0,0.0,0.0048579583,0.00046644002,0.0,0.0017887842,0.0072078174,0.0006054987,0.005843047,0.0006834671,0.00068851793,0.0016829491,0.00077686086,0.0008417426,7.671247e-05,0.0,0.00038071995,0.0,0.0025154108,0.00041214668,0.002294505,0.0005608619,0.0,0.003905926,0.0009861388,0.011005923,0.017956713,0.0006156122,0.0006134695,0.0019070249,0.00084578013,0.0029774895,0.0032342542,0.0,0.042430155,0.0,0.0047533433,0.0019597923,0.004549151,0.007192803,0.003764368,0.0049634697,0.0020369047,0.0012286761,0.0025265987,0.0009856048,0.028743632,0.0,0.0,0.0057318006,0.0057083196,0.0,0.015020476,0.0,0.0023665437,0.0,0.0,0.0,0.0,0.0014620991,0.0034541723,0.0,0.070271015
Ġwas,0.0,0.00038242782,7.7029516e-05,0.00042377636,5.0130377e-05,0.00015160312,8.166769e-05,0.005461412,0.0,0.00016358457,0.0002867265,0.006332546,0.0003784016,0.006505934,0.0010131875,0.45662954,0.00036440394,0.0002383441,0.0,0.00019570792,0.0,0.00015373241,0.00016358162,4.6437093e-05,0.0006133588,0.0,0.00011354397,0.0,0.0,7.118688e-05,0.0,0.0,0.028165417,0.0,0.001164784,0.00064660463,0.00020077964,0.0,0.0,0.0002685367,0.00016396349,0.0,0.0008708247,0.00010991602,0.00058406225,0.00026746516,0.0010686079,0.0003018607,0.0097795,0.0015904646,6.259387e-05,5.5797685e-05,0.0,9.09149e-05,0.054504648,0.00034826229,0.00014120039,0.00013249517,7.283729e-05,0.0,0.0007702956,0.000681158,0.001072531,0.00024958255,0.0001437884,0.00020281362,0.0006420912,0.000118559445,0.0011371259,0.005250381,0.0,0.001042103,0.0,0.002480537,0.0009098408,0.0003819733,0.002137003,0.0051440317,0.0033673907,0.00016617143,0.0058154175,0.0007232332,0.00022455373,0.0042239903,0.14188573,0.0,0.0012024059,0.0052309916,0.0,0.015165647,0.0,0.001424369,0.0,0.03153852,0.0,0.012079547,0.0005053572,0.0015807482,0.01726853,0.0549039
Ġb,0.0,0.0030763175,9.666834e-05,0.0,0.00012032359,0.022778815,0.0,0.0,0.0,0.025412781,0.00016350974,0.0,0.0,0.0,0.0,0.0,0.2596105,0.00076410116,0.0,0.0,0.0,0.0,0.0,0.00010834035,0.0,0.0,0.000557933,0.0,0.0,0.0007189973,0.0,0.0,0.0,0.0,0.0,0.0,0.0,0.0,0.0,0.015548174,0.0051614232,0.0,0.0014804812,0.0036939566,0.01871941,0.0,0.036283124,0.0008599082,0.0,0.011881376,0.0010057368,0.00031944577,0.0,0.005224286,0.0,0.0,0.00049145473,0.02570627,0.00010840101,0.0,0.0,0.015098604,0.0,0.0,0.037992578,0.000953687,0.029861586,0.002101004,0.0,0.0,0.0,0.0,0.0,0.0,0.0008906053,0.03789128,0.0,0.0,0.0,0.0041270694,0.0,0.017726518,0.35633796,0.0,0.0,0.0,0.0,0.0,0.0,0.0,0.0,0.0031846703,0.0,0.0,0.0,0.0,0.02923267,0.0,0.0,0.0022692292
ĠRL,0.0,0.001552265,0.0,0.0,0.00070762966,0.0,0.0,0.0,0.0,0.0,0.0,0.0,0.0,0.0,0.0,0.0,0.0,0.30784294,0.0,0.0,0.0,0.0,0.0,0.0003326995,0.0,0.0,0.055084456,0.0,0.0,0.0,0.0,0.0,0.0,0.0,0.0,0.0,0.0,0.0,0.0,0.0,0.0010387846,0.0,0.006734392,0.0,0.0,0.0,0.0,0.00022934502,0.0,0.0,0.22943836,0.27982098,0.0,0.0008871923,0.0,0.0,0.00032418693,0.0,0.000274815,0.0,0.0,0.0,0.0,0.0,0.0,0.0016307719,0.0,0.00083559525,0.0,0.0,0.0,0.0,0.0,0.0,0.0029489545,0.0,0.0,0.0,0.0,0.055802085,0.0,0.01848626,0.0,0.0,0.0,0.0,0.0,0.0,0.0,0.0,0.0,0.0027134859,0.0,0.0,0.0,0.0,0.0,0.0,0.0,0.026916407
Ġcm,0.0,0.00021738856,0.00015081764,0.00056543,0.00020724535,3.390351e-05,0.00021392193,0.005219107,0.0,0.0002906332,0.00054283574,0.011132627,0.00047563738,0.0028343417,0.0031563314,0.038801037,0.0001650471,0.00013727754,0.5010132,0.0010122757,0.0,0.00046652847,4.225586e-05,0.00021391643,0.0018227812,0.0,4.8296468e-05,0.0,0.0,0.00013156643,0.0,0.0,0.008511366,0.0,0.0016745614,0.0019763473,9.560404e-05,0.0,0.0,0.00015441507,0.0002061936,0.0,0.0009137059,0.00035360668,0.00013455536,0.000111850386,0.00021782726,5.812387e-05,0.0003002595,8.950617e-05,7.767055e-05,1.6562204e-05,0.0,2.6081014e-05,0.009062224,0.0004382483,8.2980834e-05,8.3421364e-05,0.00028209513,0.0,0.0040249173,0.00017402582,0.00061298755,0.00023926405,2.8134891e-05,0.000102366175,7.0318885e-05,0.00010427601,0.00090069824,0.014455931,0.0,0.0058096857,0.0,0.0016974366,0.003256597,0.00030963394,0.004025902,0.0068694605,0.0016691284,0.000112322865,0.001758559,0.0014237361,0.00021360249,0.0133327795,0.056763522,0.0,0.0005443454,0.0072709355,0.0,0.012069651,0.0,0.0019700807,0.0,0.005845588,0.0,0.008212515,0.00010105978,0.001594118,0.042998277,0.10314522
Ġby,0.0,0.00041864347,0.00026418446,0.0014617011,0.00036699692,0.0030240207,0.0,0.00015020097,0.0,2.5077628e-05,2.658608e-05,0.0,5.0109244e-05,0.0,0.0,0.0,0.0001495626,0.000283304,0.0,0.43751517,0.0,0.00069547206,8.0712605e-05,0.00043588364,0.0010562402,0.0,0.0005371225,0.0,0.0,3.4210043e-05,0.0,0.0,0.0,0.0,0.0008873393,0.0,1.6046435e-05,0.0,0.0,0.0001562807,0.0005501931,0.0,0.00030737757,0.000771269,9.224493e-05,0.005998269,0.0001460438,0.0024768477,0.001829517,0.00076664216,0.0013233105,4.570572e-05,0.0,0.0072838357,0.0,0.00045650377,0.0002999143,0.0005292558,0.0004510094,0.0,0.03521144,0.00017396321,0.0005557903,0.0023835564,0.00323146,0.00043916574,0.001906736,0.0004425173,0.00057115895,0.009427904,0.0,0.0008858021,0.0,0.01625643,0.0007216739,0.000838777,0.15852095,0.01099228,0.0016666674,0.0016268493,0.0020716814,0.00088552554,2.5564732e-05,0.0003113026,0.0,0.0,0.0033975653,0.0062046014,0.0,0.0,0.0,0.0018932694,0.0,0.0,0.0,0.0,0.00032810788,0.0036097271,0.0,0.25060222
Ġa,0.0,6.7834415e-05,0.00014223852,0.0002981813,9.8562865e-05,0.001650671,0.00024335663,0.00010769635,0.017339874,0.0019088825,0.00014944217,0.0032612295,0.00018560213,0.0032371576,0.0019504433,0.0046084537,0.0005539122,5.9717462e-05,0.00083520485,0.0017608859,0.4843915,0.001997689,0.00017075834,8.032032e-05,0.0007255981,0.0,0.0005477752,0.0,0.0033453864,0.0003826637,0.0,0.0019541343,0.0021062407,0.006752214,0.00042799796,0.0034189797,5.5829147e-05,0.01488421,0.0771727,0.001155487,0.00047697584,0.0,0.00013816751,0.000967132,0.00026892588,0.0006105084,0.0003177018,0.00025395938,0.0015399663,0.0018174774,0.00037481042,9.74661e-06,0.0031421843,0.0003831726,0.0024680393,0.00049582694,0.00012846297,0.0014782506,0.00039738984,0.0034304191,0.0008163975,0.00061939994,0.001947032,0.0008313502,0.0012329145,2.476957e-05,0.0016351698,0.0001974211,0.00050295016,0.001788476,0.0,0.0045716264,0.0,0.0002285834,0.0014486766,0.0058019035,0.011664247,0.0025318011,0.0022751328,0.0009710186,0.0009960656,0.0024158778,0.0010151552,0.010889781,0.0051993295,0.049430825,0.001118513,0.00046762472,0.0,0.004500104,0.012446454,0.0006586426,0.0,0.021128407,0.010437458,0.0030649672,0.002121729,0.0025479186,0.0021945105,0.007388815
Ġin,0.0,0.00018749341,0.0022555941,0.0014268707,0.0017970263,0.00059050426,0.0,0.0042579253,0.0,0.0014650566,0.00047522387,0.0,0.0011571539,0.0,0.0,0.0,0.0035961096,0.001083015,0.0,0.0,0.0,0.4558268,0.0015216302,0.0017772559,0.008216024,0.0,0.0010416465,0.0,0.0,0.0032100535,0.0,0.0,0.0,0.0,0.0023060404,0.0,0.00024291687,0.0,0.0,0.005264861,0.0023371405,0.0,0.00020440294,0.0054283845,0.0005082451,0.014232167,0.00023325045,0.002143411,0.009985676,0.0008890255,0.0023504444,7.151369e-05,0.0,0.0019382321,0.0,0.013455592,0.0013704301,0.0038612464,0.0021101744,0.0,0.0,0.0010517343,0.0,0.055214304,0.0005977957,0.0033711132,0.0010939457,0.0010822964,0.004517355,0.0,0.0,0.07309613,0.0,0.0,0.00094066875,0.004150439,0.0,0.0,0.008405398,0.003304832,0.008201358,0.0014432883,0.00095312775,0.11813644,0.0,0.0,0.007040384,0.0,0.0,0.0,0.0,0.0010236745,0.0,0.0,0.0,0.0,0.0014877156,0.010065384,0.0,0.06934139
Ġa,0.0,0.003520071,0.0018746643,0.0,0.0008855464,0.02469012,0.0,0.0,0.0,0.030329486,0.0023227055,0.0,0.0,0.0,0.0,0.0,0.024349857,0.0014157807,0.0,0.0,0.0,0.0,0.40421525,0.00076909247,0.0,0.0,0.0036383502,0.0,0.0,0.0028232606,0.0,0.0,0.0,0.0,0.0,0.0,0.0,0.0,0.0,0.0372869,0.0006682651,0.0,0.0017313677,0.0064308424,0.031241456,0.0,0.004757653,0.004699463,0.0,0.012698996,0.0028059743,0.0015505685,0.0,0.008466122,0.0,0.0,0.0061806543,0.047004137,0.000859083,0.0,0.0,0.00532664,0.0,0.0,0.024874674,0.0029840015,0.014115963,0.004405591,0.0,0.0,0.0,0.0,0.0,0.0,0.0024284876,0.047734078,0.0,0.0,0.0,0.0049519767,0.0,0.0028052868,0.023332275,0.0,0.0,0.0,0.0,0.0,0.0,0.0,0.0,0.008714091,0.0,0.0,0.0,0.0,0.008123192,0.0,0.0,0.05155331
Ġchronic,0.0,0.0,0.0,0.0,0.0,0.0,0.0,0.0,0.0,0.0,0.0,0.0,0.0,0.0,0.0,0.0,0.0,0.0,0.0,0.0,0.0,0.0,0.0,0.3510299,0.0,0.0,0.0,0.0,0.0,0.0,0.0,0.0,0.0,0.0,0.0,0.0,0.0,0.0,0.0,0.0,0.0,0.0,0.0,0.0,0.0,0.0,0.0,0.0013457563,0.0,0.0,0.0,0.0,0.0,0.0,0.0,0.0,0.006902436,0.0,0.22191663,0.0,0.0,0.0,0.0,0.0,0.0,0.017334132,0.0,0.0,0.0,0.0,0.0,0.0,0.0,0.0,0.0,0.0,0.0,0.0,0.0,0.0,0.0,0.0,0.0,0.0,0.0,0.0,0.0,0.0,0.0,0.0,0.0,0.0,0.0,0.0,0.0,0.0,0.0,0.0,0.0,0.39614305
Ġto,0.0,0.0013026051,0.0033059614,0.0,0.0085942065,0.0022553343,0.0,0.0,0.0,0.0072616977,0.005483165,0.0,0.012571276,0.0,0.0,0.0,0.0012224606,0.0008932402,0.0,0.0,0.0,0.0,0.0037142017,0.0054040523,0.5285346,0.0,0.0071697696,0.0,0.0,0.00287409,0.0,0.0,0.0,0.0,0.0,0.0,0.0034756332,0.0,0.0,0.0012140196,0.0016106277,0.0,0.0021477381,0.019874308,0.0010801716,0.0,0.00047963322,0.00028902653,0.0,0.0005437101,0.0051025855,0.00030282995,0.0,0.0037466062,0.0,0.0,0.002471519,0.0018393254,0.009640956,0.0,0.0,0.004504249,0.0,0.0,0.0013783007,0.00045260607,0.0014426865,0.0036186134,0.0,0.0,0.0,0.0,0.0,0.0,0.03721719,0.013574415,0.0,0.0,0.0,0.009440594,0.0,0.009291099,0.0011125028,0.0,0.0,0.0,0.0,0.0,0.0,0.0,0.0,0.021900658,0.0,0.0,0.0,0.0,0.0035782054,0.0,0.0,0.16341592
abstract,0.0005079512,0.0007324635,0.00015590587,0.00040421056,0.0032246383,0.0018633537,3.739779e-05,8.202603e-05,0.0003324644,0.0007206176,0.00036519926,4.141935e-05,0.00038664357,0.0008583889,0.00032029845,0.0004307921,0.00016138035,0.00017737725,0.00032766108,0.00018137041,5.318659e-05,0.00021248439,0.00011603412,0.0053710486,0.0023313412,0.7211226,0.00048187294,6.985368e-05,0.00017874167,0.00090443384,0.0008290873,0.00042141904,7.1211514e-05,0.0002662028,0.0008642015,0.0010913061,5.482951e-05,4.5492856e-05,0.00026762843,0.001047084,0.0026441854,0.00014192495,0.00075179676,0.0023732577,0.00092580414,0.0018909725,0.001495212,0.001911674,0.0006828281,0.0016883138,0.00042040346,1.6098062e-05,0.00012133049,0.003109598,0.00012560347,0.0011626646,0.005748054,0.0008692631,0.017243896,0.00049887504,0.0008460937,0.00082742254,0.00013370356,0.0022190246,0.0021233358,0.0040897313,0.002002017,0.0013582483,0.0011844671,0.00067371025,0.0020267062,0.0015599118,0.0013327581,0.0008936067,0.0044380194,0.004036678,0.0011639671,0.0003777792,0.0016496446,0.0018710908,0.0002951431,0.00094052195,0.0003294777,0.00046620172,0.00040888265,0.00026926765,0.002959992,0.00042953083,0.00087112864,0.0004264578,0.00034370268,0.0074378722,0.0015122327,0.0015693653,0.0019747484,0.0011389356,0.0012591386,0.00485278,0.00034212624,0.078069754
Ġstable,0.0,0.011615769,0.0,0.0,0.008299138,0.0,0.0,0.0,0.0,0.0,0.0,0.0,0.0,0.0,0.0,0.0,0.0,0.0,0.0,0.0,0.0,0.0,0.0,0.0025112526,0.0,0.0,0.3660569,0.0,0.0,0.0,0.0,0.0,0.0,0.0,0.0,0.0,0.0,0.0,0.0,0.0,0.0060855607,0.0,0.0040524118,0.0,0.0,0.0,0.0,0.0024264122,0.0,0.0,0.0,0.0,0.0,0.003845516,0.0,0.0,0.003290833,0.0,0.0030883134,0.0,0.0,0.0,0.0,0.0,0.0,0.006467887,0.0,0.0038029493,0.0,0.0,0.0,0.0,0.0,0.0,0.0057619507,0.0,0.0,0.0,0.0,0.28441507,0.0,0.023575237,0.0,0.0,0.0,0.0,0.0,0.0,0.0,0.0,0.0,0.0174423,0.0,0.0,0.0,0.0,0.0,0.0,0.0,0.2287006
ils,0.0,5.6342593e-05,0.00011699991,0.00023192787,2.5101883e-05,0.00020309379,0.00022115868,0.00037618063,0.006262375,0.00016760998,4.10612e-05,0.0013624568,0.00049158424,0.00086821214,0.0021263848,0.008695608,0.00071126985,0.0007357263,0.0025607925,0.000654269,0.0022328442,0.00030340347,0.00013889505,1.7236041e-05,0.0003858864,0.0,4.6682395e-05,0.32167464,0.0128782755,0.00019172161,0.0,0.001067792,0.0040904977,0.0019493683,0.00088407466,0.000582917,0.0001292385,0.0023152598,0.025476268,0.0001856445,6.647294e-05,0.0,7.198573e-05,0.0004522415,1.6239732e-05,0.00011994554,0.00046519586,0.00044655538,0.0014424756,0.0013497176,0.00023281662,2.1834532e-05,0.016334217,5.285744e-05,0.009875092,0.00034863927,0.00016062762,0.0001830884,6.4416236e-05,0.003238351,0.0017329437,0.0005570644,0.0011146034,0.00016076371,0.0002849924,4.1118958e-05,0.0021944297,6.705803e-05,0.00024331284,0.0058377516,0.0,0.0012144962,0.0,0.004216235,0.0005776134,0.00021376375,0.0061384332,0.0025318891,0.0017073887,0.00022861747,0.001250808,0.0011227103,0.00032863964,0.0034722292,0.022537172,0.0669363,0.00033289162,0.0090841185,0.1572326,0.006130182,0.04658745,0.00083622005,0.0,0.010335157,0.028461019,0.029738111,0.0012059681,0.0011878522,0.020327708,0.027313685
Ġc,0.0,0.000441393,3.009328e-05,0.002244294,0.00020058705,0.00030000744,0.00089365296,0.00019517433,0.0,0.00034088726,2.3649e-05,0.0004980136,0.00024390593,0.03201439,0.0005198456,0.0043910793,0.004751592,0.0003393642,0.0003260288,0.000903974,0.0,0.0010320159,0.0003330068,0.000114236085,0.0009920328,0.0,0.00019352467,0.0,0.3506755,3.415682e-05,0.0,0.0016056984,0.0018892984,0.013816868,0.006827806,0.0016444781,0.00011041899,0.0,0.0,0.00070568547,0.0005806399,0.0,0.00013617407,0.00016219044,0.0002287401,0.0049527483,0.0016700627,0.0008641185,0.0008464511,0.00037750002,0.00021842838,4.383017e-05,0.0,0.0009012062,0.0075672385,0.004621991,0.0005062601,0.0005291016,0.00028035796,0.0,0.00024225537,0.0008069032,0.0023909884,0.0068661594,0.00026598925,0.00046926548,0.0012939128,0.00017773536,0.0009577165,0.0015585471,0.0,0.006858168,0.0,0.0034628932,0.0002766836,0.00080622704,0.010306636,0.0065289666,0.015958777,0.0009956639,0.001845298,0.003026724,0.00089582073,0.0038537132,0.03538849,0.0,0.023741884,0.0027208219,0.0,0.02499951,0.0,0.0005818142,0.0,0.12787274,0.0,0.15602227,0.0015597158,0.035680383,0.020269567,0.0038695673
Ġsix,0.0,0.010837268,0.0062399735,0.0,0.0016818303,0.0,0.0,0.0,0.0,0.0,0.010346906,0.0,0.0,0.0,0.0,0.0,0.0,0.006095489,0.0,0.0,0.0,0.0,0.0,0.0010460104,0.0,0.0,0.007419034,0.0,0.0,0.4910032,0.0,0.0,0.0,0.0,0.0,0.0,0.0,0.0,0.0,0.0,0.0064385002,0.0,0.012966045,0.14938042,0.0,0.0,0.0,0.008836077,0.0,0.0,0.009218291,0.0056946557,0.0,0.011197573,0.0,0.0,0.0029449754,0.0,0.0010607737,0.0,0.0,0.0,0.0,0.0,0.0,0.00597164,0.0,0.014220781,0.0,0.0,0.0,0.0,0.0,0.0,0.0078452695,0.0,0.0,0.0,0.0,0.02486783,0.0,0.027139662,0.0,0.0,0.0,0.0,0.0,0.0,0.0,0.0,0.0,0.009971313,0.0,0.0,0.0,0.0,0.0,0.0,0.0,0.12418955
Ġc,0.0,0.000115731804,0.00015000487,0.00040100663,0.00022252771,0.0010621104,0.0005329804,0.00022054638,0.009012293,0.0003189995,7.900243e-05,0.00040307626,0.00081583386,0.0017838534,0.0009323536,0.0034032376,0.0010374988,0.0006128603,0.00095186173,0.0033725256,0.0022507426,0.0007850348,0.0003693975,0.00021141792,0.0022629548,0.0,0.00025982145,0.026074603,0.01177712,0.00038651028,0.3109276,0.00280811,0.0006865097,0.003798853,0.0007449264,0.0026893017,8.0008045e-05,0.0016422427,0.016204728,0.0008978889,0.0006745965,0.0,0.00015209474,0.0010507802,6.94986e-05,0.0009826284,0.000818624,0.0016773023,0.0023450425,0.0034776574,0.00085781486,3.133163e-05,0.0047357567,0.0007734951,0.0026296915,0.0018896644,0.0011378574,0.001360611,0.0009735168,0.0028004746,0.0039394284,0.0011605127,0.001471543,0.0011531684,0.0012184788,0.00031382247,0.003533142,0.0001936025,0.00049722753,0.0030209022,0.0,0.0035833465,0.0,0.0020962148,0.0026470376,0.0017627043,0.0249299,0.0015675381,0.0024943235,0.0012703169,0.00089247257,0.00392126,0.00037227164,0.0027840368,0.004392263,0.025884613,0.0020670113,0.0017315112,0.20287773,0.002463353,0.015203805,0.0010582018,0.0,0.014826765,0.03640971,0.02997519,0.0025685504,0.002310144,0.009492972,0.050639696
Ġin,0.0,0.0005864221,0.00023262158,0.00028992107,0.001391034,0.00049576955,0.00082702,0.0004887587,0.0,0.0028025622,7.792207e-05,0.0031424435,0.0015055216,0.011716074,0.017537853,0.0076085557,0.003121086,0.00014937735,0.0022174246,0.0018216065,0.0,0.030033266,0.0025092063,0.00052390044,0.014791433,0.0,0.00061317347,0.0,0.0,0.0010333577,0.0,0.5174755,0.0011887563,0.0,0.0002623675,0.023299394,0.00059423305,0.0,0.0,0.00547881,0.0019779047,0.0,0.0013930545,0.0006917887,0.00051678234,0.001571984,0.00016116539,0.0019954264,0.0012205604,0.0003452519,0.00032150978,3.365588e-05,0.0,0.001765363,0.00444336,0.0037127987,0.0010582206,0.0026204842,0.00087706826,0.0,0.0012390504,0.00074867246,0.0035950898,0.015882945,0.00031960115,0.00048066708,0.0007035025,0.001243212,0.0013789971,0.00041055412,0.0,0.021966238,0.0,0.0005686801,0.002303069,0.004600718,0.0040216637,0.0006986585,0.0038299742,0.0022912738,0.00071620685,0.00450274,0.0018884254,0.0056206044,0.007810465,0.0,0.003098332,0.00042227202,0.0,0.0012568443,0.0,0.001764784,0.0,0.018042896,0.0,0.005881929,0.0010623554,0.0009671131,0.002329589,0.056469787
Ġwas,0.0,0.00024782313,0.0006025148,0.0025177312,5.499112e-05,0.00032451123,0.0026125475,0.005441596,0.0,0.00047712593,0.00049954944,0.0,0.00055429584,0.0,0.0,0.0,0.0014864837,0.0022703921,0.0,0.0025034572,0.0,0.0014699085,0.0005646874,9.979861e-05,0.00023605203,0.0,0.00045538854,0.0,0.0,0.00021324538,0.0,0.0,0.40849492,0.0,0.006434797,0.0,0.0004704104,0.0,0.0,0.00211149,0.000108278924,0.0,0.00085380307,0.0005593469,0.00020080742,0.0010406967,0.0009188996,0.00010313126,0.019375186,0.0024932337,0.0010226411,0.00037447028,0.0,0.00013132299,0.0,0.00058358733,3.8867973e-05,0.0011118379,4.022607e-05,0.0,0.0013731068,0.0005377902,0.0077141523,0.00065496797,0.00043177474,0.00015313446,0.0006610631,0.00017688445,0.0005913732,0.015135097,0.0,0.0016374933,0.0,0.015391352,0.00044079724,0.000752003,0.0077453437,0.027867341,0.0036893513,0.00069166,0.011805746,0.0010380937,0.0008200548,0.017300457,0.0,0.0,0.0014186205,0.039367314,0.0,0.29353422,0.0,0.0005648059,0.0,0.0,0.0,0.0,0.00077813386,0.008610915,0.0,0.01695065
Ġa,0.0,0.00020170733,3.6558853e-05,0.00022762222,0.0002879354,0.00075980014,0.00034945874,0.0007111452,0.0,0.00077736063,1.5485455e-05,0.003318237,0.0005546976,0.018081093,0.0014450995,0.026520357,0.0033306712,5.6639878e-05,0.0020658758,0.0011644786,0.0,0.0037710962,0.0016212957,0.00013905087,0.00825639,0.0,0.00021661696,0.0,0.0,0.00024569128,0.0,0.1279495,0.0021240392,0.38744432,0.0006558615,0.00465993,0.00028548946,0.0,0.0,0.0021091143,0.0006994162,0.0,0.0011123419,0.00019642604,0.000854076,0.0023064902,0.00030526397,0.001758473,0.0029881655,0.00054551166,6.713079e-05,1.5549786e-05,0.0,0.00154665,0.019475844,0.004790736,0.0005607348,0.001248741,0.0003233918,0.0,0.0006282832,0.00082029775,0.0025781246,0.0071801515,0.00044847792,0.00019869019,0.0018928774,0.0004078791,0.0011999551,0.0007409352,0.0,0.005617588,0.0,0.0003858206,0.0010118907,0.002921351,0.0040866444,0.002916471,0.005959001,0.0010989843,0.002034316,0.0025472322,0.0015704047,0.0078745205,0.06927725,0.0,0.0038572515,0.00057048275,0.0,0.0069355518,0.0,0.00074246206,0.0,0.0761078,0.0,0.013624071,0.001999418,0.0038246033,0.007740669,0.0090140905
ĠCF,0.0,0.00055344246,0.00063641666,0.11741836,0.00077132764,0.0004977333,0.0,0.0,0.0,0.00053955836,0.000834173,0.0,0.0009637592,0.0,0.0,0.0,0.0034544677,0.0033980275,0.0,0.0,0.0,0.0,0.00036516023,0.00094221614,0.003675029,0.0,0.0021176161,0.0,0.0,0.00029363183,0.0,0.0,0.0,0.0,0.44909656,0.0,0.000336045,0.0,0.0,0.0002686817,0.0010693985,0.0,8.421283e-05,0.005158457,0.0005587815,0.0,0.0056376457,0.00036273894,0.0,0.0011149925,0.00550163,0.00065510784,0.0,0.0009953864,0.0,0.011373472,0.0011234825,0.001470843,0.0035818482,0.0,0.0,0.0038957708,0.0,0.012132087,0.0005492241,0.00052955875,0.0030734155,0.0007213048,0.0,0.0,0.0,0.0,0.0,0.0,0.0005627136,0.0023456174,0.0,0.0,0.0,0.0020170007,0.0,0.0014767195,0.00057497947,0.0,0.0,0.0,0.25860965,0.0,0.0,0.0,0.0,0.0031546475,0.0,0.0,0.0,0.0,0.005126457,0.0,0.0,0.028150294
Ġbetween,0.0,0.0015666299,0.0011004012,0.0032717811,0.002065217,0.0014374448,0.0014972587,0.00038236388,0.0,0.006812367,0.0008272291,0.0012045385,0.0027202978,0.0,0.006670004,0.0,0.0009904853,0.00062518526,0.0,0.0048171044,0.0,0.0131108025,0.00039619923,0.0025261142,0.005114419,0.0,0.0008294486,0.0,0.0,0.005597208,0.0,0.0,0.0017508558,0.0,0.0037169545,0.422927,0.00029380532,0.0,0.0,0.014370677,0.004226498,0.0,0.00041358045,0.003947579,0.0011539207,0.007801179,0.0024568718,0.0031385848,0.00060815905,0.005899246,0.0018965726,5.3166852e-05,0.0,0.0066881645,0.0,0.004406952,0.0011140436,0.007383726,0.005210492,0.0,0.0024819311,0.0037056198,0.002102809,0.07212906,0.0017707469,0.0030023837,0.0043157847,0.006201474,0.002951359,0.001093675,0.0,0.014116959,0.0,0.004073011,0.0011081764,0.005265962,0.010736467,0.0038959575,0.0018725909,0.00096101384,0.0010473679,0.0027564666,0.0021602684,0.0035801693,0.0,0.0,0.02224365,0.0012227064,0.0,0.0028804513,0.0,0.002763227,0.0,0.0,0.0,0.009677121,0.0034133943,0.006399285,0.007637169,0.09868124
Ġcontrol,0.0,0.00730215,0.0018867312,0.0,0.0015405132,0.006009696,0.0,0.0,0.0,0.022076258,0.003935249,0.0,0.0,0.0,0.0,0.0,0.009698192,0.0018637828,0.0,0.0,0.0,0.0,0.14779554,0.000967786,0.0,0.0,0.0024150263,0.0,0.0,0.0058526583,0.0,0.0,0.0,0.0,0.0,0.0,0.47107396,0.0,0.0,0.010346084,0.0005258633,0.0,0.0026292878,0.006133489,0.0101104705,0.0,0.0018007007,0.002620981,0.0,0.0028889033,0.00150359,0.0015828933,0.0,0.002343109,0.0,0.0,0.003818396,0.01007443,0.0009828755,0.0,0.0,0.00532408,0.0,0.0,0.0053321645,0.0051726694,0.009927103,0.004154888,0.0,0.0,0.0,0.0,0.0,0.0,0.004878217,0.013712811,0.0,0.0,0.0,0.0026552905,0.0,0.0029967877,0.016175024,0.0,0.0,0.0,0.0,0.0,0.0,0.0,0.0,0.008934345,0.0,0.0,0.0,0.0,0.0060156453,0.0,0.0,0.120953456
Ġa,0.0,0.00019678593,0.0004241959,0.00034686815,4.871834e-05,6.2245665e-05,7.030812e-05,5.1601495e-05,0.0,0.00043651226,0.0004664831,0.0017652811,0.0011170626,0.0024414745,0.0008046147,0.0026419412,8.3647334e-05,0.00014943526,0.0012506865,0.00029120626,0.0,0.0005856586,0.00015565207,1.9287954e-05,0.001863584,0.0,0.00021800879,0.0,0.013077423,0.0008073449,0.0,0.0010869163,0.0008720834,0.005687959,0.0005859681,0.0015345382,0.00015009397,0.48960546,0.0,0.0001265958,0.00060798816,0.0,0.00021648941,0.0027803413,2.5539332e-05,0.0008953473,0.00055079925,0.00034804334,0.00036623463,0.0007981742,0.0002804317,8.882555e-06,0.034007683,0.0007348127,0.0017397056,0.003075229,0.00040036626,8.5695196e-05,0.00025006168,0.13835159,0.0028322597,0.0023300422,0.001135115,0.0016811099,7.5881915e-05,9.5130235e-05,0.0010458372,0.000487035,0.00091151096,0.0065102037,0.0,0.0021968167,0.0,0.0005678913,0.0025858192,0.00035014687,0.0035404093,0.002670781,0.00088278326,0.0006489537,0.0003603858,0.0029048843,0.00015246385,0.0027936397,0.00914167,0.0,0.0023554428,0.0014278106,0.0,0.00087733375,0.07038051,0.0022363486,0.0,0.019792985,0.03383582,0.0143260425,0.0038829534,0.0028385506,0.0029100706,0.011272798
Ġbal,0.0,7.23422e-05,7.52684e-05,0.0004353495,2.9268274e-05,0.0006940882,0.0026743524,0.0006626561,0.025520403,8.0286714e-05,1.0994524e-05,0.0002427373,9.582907e-05,0.0013790999,0.00032830893,0.0071822656,0.00016110331,0.0010055685,0.0005055487,0.0034518344,0.0,0.00011563525,2.8701492e-05,4.1674248e-05,0.00026715192,0.0,0.00010336799,0.0,0.0038659556,3.6209392e-05,0.0,0.0003600446,0.008214366,0.0004120152,0.0015323419,0.0005268179,3.0234176e-05,0.0008966458,0.3608598,0.00052654446,8.738693e-05,0.0,0.00012808637,8.6321e-05,8.6832246e-05,0.0004302667,0.0005652829,0.00038285705,0.007969363,0.0057759155,0.000271047,2.2935717e-05,0.0058006565,6.1360086e-05,0.006961085,8.7440276e-05,5.9346854e-05,0.00055433455,0.00010578964,0.00035077697,0.00062557176,0.0002322699,0.00023155815,0.00035699664,0.0009399537,7.358577e-05,0.003787091,2.4595312e-05,0.0004114211,0.0026462788,0.0,0.0009683711,0.0,0.0016290094,0.00082426454,0.0007765549,0.01575547,0.0045929947,0.000866717,0.00015932346,0.0022115663,0.0015757214,6.6326895e-05,0.0013639932,0.020439634,0.33344775,0.0007390686,0.0022942042,0.0,0.015728472,0.01571428,0.00019280144,0.0,0.0064830435,0.020375464,0.003657851,0.00096644927,0.00380065,0.013413855,0.02749027
Ġthree,0.0,0.004114157,0.0026715863,0.0,0.0064282794,0.02010947,0.0,0.0,0.0,0.0,0.002837111,0.0,0.0,0.0,0.0,0.0,0.0,0.0020465346,0.0,0.0,0.0,0.0,0.0,0.008588381,0.0,0.0,0.007536777,0.0,0.0,0.0073004407,0.0,0.0,0.0,0.0,0.0,0.0,0.0,0.0,0.0,0.29717246,0.0009220026,0.0,0.008730794,0.008230811,0.023267813,0.0,0.0016349334,0.0007164982,0.0,0.008332222,0.012461782,0.00089325255,0.0,0.0076204487,0.0,0.0,0.00071577274,0.2104044,0.0037437472,0.0,0.0,0.0026638047,0.0,0.0,0.015263119,0.0010133088,0.009524722,0.0071120034,0.0,0.0,0.0,0.0,0.0,0.0,0.018740641,0.15752739,0.0,0.0,0.0,0.009686966,0.0,0.006387199,0.0,0.0,0.0,0.0,0.0,0.0,0.0,0.0,0.0,0.011704547,0.0,0.0,0.0,0.0,0.0030659444,0.0,0.0,0.074750505
Ġdisease,0.0,0.0,0.0,0.0,0.004637836,0.0,0.0,0.0,0.0,0.0,0.0,0.0,0.0,0.0,0.0,0.0,0.0,0.0,0.0,0.0,0.0,0.0,0.0,0.006258371,0.0,0.0,0.0,0.0,0.0,0.0,0.0,0.0,0.0,0.0,0.0,0.0,0.0,0.0,0.0,0.0,0.6496611,0.0,0.0,0.0,0.0,0.0,0.0,0.017607745,0.0,0.0,0.0,0.0,0.0,0.0,0.0,0.0,0.009558216,0.0,0.008526984,0.0,0.0,0.0,0.0,0.0,0.0,0.24551232,0.0,0.0,0.0,0.0,0.0,0.0,0.0,0.0,0.0,0.0,0.0,0.0,0.0,0.0,0.0,0.0,0.0,0.0,0.0,0.0,0.0,0.0,0.0,0.0,0.0,0.0,0.0,0.0,0.0,0.0,0.0,0.0,0.0,0.046912685
in,0.029598549,1.2535765e-05,5.2887484e-05,0.00041834632,7.0684466e-05,3.0204066e-05,9.273415e-05,0.0005227369,0.003488341,1.2423535e-05,1.2544734e-05,0.00066734216,6.986363e-05,0.00013132948,0.00013704802,0.0012152272,0.00045879578,0.00028567767,0.0009906375,0.00010720348,0.0010120029,0.00016656972,3.273465e-05,9.75976e-05,0.00061363983,0.0,0.00021818701,0.0073557817,0.0027121513,2.8209939e-05,0.0038214559,0.0015421263,0.0020594792,0.001136981,0.0017850437,0.00012822356,1.2700938e-05,0.0001961305,0.0023587411,3.2942346e-05,2.1218406e-05,0.3667758,4.8719077e-05,5.5268203e-05,4.133431e-06,0.00012378494,2.6098885e-05,0.00020776132,0.0028311128,9.561901e-05,0.00023254918,4.6307487e-05,0.005634358,1.7948421e-05,0.0006441936,0.0002748815,0.000121721576,7.773712e-05,0.0004506837,0.00020305105,4.8956605e-05,7.667949e-05,0.00022963111,5.8746078e-05,2.2022343e-05,9.97728e-06,0.00016758734,3.394367e-05,0.000102990845,0.00029499186,0.00503721,0.0013678394,0.008064827,2.452409e-05,0.0011890604,0.00028755347,0.00047939087,0.0002138567,0.00072586467,0.0011708043,0.0018156449,0.0013145277,5.1587806e-05,0.00278478,0.003426024,0.009404022,0.0004921203,0.00020052854,0.0024647068,0.0024962393,0.008744655,0.00018213071,0.33989635,0.0016027427,0.004711716,0.0017633467,0.00015546956,0.0017706037,0.017430998,0.0494732
illation,0.0,0.024838578,0.0,0.0,0.010800376,0.0,0.0,0.0,0.0,0.0,0.0,0.0,0.0,0.0,0.0,0.0,0.0,0.0,0.0,0.0,0.0,0.0,0.0,0.00874882,0.0,0.0,0.0,0.0,0.0,0.0,0.0,0.0,0.0,0.0,0.0,0.0,0.0,0.0,0.0,0.0,0.017284527,0.0,0.5176956,0.0,0.0,0.0,0.0,0.0013747709,0.0,0.0,0.0,0.0,0.0,0.016056186,0.0,0.0,0.007719945,0.0,0.014066269,0.0,0.0,0.0,0.0,0.0,0.0,0.007191619,0.0,0.026544806,0.0,0.0,0.0,0.0,0.0,0.0,0.0,0.0,0.0,0.0,0.0,0.0,0.0,0.0,0.0,0.0,0.0,0.0,0.0,0.0,0.0,0.0,0.0,0.17096244,0.0,0.0,0.0,0.0,0.0,0.0,0.0,0.105455026
Ġin,0.0,0.0051699947,0.015472158,0.0,0.0009139614,0.0,0.0,0.0,0.0,0.0,0.05858611,0.0,0.0,0.0,0.0,0.0,0.0,0.016317708,0.0,0.0,0.0,0.0,0.0,0.00069310295,0.0,0.0,0.009036236,0.0,0.0,0.0,0.0,0.0,0.0,0.0,0.0,0.0,0.0,0.0,0.0,0.0,0.007036904,0.0,0.009910102,0.3968962,0.0,0.0,0.0,0.0073188636,0.0,0.0,0.027887683,0.017598353,0.0,0.008903362,0.0,0.0,0.0022854551,0.0,0.0012240902,0.0,0.0,0.0,0.0,0.0,0.0,0.006495947,0.0,0.004365221,0.0,0.0,0.0,0.0,0.0,0.0,0.010485022,0.0,0.0,0.0,0.0,0.03244343,0.0,0.029925322,0.0,0.0,0.0,0.0,0.0,0.0,0.0,0.0,0.0,0.015488973,0.0,0.0,0.0,0.0,0.0,0.0,0.0,0.23468602
Ġcompared,0.0,0.006488283,0.0005129894,0.0,0.0021531521,0.051734306,0.0,0.0,0.0,0.0,0.0013235199,0.0,0.0,0.0,0.0,0.0,0.0,0.0007317025,0.0,0.0,0.0,0.0,0.0,0.002290135,0.0,0.0,0.0029243322,0.0,0.0,0.0016079863,0.0,0.0,0.0,0.0,0.0,0.0,0.0,0.0,0.0,0.0,0.0034188644,0.0,0.004194085,0.0046332753,0.5827038,0.0,0.032737274,0.0057597384,0.0,0.009928416,0.0025975502,0.0030656487,0.0,0.0023245253,0.0,0.0,0.003365648,0.0,0.0025404338,0.0,0.0,0.012619235,0.0,0.0,0.037583113,0.010280503,0.035378933,0.0014914215,0.0,0.0,0.0,0.0,0.0,0.0,0.002196389,0.0,0.0,0.0,0.0,0.00401398,0.0,0.0036825165,0.0,0.0,0.0,0.0,0.0,0.0,0.0,0.0,0.0,0.002735694,0.0,0.0,0.0,0.0,0.013866385,0.0,0.0,0.13487524
Ġand,0.0,0.00055367243,0.0008927086,0.025123736,0.0021282057,0.0010456805,0.0,0.0,0.0,0.0003323364,0.0005491573,0.0,0.0004949834,0.0,0.0,0.0,0.0005883243,0.0016974722,0.0,0.0,0.0,0.0,0.00072189677,0.0011010292,0.001887185,0.0,0.0011170121,0.0,0.0,0.0005446817,0.0,0.0,0.0,0.0,0.019195609,0.0,0.00032972495,0.0,0.0,0.0006810463,0.0005037592,0.0,0.00025632838,0.0030218738,0.0016214177,0.48402393,0.0012973915,0.0018821784,0.0,0.0016091164,0.0022770374,7.087561e-05,0.0,0.0023392434,0.0,0.0022361272,0.00095204083,0.0013801147,0.0014010064,0.0,0.0,0.001693115,0.0,0.0066027497,0.0010843566,0.0007404965,0.0041526663,0.00090758374,0.0,0.0,0.0,0.0,0.0,0.0,0.0006565204,0.0021103634,0.0,0.0,0.0,0.00087030046,0.0,0.0003638529,0.00014008033,0.0,0.0,0.0,0.06327176,0.0,0.0,0.0,0.0,0.0016000246,0.0,0.0,0.0,0.0,0.002877214,0.104145825,0.0,0.22538047
Ġobtained,0.0,0.0037133514,0.00062765647,0.0,0.00019903737,0.0,0.0,0.0,0.0,0.0,0.0009551489,0.0,0.0,0.0,0.0,0.0,0.0,0.0036959955,0.0,0.0,0.0,0.0,0.0,0.00046554836,0.0,0.0,0.0020846261,0.0,0.0,0.0030851453,0.0,0.0,0.0,0.0,0.0,0.0,0.0,0.0,0.0,0.0,0.014048419,0.0,0.0026547443,0.017421471,0.0,0.0,0.5485365,0.007294489,0.0,0.049118478,0.006245698,0.0032759167,0.0,0.0051728557,0.0,0.0,0.0186773,0.0,0.0021885002,0.0,0.0,0.07501824,0.0,0.0,0.0,0.021177318,0.0,0.0035760507,0.0,0.0,0.0,0.0,0.0,0.0,0.0076747457,0.0,0.0,0.0,0.0,0.016844358,0.0,0.039765663,0.0,0.0,0.0,0.0,0.0,0.0,0.0,0.0,0.0,0.0081130145,0.0,0.0,0.0,0.0,0.09976462,0.0,0.0,0.009377816
we,0.0,0.0,0.0,0.0,0.0,0.0,0.0,0.0,0.0,0.0,0.0,0.0,0.0,0.0,0.0,0.0,0.0,0.0,0.0,0.0,0.0,0.0,0.0,0.0,0.0,0.0,0.0,0.0,0.0,0.0,0.0,0.0,0.0,0.0,0.0,0.0,0.0,0.0,0.0,0.0,0.0,0.0,0.0,0.0,0.0,0.0,0.0,0.6931213,0.0,0.0,0.0,0.0,0.0,0.0,0.0,0.0,0.0,0.0,0.0,0.0,0.0,0.0,0.0,0.0,0.0,0.0,0.0,0.0,0.0,0.0,0.0,0.0,0.0,0.0,0.0,0.0,0.0,0.0,0.0,0.0,0.0,0.0,0.0,0.0,0.0,0.0,0.0,0.0,0.0,0.0,0.0,0.0,0.0,0.0,0.0,0.0,0.0,0.0,0.0,0.3068787
Ġwas,0.0,0.0004198612,0.00013595415,0.0027017184,0.00012921396,0.0017701428,0.0,0.0,0.0,3.226639e-05,7.6813434e-05,0.0,0.00040219392,0.0,0.0,0.0,0.0020124065,0.0028026926,0.0,0.0,0.0,0.0,0.00039268853,0.00043244832,0.0005306214,0.0,0.0014294966,0.0,0.0,8.668243e-05,0.0,0.0,0.0,0.0,0.006437236,0.0,0.00030749134,0.0,0.0,0.0005487455,0.0008918026,0.0,0.00069273595,0.00024095541,0.0013539048,0.0026997917,0.001718434,0.0027455837,0.55289835,0.014865581,0.00088554126,0.0015871786,0.0,0.00051703095,0.0,0.0015597452,0.0027002564,0.0009328936,0.00063124334,0.0,0.0,0.00058002205,0.0,0.0009619434,0.0024492643,0.0041761566,0.0036216548,0.00023664707,0.0036277494,0.0,0.0,0.0,0.0,0.0,0.0013542974,0.0013048543,0.0,0.0,0.018541891,0.0023029116,0.16113639,0.0014013201,0.00022813657,0.0,0.0,0.0,0.0029816972,0.0,0.0,0.0,0.0,0.0014431938,0.0,0.0,0.0,0.0,0.0009257291,0.01752458,0.0,0.14708367
Ġwas,0.0,0.010813888,0.00086278876,0.0,0.0001876891,0.0,0.0,0.0,0.0,0.0,0.0038698681,0.0,0.0,0.0,0.0,0.0,0.0,0.008182587,0.0,0.0,0.0,0.0,0.0,0.00033414332,0.0,0.0,0.006108163,0.0,0.0,0.00553523,0.0,0.0,0.0,0.0,0.0,0.0,0.0,0.0,0.0,0.0,0.0048828013,0.0,0.01268455,0.0069465647,0.0,0.0,0.0,0.011657344,0.0,0.49380904,0.0029739637,0.046614073,0.0,0.00531401,0.0,0.0,0.0024498247,0.0,0.00044136294,0.0,0.0,0.046307925,0.0,0.0,0.0,0.026133087,0.0,0.0018074828,0.0,0.0,0.0,0.0,0.0,0.0,0.003080305,0.0,0.0,0.0,0.0,0.005920887,0.0,0.013678362,0.0,0.0,0.0,0.0,0.0,0.0,0.0,0.0,0.0,0.005882752,0.0,0.0,0.0,0.0,0.056344055,0.0,0.0,0.18058069
Ġin,0.0,0.0031938828,0.0,0.0,0.0044874395,0.0,0.0,0.0,0.0,0.0,0.0,0.0,0.0,0.0,0.0,0.0,0.0,0.0,0.0,0.0,0.0,0.0,0.0,0.0024130265,0.0,0.0,0.06518922,0.0,0.0,0.0,0.0,0.0,0.0,0.0,0.0,0.0,0.0,0.0,0.0,0.0,0.001368999,0.0,0.003642252,0.0,0.0,0.0,0.0,0.0004873065,0.0,0.0,0.47332263,0.06731176,0.0,0.0018908734,0.0,0.0,0.0022883168,0.0,0.0034233348,0.0,0.0,0.0,0.0,0.0,0.0,0.0024030749,0.0,0.0032231763,0.0,0.0,0.0,0.0,0.0,0.0,0.022256711,0.0,0.0,0.0,0.0,0.04991358,0.0,0.015568957,0.0,0.0,0.0,0.0,0.0,0.0,0.0,0.0,0.0,0.015033284,0.0,0.0,0.0,0.0,0.0,0.0,0.0,0.24056922
Ġincrease,0.0,0.0039335857,0.0,0.0,0.002267521,0.0,0.0,0.0,0.0,0.0,0.0,0.0,0.0,0.0,0.0,0.0,0.0,0.0,0.0,0.0,0.0,0.0,0.0,0.0009421655,0.0,0.0,0.19507053,0.0,0.0,0.0,0.0,0.0,0.0,0.0,0.0,0.0,0.0,0.0,0.0,0.0,0.0047705364,0.0,0.005518025,0.0,0.0,0.0,0.0,0.0013933948,0.0,0.0,0.0,0.43379724,0.0,0.0016267396,0.0,0.0,0.0029373637,0.0,0.0014218957,0.0,0.0,0.0,0.0,0.0,0.0,0.0029997015,0.0,0.0026747119,0.0,0.0,0.0,0.0,0.0,0.0,0.0048664045,0.0,0.0,0.0,0.0,0.14717853,0.0,0.037848826,0.0,0.0,0.0,0.0,0.0,0.0,0.0,0.0,0.0,0.007896431,0.0,0.0,0.0,0.0,0.0,0.0,0.0,0.13320412
Ġwere,0.0,0.00013463698,0.00040457404,0.002648255,8.734912e-05,0.00013194181,0.0003495675,0.00042643945,0.0,0.00021673233,0.00040391038,0.0018466926,0.00057589565,0.0012263199,0.0009992651,0.0024955813,0.0004993691,0.0017759318,0.002397574,0.0004528526,0.0,0.0016381015,0.00011473698,7.116532e-05,0.00060339103,0.0,0.00036733676,0.0,0.0042458726,0.0007944359,0.0,0.0002624524,0.015590363,0.0008589871,0.010977518,0.00065047294,0.00011515426,0.0,0.0,0.0002484909,0.0005249972,0.0,0.00022184862,0.0022239164,5.4242308e-05,0.003329561,0.00044786793,0.00013916462,0.0025172797,0.00037523705,0.0011063409,0.00010037814,0.33630452,0.00031668798,0.004976913,0.0016926484,0.00033188736,0.00021028094,0.00012725311,0.0,0.0021352845,0.0006538673,0.0029960976,0.00032966316,0.000113761394,0.00013239973,0.00030278836,0.00026715593,0.0003986532,0.021097803,0.0,0.0013199857,0.0,0.0023141738,0.00076838315,0.00045651864,0.0021100866,0.0021110175,0.0013182466,0.00049146585,0.0020040516,0.001116091,0.00014790852,0.009131689,0.0049990015,0.0,0.0015464718,0.011130473,0.0,0.005214238,0.32009938,0.000982473,0.0,0.014626733,0.053862695,0.009011503,0.0016836368,0.025210053,0.015573317,0.009300479
Ġby,0.0,0.0,0.0,0.0,0.0035030865,0.0,0.0,0.0,0.0,0.0,0.0,0.0,0.0,0.0,0.0,0.0,0.0,0.0,0.0,0.0,0.0,0.0,0.0,0.0054690777,0.0,0.0,0.0,0.0,0.0,0.0,0.0,0.0,0.0,0.0,0.0,0.0,0.0,0.0,0.0,0.0,0.06283329,0.0,0.0,0.0,0.0,0.0,0.0,0.036842093,0.0,0.0,0.0,0.0,0.0,0.5306968,0.0,0.0,0.017790481,0.0,0.0073818546,0.0,0.0,0.0,0.0,0.0,0.0,0.051770944,0.0,0.0,0.0,0.0,0.0,0.0,0.0,0.0,0.0,0.0,0.0,0.0,0.0,0.0,0.0,0.0,0.0,0.0,0.0,0.0,0.0,0.0,0.0,0.0,0.0,0.0,0.0,0.0,0.0,0.0,0.0,0.0,0.0,0.2650684
Ġresistance,0.0,0.00013265632,0.00018631131,0.0038467813,2.7174683e-05,0.00014078096,0.00080789794,0.0013939124,0.0,4.064658e-05,0.00015012504,0.00092781114,0.0001525362,0.0132514015,0.00042295392,0.0,0.0003310139,0.0008680599,0.0,0.00094648945,0.0,0.0001221409,0.00010040907,1.6032742e-05,0.000280667,0.0,0.00015324564,0.0,0.0,7.582311e-05,0.0,0.0,0.008907086,0.0,0.009866688,0.0012880245,0.00013368833,0.0,0.0,0.00012120011,6.382072e-05,0.0,0.00021772351,0.00022490232,0.00012060469,0.002245333,0.0006028343,0.00019192314,0.006289981,0.0011842481,0.00020107493,9.386327e-05,0.0,0.00019787856,0.45033607,0.00035143373,3.5298905e-05,0.00018805463,2.2358487e-05,0.0,0.0017321755,0.00085731363,0.0004961355,0.0003799578,0.00015223402,8.20246e-05,0.0011766492,7.264399e-05,0.0014380129,0.009828277,0.0,0.00033219333,0.0,0.0125742005,0.00011391866,0.00013682604,0.0030233725,0.0056227036,0.0023383833,0.000102587874,0.0146907,0.00041231248,9.706306e-05,0.0007691354,0.0,0.0,0.0021903454,0.00783804,0.0,0.017995398,0.0,0.0008143244,0.0,0.0771378,0.0,0.010722637,0.0010637528,0.0068611098,0.08286983,0.061573826
Ġonly,0.0,0.0013855194,0.00013750723,0.0,0.00026403402,0.004535865,0.0,0.0,0.0,0.005801192,0.00020307401,0.0,0.0040122243,0.0,0.0,0.0,0.07161141,0.0012997779,0.0,0.0,0.0,0.0,0.0065698326,0.00027302903,0.011573254,0.0,0.001984457,0.0,0.0,0.0010834038,0.0,0.0,0.0,0.0,0.0,0.0,0.0045065843,0.0,0.0,0.0042107,0.0055069025,0.0,0.0018735847,0.005042459,0.005458334,0.0,0.038867254,0.0028855286,0.0,0.006779927,0.002115563,0.0016770768,0.0,0.004293607,0.0,0.4516183,0.0036373972,0.011914542,0.000926429,0.0,0.0,0.030515114,0.0,0.0,0.005217927,0.002514675,0.017691722,0.0013098978,0.0,0.0,0.0,0.0,0.0,0.0,0.0026717733,0.030552961,0.0,0.0,0.0,0.011713048,0.0,0.030857323,0.05115976,0.0,0.0,0.0,0.0,0.0,0.0,0.0,0.0,0.0013778026,0.0,0.0,0.0,0.0,0.04860711,0.0,0.0,0.0111066075
Ġdeveloped,0.0,0.0,0.0,0.0,0.0,0.0,0.0,0.0,0.0,0.0,0.0,0.0,0.0,0.0,0.0,0.0,0.0,0.0,0.0,0.0,0.0,0.0,0.0,0.0,0.0,0.0,0.0,0.0,0.0,0.0,0.0,0.0,0.0,0.0,0.0,0.0,0.0,0.0,0.0,0.0,0.0,0.0,0.0,0.0,0.0,0.0,0.0,0.007989623,0.0,0.0,0.0,0.0,0.0,0.0,0.0,0.0,0.6649633,0.0,0.0,0.0,0.0,0.0,0.0,0.0,0.0,0.0,0.0,0.0,0.0,0.0,0.0,0.0,0.0,0.0,0.0,0.0,0.0,0.0,0.0,0.0,0.0,0.0,0.0,0.0,0.0,0.0,0.0,0.0,0.0,0.0,0.0,0.0,0.0,0.0,0.0,0.0,0.0,0.0,0.0,0.3270471
Ġthe,0.0,0.00395395,0.0018783036,0.0,0.006270109,0.014184491,0.0,0.0,0.0,0.0,0.0038928837,0.0,0.0,0.0,0.0,0.0,0.0,0.0026540274,0.0,0.0,0.0,0.0,0.0,0.007572906,0.0,0.0,0.010192857,0.0,0.0,0.006167072,0.0,0.0,0.0,0.0,0.0,0.0,0.0,0.0,0.0,0.0,0.0019588792,0.0,0.00682467,0.013976496,0.048361696,0.0,0.0034355414,0.0018746518,0.0,0.009918202,0.018933889,0.0019510824,0.0,0.00681416,0.0,0.0,0.00086948037,0.4019126,0.005211818,0.0,0.0,0.004600209,0.0,0.0,0.011030989,0.002859836,0.016095018,0.0033152385,0.0,0.0,0.0,0.0,0.0,0.0,0.012681246,0.2099323,0.0,0.0,0.0,0.008317546,0.0,0.0049601877,0.0,0.0,0.0,0.0,0.0,0.0,0.0,0.0,0.0,0.0056477822,0.0,0.0,0.0,0.0,0.0059144464,0.0,0.0,0.104097545
Ġof,0.0,0.0,0.0,0.0,0.0,0.0,0.0,0.0,0.0,0.0,0.0,0.0,0.0,0.0,0.0,0.0,0.0,0.0,0.0,0.0,0.0,0.0,0.0,0.0,0.0,0.0,0.0,0.0,0.0,0.0,0.0,0.0,0.0,0.0,0.0,0.0,0.0,0.0,0.0,0.0,0.0,0.0,0.0,0.0,0.0,0.0,0.0,0.0009863534,0.0,0.0,0.0,0.0,0.0,0.0,0.0,0.0,0.01194401,0.0,0.53472215,0.0,0.0,0.0,0.0,0.0,0.0,0.036343772,0.0,0.0,0.0,0.0,0.0,0.0,0.0,0.0,0.0,0.0,0.0,0.0,0.0,0.0,0.0,0.0,0.0,0.0,0.0,0.0,0.0,0.0,0.0,0.0,0.0,0.0,0.0,0.0,0.0,0.0,0.0,0.0,0.0,0.40636733
Ġin,0.0,0.00089255965,0.0029344407,0.0005398673,0.00057570473,0.00017198344,0.00031915648,7.423713e-05,0.0,0.0031683696,0.002459909,0.0028136263,0.0017173153,0.010447198,0.012999411,0.001170635,0.0001491863,0.00043021436,0.0012393252,0.0008548086,0.0,0.0049732323,0.00061396434,0.00016717109,0.005903869,0.0,0.0006638645,0.0,0.0041936426,0.0024664043,0.0,0.010525436,0.0006699946,0.0063960054,0.00035464112,0.02780933,0.00064870535,0.0,0.0,0.0010400445,0.0022475012,0.0,0.0009026073,0.0056150006,0.00013706434,0.0016230553,0.00075541413,0.0006120115,0.00013622524,0.0011626277,0.0007822963,2.3607807e-05,0.0060712956,0.0014834336,0.00078698393,0.0040324056,0.0007176454,0.00060769345,0.0007911442,0.509515,0.0054065017,0.005740756,0.0021696182,0.01352219,0.00018718597,0.00058519165,0.0008972031,0.001212244,0.0019094761,0.0031931633,0.0,0.009134421,0.0,0.0014438397,0.0031634602,0.0014825144,0.0050085513,0.0022111803,0.0008860073,0.0010243527,0.00018360361,0.0043788953,0.00044308903,0.002075012,0.0024551747,0.0,0.004377822,0.0013415792,0.0,0.00075359293,0.010057484,0.0024896832,0.0,0.01129469,0.017941713,0.008907268,0.0050377734,0.0014283481,0.0014630958,0.07491794
Ġby,0.0,0.00035402013,0.0002886806,0.0003791217,0.00031613815,0.0010161101,0.0,0.000622866,0.0,3.7041827e-05,0.00013314871,0.0,0.0008759818,0.0,0.0,0.0,6.54007e-05,0.00027696253,0.0,0.0,0.0,0.0011902092,0.00020938204,0.00046631627,0.008305261,0.0,8.832459e-05,0.0,0.0,0.00018322175,0.0,0.0,0.0,0.0,0.0007424268,0.0,8.3642546e-05,0.0,0.0,0.00032717272,0.00066506705,0.0,0.0029006775,0.0025932984,0.00026456962,0.004785043,0.0003334084,0.0016179883,0.0016747569,0.0009085505,0.00044213454,1.6136666e-05,0.0,0.0055526434,0.0,0.0036825663,0.0011768664,0.0006316983,0.0012985456,0.0,0.48566556,0.0004901847,0.0009577414,0.0028374896,0.000659165,0.0026505413,0.0020479863,0.00034171884,0.0005661854,0.053407546,0.0,0.0024032767,0.0,0.007826932,0.004933024,0.0016116474,0.0,0.0,0.0020056376,0.0003531712,0.002074142,0.0004130644,1.4937774e-05,0.0016422201,0.0,0.0,0.0013474792,0.012862516,0.0,0.0,0.0,0.0034051419,0.0,0.0,0.0,0.0,0.0005537415,0.0048368466,0.0,0.3326323
Ġgroup,0.0,0.0063983165,0.0011556236,0.0,0.00018318229,0.0,0.0,0.0,0.0,0.0,0.006495835,0.0,0.0,0.0,0.0,0.0,0.0,0.0066892477,0.0,0.0,0.0,0.0,0.0,0.0001300809,0.0,0.0,0.00867687,0.0,0.0,0.016750306,0.0,0.0,0.0,0.0,0.0,0.0,0.0,0.0,0.0,0.0,0.010805261,0.0,0.013607373,0.026498739,0.0,0.0,0.0,0.006885779,0.0,0.0,0.0067353086,0.024463702,0.0,0.00914128,0.0,0.0,0.003565165,0.0,0.00044120854,0.0,0.0,0.26165923,0.0,0.0,0.0,0.011124619,0.0,0.003175793,0.0,0.0,0.0,0.0,0.0,0.0,0.0077594444,0.0,0.0,0.0,0.0,0.024090223,0.0,0.057244524,0.0,0.0,0.0,0.0,0.0,0.0,0.0,0.0,0.0,0.007904895,0.0,0.0,0.0,0.0,0.44562486,0.0,0.0,0.009801973
Ġb,0.0,0.00082996144,0.0017515726,0.0035114486,0.00073001586,0.0002980826,0.0,0.0055765207,0.0,0.0014529076,0.0018593906,0.0,0.0010644114,0.0,0.0,0.0,0.0043520206,0.0028340183,0.0,0.0,0.0,0.016770096,0.001278219,0.00043623528,0.004132135,0.0,0.0039341366,0.0,0.0,0.0008429422,0.0,0.0,0.0,0.0,0.008444089,0.0,0.00072563224,0.0,0.0,0.0018128068,0.0018917526,0.0,0.00061112904,0.004505454,0.00021207758,0.00860038,0.0011784739,0.00019915836,0.011913802,0.0007922886,0.006356533,0.00027698276,0.0,0.0009402422,0.0,0.017411156,0.0006639841,0.002004566,0.0009156022,0.0,0.0,0.0071498654,0.4257284,0.009408206,0.00024318605,0.0012404287,0.0013205718,0.0012479097,0.010159428,0.0,0.0,0.03704276,0.0,0.0,0.0034165315,0.0035801579,0.0,0.0,0.056780692,0.0077213356,0.044961475,0.004768668,0.0010217451,0.13678725,0.0,0.0,0.01899337,0.0,0.0,0.0,0.0,0.0052528465,0.0,0.0,0.0,0.0,0.0069578695,0.0406851,0.0,0.018642882
Ġin,0.0,0.0071297167,0.0050995327,0.0,0.0015056503,0.004810678,0.0,0.0,0.0,0.0057835416,0.0013063545,0.0,0.00473286,0.0,0.0,0.0,0.010554049,0.003145471,0.0,0.0,0.0,0.0,0.0075634476,0.002257385,0.009298488,0.0,0.0020092106,0.0,0.0,0.0011672389,0.0,0.0,0.0,0.0,0.0,0.0,0.0046256133,0.0,0.0,0.0079304995,0.0036458846,0.0,0.00052675494,0.0057364986,0.014897896,0.0,0.032182485,0.007631942,0.0,0.015628418,0.004194915,0.00064684846,0.0,0.006392704,0.0,0.023992842,0.0070225485,0.010376462,0.005492756,0.0,0.0,0.018283114,0.0,0.41097984,0.009215113,0.011426364,0.01757084,0.005887132,0.0,0.0,0.0,0.0,0.0,0.0,0.0012795734,0.020101512,0.0,0.0,0.0,0.0065571065,0.0,0.008020117,0.0047423095,0.0,0.0,0.0,0.0,0.0,0.0,0.0,0.0,0.0045025926,0.0,0.0,0.0,0.0,0.012445735,0.0,0.0,0.12605518
Ġwere,0.0,0.013477703,0.00060294004,0.0,0.0010829472,0.0,0.0,0.0,0.0,0.0,0.0008164157,0.0,0.0,0.0,0.0,0.0,0.0,0.0013006706,0.0,0.0,0.0,0.0,0.0,0.0020807781,0.0,0.0,0.0018094847,0.0,0.0,0.0015685037,0.0,0.0,0.0,0.0,0.0,0.0,0.0,0.0,0.0,0.0,0.0017715794,0.0,0.0039231875,0.0016181619,0.0,0.0,0.010599781,0.009996792,0.0,0.04983488,0.00071205583,0.0022772283,0.0,0.0055061704,0.0,0.0,0.0021075637,0.0,0.0007346701,0.0,0.0,0.0029698776,0.0,0.0,0.4898289,0.00852966,0.06408741,0.0030836666,0.0,0.0,0.0,0.0,0.0,0.0,0.0019713286,0.0,0.0,0.0,0.0,0.0046151625,0.0,0.0038590631,0.0,0.0,0.0,0.0,0.0,0.0,0.0,0.0,0.0,0.004871316,0.0,0.0,0.0,0.0,0.005662618,0.0,0.0,0.28602704
Ġmodel,0.0,0.0,0.0,0.0,0.0,0.0,0.0,0.0,0.0,0.0,0.0,0.0,0.0,0.0,0.0,0.0,0.0,0.0,0.0,0.0,0.0,0.0,0.0,0.0,0.0,0.0,0.0,0.0,0.0,0.0,0.0,0.0,0.0,0.0,0.0,0.0,0.0,0.0,0.0,0.0,0.0,0.0,0.0,0.0,0.0,0.0,0.0,0.015701683,0.0,0.0,0.0,0.0,0.0,0.0,0.0,0.0,0.04249969,0.0,0.0,0.0,0.0,0.0,0.0,0.0,0.0,0.6435951,0.0,0.0,0.0,0.0,0.0,0.0,0.0,0.0,0.0,0.0,0.0,0.0,0.0,0.0,0.0,0.0,0.0,0.0,0.0,0.0,0.0,0.0,0.0,0.0,0.0,0.0,0.0,0.0,0.0,0.0,0.0,0.0,0.0,0.20410076
Ġthey,0.0,0.026176555,0.0010268101,0.0,0.002875424,0.0,0.0,0.0,0.0,0.0,0.00089537504,0.0,0.0,0.0,0.0,0.0,0.0,0.007666109,0.0,0.0,0.0,0.0,0.0,0.0036138752,0.0,0.0,0.0050213397,0.0,0.0,0.0037231166,0.0,0.0,0.0,0.0,0.0,0.0,0.0,0.0,0.0,0.0,0.003284586,0.0,0.0019706886,0.0042168405,0.0,0.0,0.024087137,0.022795632,0.0,0.031009689,0.0050658067,0.0052333986,0.0,0.004922307,0.0,0.0,0.001402039,0.0,0.0017194529,0.0,0.0,0.00785848,0.0,0.0,0.0,0.012274334,0.52782995,0.005412238,0.0,0.0,0.0,0.0,0.0,0.0,0.0016915712,0.0,0.0,0.0,0.0,0.013122923,0.0,0.006559435,0.0,0.0,0.0,0.0,0.0,0.0,0.0,0.0,0.0,0.005714334,0.0,0.0,0.0,0.0,0.019868169,0.0,0.0,0.22458394
Ġexposing,0.0,0.0,0.0,0.0,0.005369106,0.0,0.0,0.0,0.0,0.0,0.0,0.0,0.0,0.0,0.0,0.0,0.0,0.0,0.0,0.0,0.0,0.0,0.0,0.009540236,0.0,0.0,0.0,0.0,0.0,0.0,0.0,0.0,0.0,0.0,0.0,0.0,0.0,0.0,0.0,0.0,0.014251815,0.0,0.0,0.0,0.0,0.0,0.0,0.0075257127,0.0,0.0,0.0,0.0,0.0,0.022348844,0.0,0.0,0.04022021,0.0,0.017440896,0.0,0.0,0.0,0.0,0.0,0.0,0.007934286,0.0,0.52084196,0.0,0.0,0.0,0.0,0.0,0.0,0.0,0.0,0.0,0.0,0.0,0.0,0.0,0.0,0.0,0.0,0.0,0.0,0.0,0.0,0.0,0.0,0.0,0.0,0.0,0.0,0.0,0.0,0.0,0.0,0.0,0.32380807
age,0.0,0.00044877682,5.853257e-05,0.004789346,4.8883918e-05,0.00028129062,0.0,0.0,0.0,0.0002607962,0.00012585423,0.0,0.00032989142,0.0,0.0,0.0,0.0014922465,0.00043668307,0.0,0.0,0.0,0.0,0.00030133288,3.5349025e-05,0.0014323007,0.0,0.0005043449,0.0,0.0,0.00019108863,0.0,0.0,0.0,0.0,0.017041903,0.0,0.0006598002,0.0,0.0,0.00011367879,0.00025403308,0.0,0.00042112032,0.0006918432,0.0007661692,0.050502554,0.0077469954,0.0018431217,0.0,0.0040307203,0.00023527333,4.4267385e-05,0.0,0.00043644058,0.0,0.009256862,0.00093238294,0.0001689869,0.00019046631,0.0,0.0,0.005025936,0.0,0.005792053,0.00056392845,0.00020975097,0.0037458662,0.00056614075,0.54655427,0.0,0.0,0.0,0.0,0.0,0.0012265771,0.0009679834,0.0,0.0,0.0,0.0005332041,0.0,0.002329784,0.0017487032,0.0,0.0,0.0,0.034711637,0.0,0.0,0.0,0.0,0.0016293288,0.0,0.0,0.0,0.0,0.0045105927,0.18294652,0.0,0.025712758
RC,0.0,0.0001098508,0.00013106507,0.0004349795,2.7592465e-05,0.00021625077,0.0,0.0010911538,0.0,2.8384356e-05,0.00016243428,0.0,0.00013941641,0.0,0.0,0.0,0.000101360405,0.0005048387,0.0,0.0,0.0,0.00021020196,8.703398e-05,2.2772523e-05,0.00053810776,0.0,0.00016059837,0.0,0.0,6.215556e-05,0.0,0.0,0.0,0.0,0.001790111,0.0,9.536014e-05,0.0,0.0,4.1366562e-05,8.216482e-05,0.0,0.00015199147,0.0007519916,5.1660736e-05,0.00078571093,0.00040193324,0.00016462541,0.0049918876,0.00070928695,0.00025030455,5.5725446e-05,0.0,7.702729e-05,0.0,0.0010021369,4.9705053e-05,9.391558e-05,4.3456384e-05,0.0,0.0,0.0007971283,0.005400344,0.0002314353,0.0002687039,0.0001433241,0.0015486357,3.3031858e-05,0.0010806529,0.50441504,0.0,0.0010858482,0.0,0.085680105,0.00059932045,0.00018933727,0.0,0.0,0.005998477,0.00039779066,0.015306191,0.0003212885,3.7681242e-05,0.0041903923,0.0,0.0,0.0011688245,0.29493934,0.0,0.0,0.0,0.001120943,0.0,0.0,0.0,0.0,0.0012071868,0.008880634,0.0,0.026113287
Ġc,0.0,0.0004295574,0.0002808068,0.0014930145,0.00045324938,0.0011458857,0.0006534492,4.753205e-05,0.0048386725,0.0012298642,0.00018615407,0.00034278474,0.0005972351,0.005179297,0.0017669698,0.0020934686,0.0017296379,0.00063292956,0.0008778746,0.002373083,0.0010025298,0.0008529195,0.000861044,0.00040794563,0.0007537903,0.0,0.00023850921,0.008732591,0.0068983217,0.00041459335,0.0761125,0.0015809272,0.0016756208,0.0019782444,0.003124362,0.006905868,0.00019367135,0.0017507641,0.011017955,0.0023014357,0.0018372213,0.0,0.00022873464,0.0023868806,0.00019334425,0.005735122,0.0028677129,0.0015064171,0.00072197017,0.0034162377,0.0012738914,2.1360333e-05,0.0058441465,0.0028143683,0.0024352672,0.0026590566,0.00089271966,0.0037113954,0.0009847198,0.0044735456,0.0029031455,0.0025521172,0.0009123295,0.0022379344,0.0012420295,0.00051383546,0.0033748904,0.0005163776,0.00043669515,0.0037705388,0.27226466,0.002517537,0.0,0.0037653735,0.0009818667,0.0027144009,0.018589046,0.0034619062,0.003716386,0.0008766021,0.00047890577,0.0025630775,0.0013654482,0.00128176,0.0040854523,0.01581725,0.005755731,0.0019862067,0.14019339,0.009049425,0.017852277,0.0014254897,0.0,0.04070162,0.057264663,0.029192863,0.004550442,0.01512702,0.003890123,0.035330344
Ġin,0.0,0.0023169229,0.0014489623,0.004342,0.0030890005,0.0025964468,0.0,0.00399725,0.0,0.012726884,0.0044550956,0.0,0.011876865,0.0,0.0,0.0,0.005793451,0.00073638716,0.0,0.0,0.0,0.0,0.0043671997,0.004961423,0.0299647,0.0,0.004230825,0.0,0.0,0.0018467336,0.0,0.0,0.0,0.0,0.0044648508,0.0,0.0035136575,0.0,0.0,0.011337289,0.0016188193,0.0,0.0012317818,0.0063288705,0.003470709,0.0061702323,0.0009187339,0.002181973,0.008595146,0.0022599557,0.0047982377,0.0005184252,0.0,0.00166831,0.0,0.013424528,0.002150131,0.017420897,0.014650708,0.0,0.0,0.0017645806,0.0,0.03948472,0.0018607138,0.009054747,0.005880025,0.0016456454,0.0052101016,0.0,0.0,0.40678722,0.0,0.0,0.010971065,0.03363967,0.0,0.0,0.028831223,0.008923568,0.018915363,0.0030477166,0.004978225,0.0,0.0,0.0,0.032260098,0.0,0.0,0.0,0.0,0.0070807594,0.0,0.0,0.0,0.0,0.0013917562,0.015344829,0.0,0.07930513
Ġc,0.0,0.0010400952,5.0836978e-05,0.001166696,0.00012327595,0.00060163526,0.00032135812,8.760034e-05,0.00043157153,0.00036223265,4.3236098e-05,0.0005430216,0.00036174848,0.0032341222,0.00012786694,0.0020693466,0.0011579257,0.00032218898,0.00057944976,0.00043705807,0.0003284895,4.5107157e-05,0.00044882414,0.00011879993,0.00020580144,0.0,0.00043825095,0.0046605323,0.0020258036,0.00025170294,0.01956407,0.00025781005,0.0012423565,0.0018903115,0.0027403303,0.0005365578,0.00033271176,0.0004686195,0.004202299,0.0003339573,0.00095097296,0.0,0.0004405097,0.0005529405,7.918017e-05,0.00077780726,0.001317741,0.0027612767,0.0021016905,0.005355729,0.00035921516,5.4974906e-05,0.0013843894,0.0019941197,0.00586198,0.001859997,0.0008303303,0.0008488938,0.00052765716,0.00036129385,0.0006400787,0.003937963,0.0006307068,0.00040069333,0.00071248936,0.00034448033,0.0074620023,0.0009527658,0.0011441708,0.0024078703,0.07110048,0.00041093197,0.6028837,0.00096293224,0.0008424214,0.0006141243,0.0046010395,0.005678408,0.007209417,0.0012263425,0.0041188346,0.004416206,0.0018860787,0.0006509026,0.010265949,0.006820084,0.0020003587,0.0009532761,0.0211775,0.01265578,0.0055450588,0.0016424828,0.0,0.022901887,0.012558135,0.012480393,0.0071706646,0.006773176,0.0038033423,0.022902008
Ġtrapping,0.0,0.0005046984,0.0005654759,0.0017984082,0.00033535977,0.00026745803,0.0,0.0039487295,0.0,0.00010389803,0.00054648146,0.0,0.00024205282,0.0,0.0,0.0,0.00035824027,0.0039423625,0.0,0.0,0.0,0.00046808878,0.00035604645,0.00031677153,0.0009719628,0.0,0.00020006576,0.0,0.0,0.00031115283,0.0,0.0,0.0,0.0,0.006497756,0.0,0.000395192,0.0,0.0,0.0001879869,0.0005155588,0.0,0.0005082425,0.0011883908,0.00029316978,0.0053543365,0.003375719,0.0009102697,0.0022534356,0.0015786979,0.0003481901,0.00014847406,0.0,0.00019696912,0.0,0.0012539435,0.0015916574,0.000116966854,0.00025975908,0.0,0.0,0.0022328775,0.0045946566,0.0011349787,0.0006543397,0.001194427,0.0025849666,0.00026962618,0.009566439,0.0,0.0,0.0013429442,0.0,0.6967898,0.0006038612,0.00020035906,0.0,0.0,0.009363964,0.00040490358,0.012707881,0.0012702476,0.00017309542,0.004055339,0.0,0.0,0.0043982333,0.0,0.0,0.0,0.0,0.003573611,0.0,0.0,0.0,0.0,0.00202978,0.020825569,0.0,0.12712565
Ġof,0.0,0.0060432907,0.0,0.0,0.010946446,0.0,0.0,0.0,0.0,0.0,0.0,0.0,0.0,0.0,0.0,0.0,0.0,0.0,0.0,0.0,0.0,0.0,0.0,0.009143107,0.0,0.0,0.0,0.0,0.0,0.0,0.0,0.0,0.0,0.0,0.0,0.0,0.0,0.0,0.0,0.0,0.005690915,0.0,0.051269315,0.0,0.0,0.0,0.0,0.00051265367,0.0,0.0,0.0,0.0,0.0,0.011684214,0.0,0.0,0.0032212352,0.0,0.01879365,0.0,0.0,0.0,0.0,0.0,0.0,0.0015043729,0.0,0.017769504,0.0,0.0,0.0,0.0,0.0,0.0,0.4779105,0.0,0.0,0.0,0.0,0.0,0.0,0.0,0.0,0.0,0.0,0.0,0.0,0.0,0.0,0.0,0.0,0.078793034,0.0,0.0,0.0,0.0,0.0,0.0,0.0,0.27264327
Ġto,0.0,0.006895952,0.0021807626,0.0,0.0037191096,0.04244895,0.0,0.0,0.0,0.0,0.003705886,0.0,0.0,0.0,0.0,0.0,0.0,0.0012991625,0.0,0.0,0.0,0.0,0.0,0.0053656423,0.0,0.0,0.0042756507,0.0,0.0,0.006795275,0.0,0.0,0.0,0.0,0.0,0.0,0.0,0.0,0.0,0.0,0.0028042246,0.0,0.008674868,0.02099776,0.14774379,0.0,0.010318592,0.0052298787,0.0,0.012223131,0.009299725,0.0013695802,0.0,0.011454913,0.0,0.0,0.003716447,0.0,0.007637055,0.0,0.0,0.008263191,0.0,0.0,0.031779744,0.004527898,0.029482402,0.007319032,0.0,0.0,0.0,0.0,0.0,0.0,0.024940185,0.44486752,0.0,0.0,0.0,0.00801406,0.0,0.008093832,0.0,0.0,0.0,0.0,0.0,0.0,0.0,0.0,0.0,0.0153415045,0.0,0.0,0.0,0.0,0.008828692,0.0,0.0,0.06256419
Ġand,0.0,0.0005171694,0.00014657731,0.0077584325,0.0003284311,0.001362113,0.0,0.0003701362,0.0,0.0001238024,8.253147e-05,0.0,0.00014967739,0.0,0.0,0.0,0.00024650557,0.000580512,0.0,0.0,0.0,0.0004672497,6.3446096e-05,0.00029017022,0.0009093483,0.0,0.0014721655,0.0,0.0,6.368792e-05,0.0,0.0,0.0,0.0,0.0039510825,0.0,3.5832414e-05,0.0,0.0,0.00024118529,0.00028165625,0.0,0.00021475452,0.0011612815,0.0001276797,0.009473675,0.00047905673,0.0007382684,0.0042456547,0.0013105535,0.003446136,9.158981e-05,0.0,0.0016425949,0.0,0.00090196414,8.323464e-05,0.0008340441,0.00040577608,0.0,0.021883681,0.000519848,0.0013863606,0.002225106,0.0017553357,0.0002040781,0.003146779,0.0002936108,0.0039574574,0.052272778,0.0,0.0020226347,0.0,0.030223148,0.0014038119,0.0010138227,0.5815139,0.0375878,0.0085401675,0.0019468904,0.011739343,0.0011733114,0.000104337916,0.0008622869,0.0,0.0,0.017398806,0.012975408,0.0,0.0,0.0,0.0017683222,0.0,0.0,0.0,0.0,0.0007061183,0.010193955,0.0,0.13121538
ography,0.0,0.00010731243,5.9175396e-05,0.00026263722,3.7155572e-05,0.00037795634,0.0,0.00038719265,0.0,0.00013513939,4.278171e-05,0.0,7.067234e-05,0.0,0.0,0.0,9.218756e-05,0.00017747839,0.0,0.0,0.0,0.0003526739,3.8281385e-05,7.9464204e-05,0.00048625088,0.0,9.6951204e-05,0.0,0.0,2.7249942e-05,0.0,0.0,0.0,0.0,0.0015941415,0.0,3.6671114e-05,0.0,0.0,0.00025808928,0.00014853742,0.0,0.00022346516,0.00041773703,8.4611864e-05,0.00041538643,0.00084876193,0.0001524589,0.0021727993,0.0026144804,0.00020541057,1.980493e-05,0.0,0.00011121046,0.0,0.0013162873,2.654579e-05,0.00060533284,0.00013879065,0.0,0.010911188,0.0008580055,0.0048828786,0.0012552199,0.00049710716,0.00019061998,0.0021950712,4.508366e-05,0.0005771726,0.14010318,0.0,0.0015771048,0.0,0.038450092,0.00073244056,0.00071417284,0.0,0.59573865,0.0034851942,0.00027093466,0.0047694896,0.0006325372,0.0001792821,0.0062324777,0.0,0.0,0.0015710224,0.12554732,0.0,0.0,0.0,0.0003071814,0.0,0.0,0.0,0.0,0.001392458,0.013836099,0.0,0.0115237925
Ġanalyses,0.0,0.00068386795,2.9142977e-05,0.0042697974,8.406374e-05,0.0014620451,0.0,0.0,0.0,0.0004365325,7.541931e-05,0.0,0.0007516979,0.0,0.0,0.0,0.0049320012,0.00019155213,0.0,0.0,0.0,0.0,0.00047669455,0.00012986267,0.001899099,0.0,0.00082832394,0.0,0.0,0.00017495191,0.0,0.0,0.0,0.0,0.013620191,0.0,0.00042086947,0.0,0.0,0.00031138284,0.00053586706,0.0,0.00019155833,0.001178568,0.0013448871,0.02008247,0.008411648,0.0022955323,0.0,0.0044733738,0.00077857665,0.00011096954,0.0,0.0011229255,0.0,0.016664695,0.0025439097,0.001451675,0.0012463816,0.0,0.0,0.0033507214,0.0,0.007167883,0.0017900304,0.00064907566,0.0061319214,0.00087100413,0.056970578,0.0,0.0,0.0,0.0,0.0,0.0025289669,0.0070361816,0.0,0.0,0.5456425,0.0016072307,0.0,0.0022959514,0.0023283963,0.0,0.0,0.0,0.031044284,0.0,0.0,0.0,0.0,0.0036621594,0.0,0.0,0.0,0.0,0.003768056,0.17768526,0.0,0.02072416
Ġuntil,0.0,0.019648809,0.0,0.0,0.008932064,0.0,0.0,0.0,0.0,0.0,0.0,0.0,0.0,0.0,0.0,0.0,0.0,0.0,0.0,0.0,0.0,0.0,0.0,0.0036638158,0.0,0.0,0.0,0.0,0.0,0.0,0.0,0.0,0.0,0.0,0.0,0.0,0.0,0.0,0.0,0.0,0.0191847,0.0,0.0072189653,0.0,0.0,0.0,0.0,0.0057570804,0.0,0.0,0.0,0.0,0.0,0.008630734,0.0,0.0,0.008207936,0.0,0.0041926447,0.0,0.0,0.0,0.0,0.0,0.0,0.00784775,0.0,0.014198284,0.0,0.0,0.0,0.0,0.0,0.0,0.010835005,0.0,0.0,0.0,0.0,0.56327355,0.0,0.08527437,0.0,0.0,0.0,0.0,0.0,0.0,0.0,0.0,0.0,0.042219665,0.0,0.0,0.0,0.0,0.0,0.0,0.0,0.16388027
ĠRL,0.0,0.00071067666,0.00016254904,0.00594848,0.00020082352,0.0005036473,0.0,0.0,0.0,0.00012145786,0.00015245071,0.0,0.00060811837,0.0,0.0,0.0,0.004278204,0.0034777112,0.0,0.0,0.0,0.0,0.0004995102,0.00029337395,0.0021409143,0.0,0.006522432,0.0,0.0,9.748158e-05,0.0,0.0,0.0,0.0,0.016935075,0.0,0.0005819617,0.0,0.0,0.00043138236,0.00082769303,0.0,0.000873668,0.00082269154,0.00063910935,0.009136995,0.0022494406,0.0012844256,0.0,0.002820095,0.0049681053,0.002661275,0.0,0.0007172396,0.0,0.006115917,0.0012753895,0.0026248263,0.0014760686,0.0,0.0,0.0035273382,0.0,0.0033142662,0.00050414924,0.001150225,0.004884514,0.0004414232,0.013276451,0.0,0.0,0.0,0.0,0.0,0.0042222436,0.0034156216,0.0,0.0,0.17919612,0.007867329,0.5295304,0.0043484513,0.0004516087,0.0,0.0,0.0,0.025971664,0.0,0.0,0.0,0.0,0.0043439977,0.0,0.0,0.0,0.0,0.0032187828,0.05569681,0.0,0.042767484
Ġantigen,0.0,0.015557545,0.0,0.0,0.002048661,0.0,0.0,0.0,0.0,0.0,0.0,0.0,0.0,0.0,0.0,0.0,0.0,0.0,0.0,0.0,0.0,0.0,0.0,0.0017198831,0.0,0.0,0.0,0.0,0.0,0.0,0.0,0.0,0.0,0.0,0.0,0.0,0.0,0.0,0.0,0.0,0.029964775,0.0,0.092446916,0.0,0.0,0.0,0.0,0.0044101956,0.0,0.0,0.0,0.0,0.0,0.0089227045,0.0,0.0,0.008076355,0.0,0.002558784,0.0,0.0,0.0,0.0,0.0,0.0,0.009765994,0.0,0.011131161,0.0,0.0,0.0,0.0,0.0,0.0,0.058661256,0.0,0.0,0.0,0.0,0.0,0.0,0.66256994,0.0,0.0,0.0,0.0,0.0,0.0,0.0,0.0,0.0,0.026108824,0.0,0.0,0.0,0.0,0.0,0.0,0.0,0.038076013
Ġsheep,0.0,0.0049288883,0.00012366031,0.0,0.0004228539,0.013545269,0.0,0.0,0.0,0.108685724,0.00047995886,0.0,0.0,0.0,0.0,0.0,0.0,0.00029715986,0.0,0.0,0.0,0.0,0.0,0.00027985717,0.0,0.0,0.0007834325,0.0,0.0,0.0012146677,0.0,0.0,0.0,0.0,0.0,0.0,0.0,0.0,0.0,0.0405119,0.0020851553,0.0,0.0015391044,0.002273354,0.025872137,0.0,0.0065829474,0.0012605337,0.0,0.008055303,0.0008238409,0.00026421703,0.0,0.0019628268,0.0,0.0,0.00012757475,0.05345614,0.00019680141,0.0,0.0,0.0058203884,0.0,0.0,0.015167421,0.001299175,0.016825814,0.002038728,0.0,0.0,0.0,0.0,0.0,0.0,0.00076571864,0.04702041,0.0,0.0,0.0,0.0012810357,0.0,0.0044867145,0.59124327,0.0,0.0,0.0,0.0,0.0,0.0,0.0,0.0,0.0013304406,0.0,0.0,0.0,0.0,0.007691003,0.0,0.0,0.020599686
Ġa,0.0,0.0002392299,0.0009764631,0.0018615411,0.0004435066,0.00033775764,0.0,0.016158473,0.0,0.0007163566,0.0008448085,0.0,0.0008602792,0.0,0.0,0.0,0.005652674,0.002396574,0.0,0.0,0.0,0.0,0.00045486118,0.0009801012,0.0036358263,0.0,0.0010942022,0.0,0.0,0.0006517189,0.0,0.0,0.0,0.0,0.011735234,0.0,0.00021100735,0.0,0.0,0.0019935258,0.00072571804,0.0,0.00040704838,0.0024541514,0.00025814975,0.0055079455,0.0005302686,0.00028609787,0.020137578,0.00059297844,0.002097816,0.0001378375,0.0,0.00036877696,0.0,0.0068187616,0.00047061028,0.0016297991,0.0014237226,0.0,0.0,0.0007820523,0.0,0.004997653,0.00032855582,0.00085538946,0.0012393515,0.000540655,0.0062168064,0.0,0.0,0.09660368,0.0,0.0,0.0030636867,0.003073546,0.0,0.0,0.045395065,0.005100049,0.060544457,0.0037640547,0.000942563,0.56294477,0.0,0.0,0.006828211,0.0,0.0,0.0,0.0,0.0026445033,0.0,0.0,0.0,0.0,0.0011378484,0.057253256,0.0,0.009204691
Ġvolume,0.0,2.3227423e-05,1.3661235e-05,0.00011341857,1.7517026e-06,1.935755e-05,1.4429154e-05,0.0005314858,0.0,6.329492e-06,1.1405195e-05,0.00061767164,3.5429213e-05,0.006154784,0.00012835447,0.0,5.7612517e-05,4.164664e-05,0.0,4.1599324e-05,0.0,1.8625564e-05,1.6019076e-05,9.829366e-07,7.012128e-05,0.0,4.423875e-06,0.0,0.0,1.0060203e-05,0.0,0.0,0.0037918794,0.0,0.0007538155,0.00023502878,2.4371677e-05,0.0,0.0,1.3260637e-05,4.575007e-06,0.0,3.9711955e-05,1.9510193e-05,4.8916045e-05,0.00017182296,0.00026038376,0.00017962127,0.0020410952,0.0003103219,3.9593087e-06,3.2659702e-06,0.0,1.3989125e-05,0.23431346,0.000106822205,8.813597e-06,1.2673316e-05,2.946717e-06,0.0,0.000157943,0.00024550623,0.00011572638,9.225307e-05,2.421922e-05,1.6211457e-05,0.00077460275,1.076227e-05,0.00028628108,0.0020623181,0.0,0.00010301589,0.0,0.0012994504,2.197275e-05,1.9401317e-05,0.00037975633,0.004141518,0.0008285525,1.0671472e-05,0.0020828166,4.462803e-05,2.9181434e-05,0.00036339692,0.5892755,0.0,0.00037766463,0.00273253,0.0,0.009738923,0.0,9.794613e-05,0.0,0.04759683,0.0,0.0051054987,0.00026104823,0.0011988321,0.02245449,0.01419816
ages,0.0,3.34785e-05,6.130661e-05,0.0002740357,1.3644619e-05,0.00013218948,0.0007393501,0.00032976677,0.0,2.6954915e-05,8.9395735e-06,0.00027645958,8.878608e-05,0.0010206569,0.00017433976,0.007116414,9.625166e-05,0.00045049904,0.0006191731,0.0020938236,0.0,9.265686e-05,1.1809469e-05,1.3608077e-05,0.00032601238,0.0,7.025366e-05,0.0,0.0047377897,4.3555894e-05,0.0,0.0005339599,0.002543952,0.0006406563,0.001088733,0.00046271583,1.1317159e-05,0.0030560193,0.0,7.5552314e-05,5.0550545e-05,0.0,5.9291342e-05,0.00012812892,1.6714199e-05,0.0002715401,0.00037489456,0.0002444841,0.0037711316,0.0014223154,0.00033197305,1.4067519e-05,0.01436089,6.0042512e-05,0.010460242,0.00016298723,8.0574035e-05,0.00012563486,9.953883e-05,0.00085667,0.0013218999,0.00036604324,0.00031560395,0.00018513169,0.00015791706,2.360319e-05,0.0013107656,4.1818403e-05,0.0003006446,0.0037451722,0.0,0.00072769675,0.0,0.0010177817,0.0013225399,0.00034550825,0.0118809715,0.0030678941,0.0010588339,0.00012990399,0.0016869566,0.001078659,2.6430333e-05,0.0010849735,0.022728765,0.6875451,0.0005293932,0.0017036113,0.0,0.004088959,0.036317147,0.00038551952,0.0,0.013881496,0.018110584,0.0040323227,0.0008859896,0.0023741554,0.014005675,0.027986877
Ġof,0.0,0.003119594,0.0025594735,0.0,0.0031959114,0.00214097,0.0,0.0,0.0,0.0013993008,0.0041535227,0.0,0.0016133687,0.0,0.0,0.0,0.0017485832,0.005464505,0.0,0.0,0.0,0.0,0.00084454735,0.0031872154,0.003873261,0.0,0.011610572,0.0,0.0,0.00035492418,0.0,0.0,0.0,0.0,0.0,0.0,0.0011187166,0.0,0.0,0.0008090793,0.0010176786,0.0,0.0002082484,0.0065620574,0.0033432357,0.0,0.006642408,0.0011336326,0.0,0.0034790153,0.016821029,0.0018504368,0.0,0.0017697061,0.0,0.0048158574,0.0012425745,0.0037386462,0.005946589,0.0,0.0,0.0055731707,0.0,0.018913921,0.0026622768,0.0016164235,0.010850871,0.0013833448,0.0,0.0,0.0,0.0,0.0,0.0,0.0015706654,0.0055867694,0.0,0.0,0.0,0.007570918,0.0,0.0016769805,0.0006583008,0.0,0.0,0.0,0.58865565,0.0,0.0,0.0,0.0,0.0070401276,0.0,0.0,0.0,0.0,0.00497384,0.0,0.0,0.15742958
Ġvolume,0.0,0.00029948537,0.00040240827,0.00049994624,5.209638e-05,0.00022550412,0.0,0.0019795597,0.0,0.00014779805,0.00039831182,0.0,0.00019888877,0.0,0.0,0.0,0.00030819688,0.001166921,0.0,0.0,0.0,0.00042515594,0.00025544572,4.0545554e-05,0.001177899,0.0,0.00020311364,0.0,0.0,0.00015804407,0.0,0.0,0.0,0.0,0.0027705743,0.0,0.00036947243,0.0,0.0,0.00010789476,0.00018221441,0.0,0.0004209363,0.0011428962,0.00010230011,0.0010906592,0.0012374378,0.00019539919,0.0038810752,0.0010387534,0.00027455576,8.191755e-05,0.0,8.491571e-05,0.0,0.0016776107,0.00015660361,9.6424104e-05,5.4611955e-05,0.0,0.0,0.002237569,0.013719364,0.00078313786,0.00037578953,0.0002152004,0.0018937412,9.99533e-05,0.004219904,0.0,0.0,0.0019198768,0.0,0.16693622,0.0008063765,0.00025529313,0.0,0.0,0.010328246,0.00073755614,0.012815707,0.0012777646,0.00018207042,0.007830244,0.0,0.0,0.0019252232,0.6716771,0.0,0.0,0.0,0.0023826424,0.0,0.0,0.0,0.0,0.002610609,0.015130666,0.0,0.024810014
Ġc,0.0,0.0003066657,0.00014468754,0.0013776387,0.00015373412,0.0007483481,0.00064764643,0.00010978837,0.0051564486,0.00053344714,0.00010702403,0.0005866438,0.00031359485,0.0060972,0.001297595,0.0036809447,0.0014068681,0.00053169864,0.00025108387,0.0027710274,0.004770682,0.0006237988,0.00029912702,7.518155e-05,0.0005215134,0.0,0.00051397504,0.0,0.01008746,0.00022798416,0.0,0.0006666039,0.0014015804,0.0021643904,0.0012208286,0.0018321207,9.41183e-05,0.0020963724,0.022619892,0.0005468633,0.0008736276,0.0,0.00013909052,0.0008226962,0.0001130177,0.0031519444,0.0017263894,0.0017137413,0.0029604977,0.0031946814,0.0011460712,3.885958e-05,0.0025440205,0.0011186491,0.0036353434,0.0008729638,0.0006640557,0.00084881706,0.0003540185,0.0019621411,0.0015617958,0.0015919548,0.0013918959,0.0010825478,0.00090386235,0.00018967333,0.0025826884,0.00031486666,0.0018419904,0.0016812647,0.0,0.0029641013,0.0,0.0023625586,0.0011954166,0.0015454938,0.020491099,0.0018126463,0.009269188,0.0008684019,0.0013616465,0.005063154,0.0005432921,0.0016720202,0.00410081,0.03128906,0.0040838877,0.0008824517,0.53257644,0.0044016987,0.01053868,0.0012853196,0.0,0.03720688,0.05634048,0.022205057,0.0035730926,0.0044021606,0.004766241,0.048290517
Ġtechnique,0.0,0.000260247,6.886618e-05,0.001348247,2.3104798e-05,0.00024825722,0.0034256587,0.00021248835,0.0,0.0002469907,4.8515933e-05,0.0,7.3609895e-05,0.0,0.0,0.0,0.0006490725,0.00056636333,0.0,0.0067351568,0.0,0.00026485627,0.000119071265,1.5733402e-05,7.852534e-05,0.0,0.00023209803,0.0,0.0,3.0153024e-05,0.0,0.0,0.0,0.0,0.004172182,0.0,0.00010029245,0.0,0.0,0.00035800657,6.9265996e-05,0.0,0.00021750444,0.00041162214,5.679865e-05,0.0011036679,0.0008875124,0.00012301946,0.0047283713,0.0011476238,0.00063794246,8.1909326e-05,0.0,0.00018930067,0.0,0.00069707975,6.549538e-06,0.0008062057,1.584587e-05,0.0,0.0015697972,0.0007074608,0.0038531604,0.00048043163,0.00026539993,5.5117176e-05,0.0018194983,6.478677e-05,0.0005934743,0.03732924,0.0,0.0008291775,0.0,0.02602336,0.0001765557,0.00047545254,0.039517704,0.140343,0.011468147,0.00039239987,0.008676645,0.0007248071,0.00041984816,0.0032764906,0.0,0.0,0.001795646,0.03845799,0.0,0.5456552,0.0,0.000350612,0.0,0.0,0.0,0.0,0.0017139405,0.018825736,0.0,0.013088975
Ġcells,0.0,0.00011018629,0.0003556223,0.004433181,6.1535764e-05,4.2790387e-05,0.00038202,0.00013913267,0.0,6.598148e-05,0.0002831855,0.0013000807,0.00017513224,0.001047233,0.00075997954,0.002117445,0.00032355683,0.0014533518,0.000979578,0.00056539685,0.0,0.0007598795,4.4165845e-05,1.852459e-05,0.0003893903,0.0,0.00037942536,0.0,0.0050711734,0.00010556428,0.0,0.00012572155,0.007550764,0.0004092243,0.008602064,0.00032527593,4.7519832e-05,0.0,0.0,4.3984426e-05,0.00013500822,0.0,0.000102333965,0.0010979791,9.168396e-06,0.0031402402,0.00013170065,0.00012418127,0.0014066678,8.788915e-05,0.0014275957,8.952634e-05,0.0,0.00015351415,0.007708337,0.0005899664,7.1871145e-05,7.615739e-05,5.4085467e-05,0.0,0.0016634762,0.00033367405,0.0019528724,0.00015759724,2.9236111e-05,4.4304044e-05,0.00035351096,6.747846e-05,0.00029022776,0.028422028,0.0,0.0019124403,0.0,0.0034999787,0.00060674286,0.0001786831,0.0048264624,0.0018976391,0.0019015375,0.00052057183,0.002285092,0.00092328707,4.2006108e-05,0.0036229012,0.010279257,0.0,0.002922078,0.0098454235,0.0,0.008079423,0.503933,0.00095352926,0.0,0.024954703,0.14941186,0.012924741,0.000716921,0.015843963,0.023778846,0.025772877
Ġto,0.0,0.034806006,0.0,0.0,0.009388528,0.0,0.0,0.0,0.0,0.0,0.0,0.0,0.0,0.0,0.0,0.0,0.0,0.0,0.0,0.0,0.0,0.0,0.0,0.020686386,0.0,0.0,0.0,0.0,0.0,0.0,0.0,0.0,0.0,0.0,0.0,0.0,0.0,0.0,0.0,0.0,0.00721183,0.0,0.0,0.0,0.0,0.0,0.0,0.001167073,0.0,0.0,0.0,0.0,0.0,0.015487154,0.0,0.0,0.0063858153,0.0,0.034726933,0.0,0.0,0.0,0.0,0.0,0.0,0.004765703,0.0,0.026018046,0.0,0.0,0.0,0.0,0.0,0.0,0.0,0.0,0.0,0.0,0.0,0.0,0.0,0.0,0.0,0.0,0.0,0.0,0.0,0.0,0.0,0.0,0.0,0.5304817,0.0,0.0,0.0,0.0,0.0,0.0,0.0,0.2894767
Ġproteins,0.03979967,9.299711e-05,0.0001094746,0.00077676476,6.672814e-05,0.0001018982,0.00020701905,0.00056321995,0.003890489,3.561999e-05,4.141333e-05,0.0010676305,7.980474e-05,0.0014668974,0.00024886857,0.004654392,0.0006340174,0.00057921006,0.001784684,0.00022696832,0.00076107716,6.778737e-05,4.755457e-05,6.134208e-05,0.0006042381,0.0,0.00033569967,0.01598195,0.006041903,3.5050733e-05,0.0071062003,0.00092826324,0.0023569246,0.0011450285,0.0027265097,0.00020739807,5.0383558e-05,0.00048798523,0.006637568,3.3414497e-05,4.247571e-05,0.0,0.00016154598,0.000104577906,1.3774479e-05,0.00019242142,0.00020147061,0.00033197887,0.0023641924,0.00049545727,0.00030750717,0.00012003966,0.005072134,4.322483e-05,0.0020776056,0.00036554402,0.0002515842,5.802763e-05,0.00024870364,0.0006888048,0.00011733412,0.00044769584,0.00044676263,0.00015368704,0.000116126175,3.2121538e-05,0.00083065155,7.136779e-05,0.0005079437,0.0009935877,0.007498546,0.0013150513,0.018217366,0.0002538326,0.001338388,0.00022465707,0.0019329904,0.0012555186,0.002482932,0.00195911,0.0029556213,0.0031568503,0.00017951084,0.00133364,0.008270704,0.017647846,0.0015757616,0.0011835577,0.010490332,0.0060225017,0.01612089,0.0006716878,0.5415811,0.008929414,0.023566829,0.010998815,0.00058466883,0.003072151,0.020791508,0.037349746
Ġbut,0.0,0.00015316333,0.00010148137,0.0026152693,3.7952475e-05,0.0010036285,0.00035943152,0.00013843371,0.0,9.15643e-05,0.00022953235,0.002135064,0.0001287393,0.058797818,0.00047326402,0.0,0.00034708247,0.00030128934,0.0,0.0009015823,0.0,0.00019093213,8.718682e-05,1.0144504e-05,0.00040189215,0.0,0.00022249225,0.0,0.0,0.00015454064,0.0,0.0,0.0028663047,0.0,0.0042622066,0.003852331,2.925466e-05,0.0,0.0,9.437668e-05,8.318203e-05,0.0,7.368928e-05,0.0004468243,0.00019089355,0.004179196,0.00088417664,0.0010388045,0.0034170197,0.0020413473,0.000242729,0.000102651844,0.0,0.0004986901,0.0,0.0007045379,5.8088466e-05,0.00020130494,2.780356e-05,0.0,0.000956089,0.0017186606,0.001198856,0.000805045,0.0008950965,0.00012601986,0.006323453,6.080193e-05,0.0008253088,0.009634586,0.0,0.0005703759,0.0,0.006962149,7.33261e-05,0.0003626856,0.008010978,0.008488104,0.0030724332,0.0001981306,0.0037156541,0.00046957724,7.834256e-05,0.0008472357,0.0,0.0,0.0075672255,0.0034803527,0.0,0.02267653,0.0,0.0003287755,0.0,0.4688383,0.0,0.08016636,0.0038749105,0.0075151753,0.10731414,0.040680133
Ġbal,0.0,0.0003227375,0.00017588853,0.007859008,0.00040379813,0.00040315688,0.0020396044,0.00023719613,0.0,0.00012819137,0.00015304124,0.00027083728,8.961327e-05,0.0048554563,0.00039286457,0.0025594202,0.00035642556,0.00146525,0.00044919035,0.001844001,0.0,0.00052569987,0.00011955247,8.313443e-05,0.0005424407,0.0,0.00076190603,0.0,0.0062790695,4.9611637e-05,0.0,0.00010221067,0.0023224638,0.00047024892,0.004628271,0.00033226694,0.00015843265,0.0,0.0,0.00013714028,0.00033209496,0.0,0.00014357861,0.00026101145,0.00012106212,0.008951061,0.00018281142,0.0009636471,0.002021827,0.00031210974,0.0008704954,0.00015479355,0.0,0.00043320964,0.00963424,0.00049556996,0.00036249653,0.00014802092,8.255735e-05,0.0,0.0015350094,0.00033506684,0.0014402502,0.00068623986,0.00037290418,0.0005547892,0.00106446,6.901221e-05,0.0010340998,0.017547328,0.0,0.0014083843,0.0,0.032030843,0.00022409698,0.00021163866,0.010684102,0.0028696833,0.0018543104,0.00062251126,0.002415866,0.0008599294,8.508155e-05,0.0010715373,0.00774631,0.0,0.010396681,0.017627535,0.0,0.007498697,0.0,0.00048060605,0.0,0.021919195,0.6659367,0.01594791,0.0008067665,0.013795856,0.021183513,0.030695857
Ġc,0.0,0.0002833465,6.024399e-05,0.003495874,4.373783e-05,0.0010383563,0.00096333685,0.00041215494,0.0,0.00016358329,0.00016940634,0.0016642181,0.0006708463,0.0,0.0007112779,0.0,0.0011902573,0.00052614114,0.0,0.009555917,0.0,0.00034891075,0.00022426476,3.5423247e-05,0.001402716,0.0,0.0010421253,0.0,0.0,0.00013367753,0.0,0.0,0.003387185,0.0,0.0044466825,0.0,0.00012589822,0.0,0.0,0.00022168676,0.000104103194,0.0,0.00023469831,0.0010052072,0.0003769329,0.0035934139,0.0042119175,0.00074306596,0.008566097,0.0029321178,0.0011794285,0.0005680501,0.0,0.00033861582,0.0,0.0045162924,0.0002500738,0.0007544358,0.00014608768,0.0,0.0031940832,0.0016573215,0.0021874495,0.0034028853,0.0015413963,0.00040847395,0.0060799667,7.9381585e-05,0.0027816268,0.015837492,0.0,0.0033133863,0.0,0.009539064,0.0008365091,0.0022546137,0.12035092,0.015706398,0.022670258,0.0017221981,0.0122559015,0.0019783587,0.00028853014,0.0028344248,0.0,0.0,0.018450886,0.0070375293,0.0,0.050995193,0.0,0.0007413272,0.0,0.0,0.0,0.5597073,0.0033073032,0.018100366,0.0,0.021438746
Ġsheep,0.0,0.0064010685,0.0018921774,0.0,0.0006817054,0.0,0.0,0.0,0.0,0.0,0.005743897,0.0,0.0,0.0,0.0,0.0,0.0,0.01075754,0.0,0.0,0.0,0.0,0.0,0.00027019758,0.0,0.0,0.0099854,0.0,0.0,0.034635603,0.0,0.0,0.0,0.0,0.0,0.0,0.0,0.0,0.0,0.0,0.014933605,0.0,0.029713806,0.031795077,0.0,0.0,0.0,0.0049841637,0.0,0.0,0.0057309484,0.025114423,0.0,0.0054752957,0.0,0.0,0.0027622117,0.0,0.00037704618,0.0,0.0,0.0,0.0,0.0,0.0,0.011881542,0.0,0.0030174716,0.0,0.0,0.0,0.0,0.0,0.0,0.005332474,0.0,0.0,0.0,0.0,0.026526934,0.0,0.06953386,0.0,0.0,0.0,0.0,0.0,0.0,0.0,0.0,0.0,0.004870811,0.0,0.0,0.0,0.0,0.6066296,0.0,0.0,0.026500257
Ġtests,0.0,0.0003404788,0.00049170194,0.018171817,0.00043214488,0.0009623343,0.0,0.0,0.0,0.00024953054,0.00041643053,0.0,0.0004087421,0.0,0.0,0.0,0.0015567937,0.0012717849,0.0,0.0,0.0,0.0,0.00036356665,0.00045788338,0.0018793852,0.0,0.00048222305,0.0,0.0,0.0002592717,0.0,0.0,0.0,0.0,0.07438497,0.0,0.00013593037,0.0,0.0,0.00033866943,0.00063514005,0.0,6.7524474e-05,0.0029707893,0.00088810263,0.0,0.003972212,0.00094532524,0.0,0.0017404233,0.0012861389,9.474341e-05,0.0,0.0013601718,0.0,0.0061955615,0.001148441,0.0008337288,0.0009620695,0.0,0.0,0.0019457893,0.0,0.00996913,0.0013059666,0.0004824643,0.0051435772,0.00053760887,0.0,0.0,0.0,0.0,0.0,0.0,0.0003516514,0.001974642,0.0,0.0,0.0,0.0009736093,0.0,0.0007596862,0.00023481062,0.0,0.0,0.0,0.10003147,0.0,0.0,0.0,0.0,0.0015285373,0.0,0.0,0.0,0.0,0.0037576489,0.69131446,0.0,0.02858488
Ġresistance,0.0,1.743995e-05,5.920985e-05,0.0014574238,3.4909837e-05,0.0001895984,0.0016349246,0.0014020412,0.0,2.0598767e-05,2.5993233e-05,0.0014948134,0.00010386936,0.0,0.00038326607,0.0,0.0005435363,0.00087722274,0.0,0.003464395,0.0,0.00048221057,4.8169273e-05,4.8569073e-05,0.0012385863,0.0,0.00013794091,0.0,0.0,2.8096596e-05,0.0,0.0,0.005125266,0.0,0.0064779953,0.0,3.5381454e-05,0.0,0.0,6.690512e-05,2.8104423e-05,0.0,6.637744e-05,9.6088384e-05,6.065353e-05,0.0004975299,0.00029530906,0.00033207482,0.0030557525,0.0005989544,0.00017713128,0.00049462344,0.0,1.8428587e-05,0.0,0.0010826363,9.486644e-05,0.0001769967,7.89295e-05,0.0,0.00065785594,0.0002992569,0.0014976907,0.0009332998,0.00023933382,0.00012121575,0.0010638403,7.5937205e-06,0.0002695873,0.005943032,0.0,0.0015563313,0.0,0.007829033,0.000111660665,0.00021801185,0.011110603,0.010945302,0.0011882577,0.00036592296,0.0062911822,0.0006627535,0.00010725672,0.0039672083,0.0,0.0,0.0031067044,0.023603117,0.0,0.024753118,0.0,5.880087e-05,0.0,0.0,0.0,0.05859123,0.0005482781,0.0067204954,0.64264464,0.036209676
<|begin_of_text|>,0.0,0.0,0.0,0.0,0.0,0.0,0.0,0.0,0.0,0.0,0.0,0.0,0.0,0.0,0.0,0.0,0.0,0.0,0.0,0.0,0.0,0.0,0.0,0.0,0.0,0.0,0.0,0.0,0.0,0.0,0.0,0.0,0.0,0.0,0.0,0.0,0.0,0.0,0.0,0.0,0.0,0.0,0.0,0.0,0.0,0.0,0.0,0.0,0.0,0.0,0.0,0.0,0.0,0.0,0.0,0.0,0.0,0.0,0.0,0.0,0.0,0.0,0.0,0.0,0.0,0.0,0.0,0.0,0.0,0.0,0.0,0.0,0.0,0.0,0.0,0.0,0.0,0.0,0.0,0.0,0.0,0.0,0.0,0.0,0.0,0.0,0.0,0.0,0.0,0.0,0.0,0.0,0.0,0.0,0.0,0.0,0.0,0.0,0.0,1.0
