,nge,"),",Ob,Ġpat,Ġsuccessive,Ġsn,Ġsn,Ġair,Ġnights,Ġfemale,Ġand,or,ary,Ġasympt,or,Ġair,nea,Ġap,Ġcontributes,Ġreflex,al,oph,Ġthe,Ġap,Ġdevelopment,Ġsleep,Ġyr,Ġsleep,Ġthree,Ġobstruct,Ġpossibility,.,Ġotherwise,Ġthis,way,Ġcontributes,Ġone,Ġmaintenance,Ġmechanism,struct,Ġthe,Ġthe,Ġor,Ġovernight,Ġ+/-,Ġsleep,Ġduring,Ġon,Ġthe,"),",Ġloud,Ġpresence,Ġmale,omatic,ĠPrevious,Ġan,Ġwith,ency,ive,5,Ġ(,Ġupper,ĠWe,Ġof,Ġ+/-,way,mean,Ġsleep,Ġthat,Ġupper,Ġstudies,Ġage,Ġinvestigated,ive,Ġthat,Ġ(,ers,seven,Ġunderwent,Ġto,Ġsupport,ĠEight,Ġinterference,Ġreflex,.,Ġof,Ġmechanism,Ġfollowing,nea,.,Ġstudies,Ġto,Ġtopical,Ġin,Ġof,.,Ġanesthesia,39,ers,<|begin_of_text|>
nge,0.08055005,0.0,0.00012140342,0.0,0.0,0.0,0.0,0.0,0.0,0.0,0.0,0.0,0.08169088,0.0,0.0,0.0,0.0,0.0,0.0,0.0,0.0,0.077150255,0.0,0.008241199,0.0,0.0,0.0,0.0,0.0,0.0,0.0,0.0,0.0,0.0,0.0,0.0,0.0,0.0,0.0,0.0007925449,0.0,0.0,0.040055234,0.0,0.0,0.0,0.0,0.0,0.0,0.0,0.0,0.0,0.0,0.0,0.0,0.0,0.0,0.0,0.0,0.0,0.0,0.0,0.0,0.0,0.0,0.0,0.0,0.0031520433,0.0,0.0,0.0,0.0,0.0,0.004372016,0.0,0.0,0.0,0.0,0.0,0.0,0.0,0.0,0.0,0.0,0.0,0.0,0.0,0.062392797,0.013920698,0.0,0.0,0.0,0.19011612,0.0,0.0,0.0,0.0,0.0,0.0,0.43744478
"),",6.3766233e-06,0.09854164,3.0936146e-05,4.8254988e-06,0.0,6.342905e-05,9.2010574e-05,4.6607815e-06,0.0,0.0054060165,8.3642146e-05,0.00011863335,1.0274241e-05,8.250591e-05,2.841195e-05,2.2252316e-05,0.0013712393,2.699305e-05,0.00012603177,0.00035141138,0.00020420215,8.299412e-06,0.00029115196,2.9207076e-05,0.00038311354,0.00015492197,0.031246921,0.0,0.0,4.120068e-05,0.000120929355,0.0,0.00018065514,4.9471622e-05,0.00018365517,2.3835577e-05,0.00028697326,1.5886006e-05,0.002264977,3.0609455e-05,0.00034927807,0.00014587867,8.245262e-06,0.0,7.89056e-05,0.00012810504,0.00027604002,0.0,0.00013462741,0.087188646,0.00013149236,9.807696e-06,0.0010883331,0.0018438346,0.00029543063,3.9601608e-05,0.00020325303,0.0003658883,0.00014886499,0.0004383946,0.0016396645,1.3288808e-05,0.011807607,0.0005784704,0.00019377678,0.00028919644,0.0011603618,0.00018185841,0.0018392702,6.29896e-05,0.0009604915,0.006887227,0.00038338473,0.00012853727,0.0017417988,0.0030211676,0.0034845911,0.0027251826,0.0,0.000954356,0.00021477383,0.0021831451,0.00048681718,0.000382656,0.0031934641,0.00015395343,0.0006487448,0.0003433816,0.0029573182,0.00050479773,0.0,0.000155143,0.00023872752,0.0014414662,0.00020922635,0.0010321459,0.0019136954,0.0018025606,0.6846892,0.02383559
Ob,0.0,0.0,0.08926065,0.0,0.0,0.0,0.0,0.0,0.0,0.0,0.0,0.0,0.0,0.0,0.0,0.0,0.0,0.0,0.0,0.0,0.0,0.0,0.0,0.0,0.0,0.0,0.0,0.0,0.0,0.0,0.0,0.0,0.0,0.0,0.0,0.0,0.0,0.0,0.0,0.0,0.0,0.0,0.0,0.0,0.0,0.0,0.0,0.0,0.0,0.0,0.0,0.0,0.0,0.0,0.0,0.0,0.0,0.0,0.0,0.0,0.0,0.0,0.0,0.0,0.0,0.0,0.0,0.0,0.0,0.0,0.0,0.0,0.0,0.0,0.0,0.0,0.0,0.0,0.0,0.0,0.0,0.0,0.0,0.0,0.0,0.0,0.0,0.0,0.0,0.0,0.0,0.0,0.0,0.0,0.0,0.0,0.0,0.0,0.0,0.91073936
Ġpat,5.722651e-05,0.0,0.00025055345,0.17869665,0.0,0.00030433867,0.0,0.008441841,0.0,0.0,0.0,0.0,5.422563e-05,0.0,0.00042555813,0.0045515024,0.0,0.0,0.0,0.0,7.468037e-05,8.927222e-06,0.0,0.0002549503,0.0,0.0,0.0,0.0,0.0,0.0,0.0,0.0,0.0,0.0,0.11053846,0.0014057669,0.0,0.0054547675,0.0,0.00043382635,0.0,0.00017281485,6.5182335e-06,0.0,0.0,0.0,0.0,0.0,0.002504555,0.0,0.0005729441,0.0011342115,0.0,0.0,0.00043722327,7.9381156e-05,0.0,0.0,0.0,0.0,0.0,0.0042581754,0.0,0.0,0.0,0.00379168,0.0,0.0016424473,0.0026366278,0.00086990884,0.0004668153,0.0,0.0,0.0008635335,0.0,0.0,0.00024954972,0.0,0.0,0.0,0.00067172095,0.0,0.0,0.0045483,0.0,0.013123514,0.0033820588,0.000106904416,0.000790153,0.002060791,0.0,0.0022943898,5.623848e-05,0.00017723322,0.00094223063,0.0,0.0019581097,0.0,0.0,0.6392486
Ġsuccessive,7.164899e-05,0.0015928954,0.00017071265,6.917734e-05,0.19239703,0.00029233136,8.933936e-05,3.6695266e-05,0.0,0.00041026264,6.831059e-05,6.85065e-05,5.575837e-05,8.129982e-05,0.0007326637,4.633424e-05,0.0003301318,0.00010231746,9.3535906e-05,6.827965e-05,0.00024531942,3.1098763e-05,0.0004357895,0.000117402786,0.00033266423,0.0008266241,0.0010730511,0.009416601,0.17315824,0.00021800022,7.7717705e-06,0.0,0.00022466382,0.0003872938,0.00016955563,0.00012439222,8.885816e-05,0.00013373059,3.7932597e-05,0.0005963189,0.00033677006,0.0001420254,0.00012106928,0.01491893,0.00014348654,0.00027505355,0.006210297,0.066521585,0.00078742485,0.0005395236,0.00088446226,6.158349e-05,0.00035847086,0.0029785791,0.0019241822,0.00017122086,0.00043066908,0.00043129732,0.0004675143,0.0005959176,0.0010823447,0.00027326934,0.0011023219,0.003981887,0.0010081498,8.3059684e-05,0.0002785694,0.00041351252,0.00033466416,0.00017431963,0.00022329389,0.00047909698,0.0004750002,0.0002486396,0.00058207515,0.0014348184,0.0028885186,0.0006131085,0.023092477,0.0024381352,0.0002909303,0.0065482175,6.125284e-05,0.0002087551,0.009649607,0.0029441614,0.00018076252,0.0012381193,0.00186208,0.0026863262,0.026407018,0.0025592276,0.0004061798,0.0066122483,0.00097537413,0.004204739,0.005353922,0.0017087341,0.002648001,0.39815438
Ġsn,0.00070414407,0.0,0.0008364462,0.0,0.0,0.10980274,0.0,0.0,0.0,0.0,0.0,0.0,0.0014550644,0.0,0.0,0.0,0.0,0.0,0.0,0.0,0.0013271983,0.0017905185,0.0,0.00037649466,0.0,0.0,0.0,0.0,0.0,0.0,0.0,0.0,0.0,0.0,0.0,0.0,0.0,0.0,0.0,0.0008792829,0.0,0.0,0.00022318945,0.0,0.0,0.0,0.0,0.0,0.0,0.0,0.16644755,0.0,0.0,0.0,0.0,0.0,0.0,0.0,0.0,0.0,0.0,0.0,0.0,0.0,0.0,0.0,0.0,0.0030218086,0.0,0.0,0.0,0.0,0.0,0.0012851796,0.0,0.0,0.0,0.0,0.0,0.0,0.0,0.0,0.0,0.0,0.0,0.0,0.0,0.0010333235,0.0026633602,0.0,0.0,0.0,0.00052124384,0.017582119,0.0,0.0,0.004839555,0.0,0.0,0.6852108
Ġsn,0.00012131678,0.0,0.00012047881,1.1485928e-05,0.0,0.00035737807,0.11727536,4.021347e-05,0.0,0.0,0.0,0.0,0.00034420143,0.007099199,0.0001561141,0.0007351569,0.00035595286,0.0028023464,0.00015640544,3.8822833e-05,0.00019191048,0.0013977126,8.593104e-05,0.0004827584,0.00041962622,0.00033162383,0.0,0.0,0.0,0.0001415144,6.419723e-05,0.0,0.00220937,0.00015993866,2.87096e-05,0.0001631019,0.0,3.4414774e-05,0.00013286964,0.00014650341,2.5937681e-05,9.722555e-05,0.00046749515,0.0,0.0,0.0002848644,0.00021184814,0.0,7.60949e-05,0.0,0.0013026561,1.5282141e-05,0.0,0.0098046195,0.00018362662,0.00015761229,0.0008513204,0.00051455275,0.00032039103,0.0,0.0,1.092799e-05,0.0024026625,0.0010540833,0.0,0.00027298386,0.0,0.00050479244,0.00073095737,0.0010279279,4.2445175e-05,0.0,9.544356e-05,0.00030320045,0.00038572488,0.0,0.00010715096,0.0,0.0,0.00023896381,2.6118187e-05,0.0017261455,0.00037257496,0.00017936966,0.0008814582,3.4753364e-05,0.00010812522,0.00068419473,0.0006973879,0.00010655035,0.0,0.00048653036,0.00026335655,0.0012279899,0.00020677577,0.00069506466,0.0006240474,0.0,0.0,0.8345841
Ġair,0.00015305821,0.0,0.00077689916,0.0,0.0,0.00017965966,0.0,0.14764395,0.0,0.0,0.0,0.0,0.0001646618,0.0,0.00023288764,0.009349478,0.0,0.0,0.0,0.0,0.00043174814,0.00011483998,0.0,0.00050247443,0.0,0.0,0.0,0.0,0.0,0.0,0.0,0.0,0.0,0.0,0.0,0.00395364,0.0,0.022152174,0.0,0.0024633226,0.0,0.00012657301,0.00013256953,0.0,0.0,0.0,0.0,0.0,0.02224489,0.0,0.00091148814,0.0004292638,0.0,0.0,0.0015084695,0.0013019653,0.0,0.0,0.0,0.0,0.0,0.19087456,0.0,0.0,0.0,0.01068465,0.0,0.0011440393,0.003989569,0.011811554,0.00027145035,0.0,0.0,0.001045015,0.0,0.0,0.00033575346,0.0,0.0,0.0,0.0005870492,0.0,0.0,0.005295047,0.0,0.1895819,0.0016275307,0.0004108209,0.0010880206,0.0015089018,0.0,0.034886885,0.00097457337,0.00043864397,0.0034441436,0.0,0.0022094692,0.0,0.0,0.32301646
Ġnights,5.962995e-06,0.0065729967,1.9567055e-05,1.5235032e-05,0.0024500352,1.9431434e-05,6.005306e-06,1.1823734e-05,0.17886758,0.00017775201,2.2124798e-06,7.855211e-06,3.1691466e-06,8.354392e-06,4.5590143e-05,8.750936e-06,0.00039036566,1.5677952e-05,5.8142705e-05,0.00022879096,7.7631434e-05,1.946225e-06,8.986376e-05,1.1335716e-05,0.00016702793,0.0006955344,0.0016350625,0.012728295,0.010558178,2.1295877e-05,1.4446664e-05,0.0,1.2131664e-05,5.5826844e-05,0.00016432052,6.975029e-05,1.5690164e-06,8.104327e-05,0.0003366703,2.76213e-05,0.000109346605,5.9883358e-05,8.5659785e-06,0.017793199,3.695417e-06,2.7375523e-05,0.00046392137,0.023032535,0.0002570233,0.0015740783,9.039202e-05,3.1080555e-05,2.8258772e-05,0.00015764979,0.00012480083,3.4485132e-05,8.4250685e-05,0.0016710688,2.2528566e-05,1.50736e-05,9.311464e-05,1.4255987e-05,0.0021569256,0.00026723693,5.3777163e-05,5.9517886e-05,2.5227093e-05,5.412183e-05,0.00088877016,6.064355e-06,0.0004083098,0.00023649228,0.00019782748,1.5588215e-05,0.00025100887,0.0001602777,0.0041189683,2.3605839e-05,0.03129618,0.0003066336,0.0002442855,0.00046650882,0.00019397322,0.0003564799,0.0021688035,0.00026171718,0.0014793235,9.099834e-05,0.0030987596,0.00067165546,0.57734716,0.00035633458,5.988935e-05,0.00071890355,0.00019054225,0.0012327355,0.008907741,6.144e-05,0.014492996,0.0855436
Ġfemale,0.00011936873,0.0,1.5142736e-05,8.674224e-06,0.0,0.0007017821,0.003234131,1.5322448e-05,0.0,0.08502243,0.0048699095,0.009509162,0.00013597553,0.0016190492,0.00033867825,0.0001723044,0.0035591482,0.000100818565,9.2724775e-05,8.198563e-05,0.00091792026,6.605433e-05,0.0004316964,0.00029467396,0.00091093493,0.00061343674,0.0,0.0,0.0,0.00024703483,0.00016501785,0.0,0.0068048937,0.00037272487,0.00012930023,0.00011544287,0.06775331,0.00014914932,8.82945e-05,2.9434546e-05,0.00021021772,0.00025872688,5.4194203e-05,0.0,0.0,0.0010273221,0.0004644388,0.0,0.00045642536,0.0,0.001385035,1.367011e-05,0.14683342,0.039155044,0.0014271771,0.0002830864,0.0004984362,0.0009420586,0.0016747627,0.0,0.0,0.000114075825,0.0012081722,0.0028827256,0.0,0.0018350466,0.0,0.00030459237,0.0007791766,0.0007769949,0.00038521236,0.0,0.0005848538,0.00017445505,0.0014974579,0.063914485,0.0061485325,0.16351883,0.0,0.002315912,9.076375e-05,0.034522012,0.00025268938,0.0019834773,0.00388775,0.0015949252,0.001101875,0.0008994966,0.003156778,0.00076096505,0.0,0.0007669326,0.0008246637,0.0073822876,0.00024078492,0.0013988724,0.002976198,0.0,0.18976574,0.11858325
Ġand,4.318082e-05,0.0,4.6818368e-05,4.7051994e-06,0.0,0.00028546102,0.00078286766,5.8617585e-05,0.0,0.0,0.1840912,0.00087964756,4.9250877e-05,0.0005246415,5.4067834e-05,3.673765e-05,0.0030582552,0.00012368057,9.2879134e-05,8.5570144e-05,4.988573e-05,6.202929e-05,0.00036534097,9.7767515e-05,0.0011265615,0.00018082318,0.0,0.0,0.0,0.00016815575,0.0012735203,0.0,0.00088626775,0.00031916256,4.5628178e-05,0.00017156999,0.0,0.00013787962,0.00015067915,9.983909e-05,0.00019685608,0.00012071985,0.0003127576,0.0,0.0,0.0001718426,8.5460524e-05,0.0,0.00028085438,0.0,0.0002992556,9.80171e-06,0.16084355,0.010144628,0.0014527049,7.4876356e-05,0.00056707446,0.00066764833,0.00022139892,0.0,0.0,0.00019417531,0.0034378134,0.002722504,0.0,0.00013171016,0.0,3.423372e-05,0.0011476618,0.0002270421,0.0006701854,0.0,0.0013879931,7.58586e-05,0.001913369,0.09799787,0.0025912507,0.12724799,0.0,0.0014696587,0.0002642409,0.011322734,0.000683857,0.00012470606,0.017184969,0.000742892,0.00026873837,0.00072258525,0.002546425,0.003085909,0.0,0.0008162839,0.00018337852,0.0060880175,0.0001042484,0.0067304815,0.0005007088,0.0,0.03869187,0.29788646
or,0.0017058173,0.0,0.0003715759,8.3383566e-05,0.0,0.0015856777,0.06449426,0.00011017354,0.0,0.0,0.0,0.20312321,0.002986176,0.009707531,0.0015668655,0.0020199756,0.0011904963,0.0040225224,0.00040684734,0.00016268066,0.0010692464,0.0031446565,9.4038376e-05,0.0037613222,0.0011152918,0.0028131788,0.0,0.0,0.0,0.0011467796,0.0005354016,0.0,0.002493904,0.0005661789,0.00013470568,0.00053179875,0.0,0.0006143311,0.00012228046,0.00040505757,0.00011129282,0.00017545477,0.0002434067,0.0,0.0,0.0012615876,0.0009288162,0.0,0.00028883715,0.0,0.003101406,0.00011555375,0.0,0.010969548,0.0006624373,0.00026198488,0.0016666079,0.0028612963,0.0032869496,0.0,0.0,6.22759e-05,0.0014707602,0.0021661937,0.0,0.0013711614,0.0,0.0026599064,0.00046552578,0.0016018474,6.605683e-05,0.0,0.0005783454,0.0013811737,0.0011304679,0.0,0.00048735808,0.0,0.0,0.00070433476,6.5387e-05,0.0049352353,0.0017408064,0.0010844587,0.002296283,0.0003079535,0.00025792932,0.0022569727,0.0047312467,0.00043415534,0.0,0.0013557478,0.0010525669,0.0023047316,0.00063778856,0.0025004623,0.0023841998,0.0,0.0,0.6194882
ary,0.0,0.0,0.000433051,0.0,0.0,0.0,0.0,0.0,0.0,0.0,0.0,0.0,0.096067585,0.0,0.0,0.0,0.0,0.0,0.0,0.0,0.0,0.102183536,0.0,0.022228448,0.0,0.0,0.0,0.0,0.0,0.0,0.0,0.0,0.0,0.0,0.0,0.0,0.0,0.0,0.0,0.0023567027,0.0,0.0,0.030540707,0.0,0.0,0.0,0.0,0.0,0.0,0.0,0.0,0.0,0.0,0.0,0.0,0.0,0.0,0.0,0.0,0.0,0.0,0.0,0.0,0.0,0.0,0.0,0.0,0.005997268,0.0,0.0,0.0,0.0,0.0,0.0056570736,0.0,0.0,0.0,0.0,0.0,0.0,0.0,0.0,0.0,0.0,0.0,0.0,0.0,0.042931043,0.010763434,0.0,0.0,0.0,0.18408662,0.0,0.0,0.0,0.0,0.0,0.0,0.4967545
Ġasympt,0.0015880083,0.0,0.00011216716,1.49383295e-05,0.0,3.988097e-05,0.0,3.4432698e-05,0.0,0.0,0.0,0.0,0.0007149395,0.24025701,8.057299e-05,0.0012805818,0.00081731926,0.00089665246,7.3304705e-05,2.0415238e-05,0.0009490478,0.00032428844,0.00010681651,0.004017703,0.00017958428,0.00062075845,0.0,0.0,0.0,0.0001757439,0.0002630311,0.0,0.081700735,3.835659e-05,0.0001177564,0.00014166727,0.0,0.00018935674,1.6152586e-05,0.00026428996,0.00024767747,0.00011909744,0.00045420876,0.0,0.0,0.00036382975,0.00054975046,0.0,3.0875988e-05,0.0,8.423563e-05,0.00012884788,0.0,0.0,0.00045100582,0.00021376376,0.00082472985,0.0019259978,0.00053877325,0.0,0.0,0.00011801069,0.0005188907,0.0006140948,0.0,0.0020017175,0.0,0.00080874655,0.00056484813,0.0045236014,0.00013288802,0.0,0.00015889453,0.0008470517,0.0015794227,0.0,0.00016397292,0.0,0.0,0.00061591266,3.5838948e-05,0.025610121,0.0003314781,0.001995519,0.0040281364,0.0003531262,0.00042283005,0.0020812612,0.0024000115,0.00052233314,0.0,0.00025599744,0.00054636225,0.00085784757,0.00043991904,0.0015942967,0.0017640532,0.0,0.0,0.6031445
or,0.0015253675,0.0,0.0034850407,0.0,0.0,0.05786663,0.0,0.0,0.0,0.0,0.0,0.0,0.0014337773,0.0,0.23983388,0.0,0.0,0.0,0.0,0.0,0.0019019304,0.0009877955,0.0,0.0015660095,0.0,0.0,0.0,0.0,0.0,0.0,0.0,0.0,0.0,0.0,0.0,0.0,0.0,0.0,0.0,0.004764002,0.0,0.0,0.0002109014,0.0,0.0,0.0,0.0,0.0,0.0,0.0,0.07677741,0.0,0.0,0.0,0.0,0.0,0.0,0.0,0.0,0.0,0.0,0.0,0.0,0.0,0.0,0.0,0.0,0.0068333815,0.0,0.0,0.0,0.0,0.0,0.0047430214,0.0,0.0,0.0,0.0,0.0,0.0,0.0,0.0,0.0,0.0,0.0,0.0,0.0,0.003227259,0.0076533747,0.0,0.0,0.0,0.0021973087,0.016405473,0.0,0.0,0.005938255,0.0,0.0,0.5626492
Ġair,0.00050081825,0.0,0.00065693964,0.0,0.0,0.00023840804,0.0,0.0,0.0,0.0,0.0,0.0,0.0023237662,0.0,0.00025580704,0.1780377,0.0,0.0,0.0,0.0,0.0013957577,0.0026927972,0.0,0.001791094,0.0,0.0,0.0,0.0,0.0,0.0,0.0,0.0,0.0,0.0,0.0,0.0,0.0,0.0,0.0,0.0016956232,0.0,0.007204279,0.0007913111,0.0,0.0,0.0,0.0,0.0,0.0,0.0,0.004375279,0.006945071,0.0,0.0,0.0029357164,0.06523549,0.0,0.0,0.0,0.0,0.0,0.0,0.0,0.0,0.0,0.0,0.0,0.0048398618,0.0,0.17371154,0.0010770845,0.0,0.0,0.0030488812,0.0,0.0,0.0015898356,0.0,0.0,0.0,0.0032881205,0.0,0.0,0.0,0.0,0.0,0.0,0.0013680748,0.0025681488,0.0032948195,0.0,0.0,0.0023918336,0.0007790359,0.049059972,0.0,0.0023235723,0.0,0.0,0.47358334
nea,1.9227888e-05,0.0,0.0009003125,0.00012322282,0.0,4.2470987e-05,0.0,0.00014747631,0.0,0.0,0.0,0.0,1.47538685e-05,0.0,0.000249224,0.00011557006,0.21551803,0.06168327,0.008756965,0.012591739,4.417379e-05,6.2223394e-06,0.0076294527,0.0005255239,0.059682127,0.009718884,0.0,0.0,0.0,0.03786882,0.0050047087,0.0,0.0,0.0017025392,0.000647584,0.0006309917,0.0,0.0025776646,0.022099966,0.0015649608,0.0005729203,0.00037509608,7.3364845e-06,0.0,0.0,0.113013245,0.0020816622,0.0,0.00016142293,0.0,0.0002675399,0.002721139,0.0,0.0,0.002713986,0.00022033238,0.0015907829,0.0054163784,0.13205686,0.0,0.0,0.0001921777,0.0050540785,0.04760484,0.0,0.00020266307,0.0,0.004208973,0.00042367328,0.00019928174,0.0031985585,0.0,0.0039635804,0.0035448128,0.003305585,0.0,0.0092399325,0.0,0.0,0.015800714,0.0011687434,0.0,0.024778811,0.0019160747,0.0,0.00054851506,0.0031286515,0.0008886101,0.013293891,0.0038347524,0.0,0.000656737,0.00046699896,0.0006726975,0.0021163675,0.01446786,0.0017766447,0.0,0.0,0.122281194
Ġap,3.2245687e-05,0.0,0.0012341711,1.354867e-05,0.0,5.874485e-05,0.0,0.00060830964,0.0,0.0,0.0,0.0,9.556987e-05,0.0,0.00022005507,0.00027182233,0.0,0.22913615,0.00014868988,0.00025032446,0.00017785907,0.00024087499,0.00061076414,0.0013882519,0.0004914674,0.0005214966,0.0,0.0,0.0,0.0066980785,5.9377766e-05,0.0,0.0,0.00025132706,0.0002889418,0.00026687412,0.0,0.00038630833,0.00014091955,0.0020967186,3.4474622e-05,7.516146e-05,0.00016996407,0.0,0.0,0.10672073,0.0007120526,0.0,0.0001658547,0.0,0.00020932002,4.557508e-05,0.0,0.0,0.00078638236,0.00039254487,0.0006902681,8.370135e-05,0.024305064,0.0,0.0,0.0008701957,0.00060488115,0.0021469996,0.0,0.00014432025,0.0,0.0010659588,0.00025581694,0.00077896565,5.6768942e-05,0.0,9.794623e-05,0.0013209621,0.0001919791,0.0,0.00025999916,0.0,0.0,0.0006324017,4.7538193e-05,0.0,0.0008812551,0.00023082366,0.0,0.00038180262,5.734792e-05,0.001406633,0.0012032195,0.00012681677,0.0,0.0010718519,0.0022183578,0.000102952836,0.0011438654,0.00034499864,0.00016589422,0.0,0.0,0.60210943
Ġcontributes,0.00024438446,0.0,0.001688657,0.00084438926,0.0,0.00032406076,0.0,0.00039357087,0.0,0.0,0.0,0.0,0.00010225117,0.0,0.0009668957,0.00036705562,0.0,0.0,0.1930711,0.03447491,0.00092692743,2.5128278e-05,0.0,0.00012352245,0.0,0.015780985,0.0,0.0,0.0,0.0,0.0076570953,0.0,0.0,0.010698609,0.0017030849,0.002545136,0.0,0.0045233145,0.077727154,0.0018012288,0.009425545,0.00049597066,4.6268426e-05,0.0,0.0,0.0,0.0061379187,0.0,0.0030668979,0.0,0.0022037695,0.0046415823,0.0,0.0,0.0031765422,0.0018295487,0.013465251,0.022158943,0.0,0.0,0.0,0.0014701172,0.0026169948,0.0,0.0,0.0022634987,0.0,0.0010825022,0.0049067275,0.0006728002,0.0020430996,0.0,0.0201425,0.0015282487,0.022807548,0.0,0.015240548,0.0,0.0,0.0,0.0035085133,0.0,0.016404169,0.008420904,0.0,0.013192885,0.008623515,0.00078696647,0.006014541,0.012748169,0.0,0.006568185,0.00059939525,0.0044594896,0.009749463,0.037018653,0.008393525,0.0,0.0,0.3660993
Ġreflex,0.00017076079,0.0,0.00013509321,0.000318919,0.0,8.8236535e-05,0.0,0.00025910267,0.0,0.0,0.0,0.0,8.287806e-05,0.0,0.00014822808,0.00017745046,0.0,0.0,0.0,0.18121178,0.00034261312,4.9518967e-05,0.0,8.632828e-05,0.0,0.0034963752,0.0,0.0,0.0,0.0,0.08394723,0.0,0.0,0.047819182,0.0014150033,0.004242234,0.0,0.017849276,0.0,4.7310852e-05,0.013445326,0.0011859644,2.6463574e-06,0.0,0.0,0.0,0.00067362847,0.0,0.0029906668,0.0,0.00025103957,0.0076678507,0.0,0.0,0.00032087864,0.00044436162,0.011171166,0.026218077,0.0,0.0,0.0,8.972278e-05,0.002770669,0.0,0.0,0.0010490351,0.0,0.0001734144,0.01693086,4.847494e-05,0.0064574163,0.0,0.01048626,0.000105991036,0.01767476,0.0,0.0051590726,0.0,0.0,0.0,0.002026862,0.0,0.36594504,0.0075708535,0.0,0.0012863696,0.013428975,8.5532876e-05,0.0067837965,0.002536533,0.0,0.0027392688,0.00014788871,0.0004400183,0.0008702066,0.008058295,0.011377264,0.0,0.0,0.109498315
al,0.036535554,0.0,0.000112064896,0.0,0.0,0.0,0.0,0.0,0.0,0.0,0.0,0.0,0.03309235,0.0,0.0,0.0,0.0,0.0,0.0,0.0,0.136303,0.019145863,0.0,0.0065964935,0.0,0.0,0.0,0.0,0.0,0.0,0.0,0.0,0.0,0.0,0.0,0.0,0.0,0.0,0.0,0.00064360484,0.0,0.0,0.012493922,0.0,0.0,0.0,0.0,0.0,0.0,0.0,0.0,0.0,0.0,0.0,0.0,0.0,0.0,0.0,0.0,0.0,0.0,0.0,0.0,0.0,0.0,0.0,0.0,0.0039118766,0.0,0.0,0.0,0.0,0.0,0.0053345095,0.0,0.0,0.0,0.0,0.0,0.0,0.0,0.0,0.0,0.0,0.0,0.0,0.0,0.055075888,0.014909089,0.0,0.0,0.0,0.38336468,0.0,0.0,0.0,0.0,0.0,0.0,0.29248106
oph,0.0,0.0,0.0003997932,0.0,0.0,0.0,0.0,0.0,0.0,0.0,0.0,0.0,0.0,0.0,0.0,0.0,0.0,0.0,0.0,0.0,0.0,0.11985199,0.0,0.0074389437,0.0,0.0,0.0,0.0,0.0,0.0,0.0,0.0,0.0,0.0,0.0,0.0,0.0,0.0,0.0,0.0010171186,0.0,0.0,0.028723469,0.0,0.0,0.0,0.0,0.0,0.0,0.0,0.0,0.0,0.0,0.0,0.0,0.0,0.0,0.0,0.0,0.0,0.0,0.0,0.0,0.0,0.0,0.0,0.0,0.0016683465,0.0,0.0,0.0,0.0,0.0,0.0011637248,0.0,0.0,0.0,0.0,0.0,0.0,0.0,0.0,0.0,0.0,0.0,0.0,0.0,0.007792145,0.0023042853,0.0,0.0,0.0,0.034723904,0.0,0.0,0.0,0.0,0.0,0.0,0.7949162
Ġthe,5.478348e-05,0.0,0.002706641,0.00011554486,0.0,0.00012476085,0.0,0.00044180657,0.0,0.0,0.0,0.0,2.5083977e-05,0.0,0.00029590385,0.00026777215,0.0,0.0,0.0350634,0.006006701,0.0008295736,1.4036299e-05,0.21946327,0.00022688808,0.0,0.0060669025,0.0,0.0,0.0,0.0,0.0014107559,0.0,0.0,0.0038976558,0.0030085908,0.002398881,0.0,0.00090123457,0.018771684,0.0038221993,0.010102637,0.0010110878,1.8125282e-05,0.0,0.0,0.0,0.0036878851,0.0,0.0039155907,0.0,0.0014807284,0.0008693645,0.0,0.0,0.005468154,0.0017710323,0.011009742,0.0069606523,0.0,0.0,0.0,0.0012024594,0.002147485,0.0,0.0,0.0030719293,0.0,0.002549827,0.007255944,0.0006114789,0.001258289,0.0,0.006952093,0.003435278,0.014565157,0.0,0.0069855354,0.0,0.0,0.29162183,0.0027346937,0.0,0.007736574,0.010547612,0.0,0.0056679263,0.008788472,0.0004101374,0.0071047363,0.004425591,0.0,0.0083677955,0.0004892242,0.0018779115,0.005703471,0.0072315116,0.01161437,0.0,0.0,0.22343364
Ġap,0.0,0.0,0.001095358,0.0,0.0,0.0,0.0,0.0,0.0,0.0,0.0,0.0,0.0,0.0,0.0,0.0,0.0,0.0,0.0,0.0,0.0,0.0,0.0,0.2391324,0.0,0.0,0.0,0.0,0.0,0.0,0.0,0.0,0.0,0.0,0.0,0.0,0.0,0.0,0.0,0.005667524,0.0,0.0,0.0,0.0,0.0,0.0,0.0,0.0,0.0,0.0,0.0,0.0,0.0,0.0,0.0,0.0,0.0,0.0,0.0,0.0,0.0,0.0,0.0,0.0,0.0,0.0,0.0,0.18577611,0.0,0.0,0.0,0.0,0.0,0.03147534,0.0,0.0,0.0,0.0,0.0,0.0,0.0,0.0,0.0,0.0,0.0,0.0,0.0,0.0,0.0,0.0,0.0,0.0,0.0,0.0,0.0,0.0,0.0,0.0,0.0,0.53685325
Ġdevelopment,4.968055e-05,0.0,0.0015548519,0.001330272,0.0,0.0014449188,0.0,0.0005659401,0.0,0.0,0.0,0.0,3.7802358e-05,0.0,0.0019312584,0.0003484801,0.0,0.0,0.012290964,0.0048610857,0.0002706723,1.535585e-05,0.09986148,0.00028898416,0.21186054,0.004420499,0.0,0.0,0.0,0.0,0.0029491484,0.0,0.0,0.0029168145,0.0026406238,0.0011166101,0.0,0.0006180354,0.00882426,0.00569395,0.0044927946,0.00069525966,4.238661e-05,0.0,0.0,0.0,0.004096237,0.0,0.0006748766,0.0,0.005616807,0.0027138623,0.0,0.0,0.020291552,0.00022688817,0.0045031263,0.008682246,0.0,0.0,0.0,0.0013437918,0.002233663,0.0,0.0,0.00091991946,0.0,0.005891601,0.0015092009,0.0006569639,0.0032520245,0.0,0.013105889,0.011126069,0.014513512,0.0,0.00861627,0.0,0.0,0.114883006,0.01056442,0.0,0.0075595877,0.0019417166,0.0,0.0042062015,0.003290992,0.00082729175,0.0070658894,0.02288985,0.0,0.0030089936,0.0003100247,0.0060708444,0.003569183,0.045154512,0.0051291157,0.0,0.0,0.28243113
Ġsleep,6.0530194e-05,0.0,0.0017999986,0.0032154429,0.0,4.1539668e-05,0.0,0.0007324706,0.0,0.0,0.0,0.0,1.2011301e-05,0.0,0.00026176512,0.0009972439,0.0,0.0,0.0,0.0,9.282934e-05,2.527222e-06,0.0,0.0003674009,0.0,0.26934478,0.0,0.0,0.0,0.0,0.0,0.0,0.0,0.0,0.007051935,0.007794849,0.0,0.020446425,0.0,0.0008384928,0.0,0.0016528902,8.535047e-06,0.0,0.0,0.0,0.07469194,0.0,0.001965483,0.0,7.099456e-05,0.012390005,0.0,0.0,0.0016036166,0.00072677113,0.0,0.17756075,0.0,0.0,0.0,0.00065424124,0.0,0.0,0.0,0.0026553373,0.0,0.0016569591,0.008855815,0.00039701423,0.02355377,0.0,0.0,0.00074850285,0.0,0.0,0.008113569,0.0,0.0,0.0,0.0021848844,0.0,0.0,0.040558957,0.0,0.0053254482,0.08060646,0.00084086315,0.012299954,0.021445958,0.0,0.004361785,0.00027129275,0.0005607056,0.0047373404,0.0,0.008330846,0.0,0.0,0.1881091
Ġyr,2.5473303e-06,0.0,2.2562579e-05,4.0503814e-06,0.0,1.209495e-05,4.0169474e-05,2.5672923e-06,0.0,0.010293237,7.554905e-05,5.4425847e-05,2.0856257e-06,0.00012855139,8.204327e-06,1.9761315e-05,0.00082309684,7.887992e-06,7.537021e-05,0.0002316168,2.3970737e-05,9.133348e-07,6.7840345e-05,1.9169678e-05,0.00024330153,0.00017704006,0.063881,0.0,0.0,6.0313228e-06,0.00021564038,0.0,0.00016421413,7.1268328e-06,6.405995e-05,1.7314314e-05,0.00015424752,1.1086585e-05,0.0030014305,2.8840092e-05,0.00015804778,0.00016768403,1.6267644e-06,0.0,0.0,1.5749625e-05,5.7445588e-05,0.0,4.0683426e-05,0.095772654,3.7321213e-05,1.5377334e-05,0.0018560259,0.0012378115,0.00026705497,6.46498e-05,4.1347077e-05,0.0007088183,2.2380249e-05,0.0015369381,0.0,3.5888768e-06,0.014029747,9.1492584e-05,0.0009793281,0.00017998967,0.0,4.0791932e-05,0.0020562897,5.756899e-05,0.0030900917,0.01641242,0.00049961737,6.979892e-05,0.00077030266,0.0021695367,0.0026797634,0.0015930698,0.0,0.0001997067,0.00029286867,0.0021015948,0.00032756696,0.00029396504,0.0038974902,3.385494e-05,0.0011545904,8.884993e-05,0.0012433715,0.0014686806,0.0,3.126004e-05,4.111979e-05,0.00032458396,0.00010493739,0.0017976854,0.00058519054,0.0076896395,0.72238135,0.0284417
Ġsleep,2.8093202e-05,0.002985209,0.00011016411,4.058784e-05,0.0,0.000113717804,0.00013271891,0.00025853756,0.0,0.00013965757,7.4991265e-05,0.000115059054,5.8190537e-05,1.4932542e-05,7.663576e-05,0.00021790033,0.0006176024,9.823405e-05,7.985793e-05,0.00045054444,0.00030851053,9.198116e-05,0.0007735035,0.00011507563,0.00075679354,0.00013526293,0.0012433657,0.3220193,0.0,6.829712e-05,1.5232754e-05,0.0,1.7507697e-05,0.00061549334,0.00060206023,0.00011586166,5.949038e-05,7.70407e-05,0.00020405054,0.0003920659,0.00047634172,0.00010174029,6.761586e-05,0.18978946,0.00019806069,0.000101192796,0.0001619117,0.0,0.00073022733,0.00018097756,0.0006690888,1.8061315e-05,7.573412e-05,0.00017560815,0.00055772637,5.393676e-05,0.00059610023,0.00024904584,7.31941e-05,3.5675464e-05,0.00021579661,0.00017468764,0.0018573239,0.0008737118,0.00036716854,0.0004427579,0.00046038107,0.0006186155,0.0024191195,0.00017027628,0.00029737764,0.00015142128,0.00018011434,0.00031340143,0.00040883344,0.00012377372,0.0006955608,2.5111165e-05,0.0466505,0.0013318582,0.00034300954,0.0003423556,0.00037086054,0.000927916,0.0014355195,0.0004799759,0.0007163948,7.047256e-05,0.002179081,0.0014502838,0.0,0.0011199339,0.0002103884,0.00045107453,0.00013789182,0.00039286597,0.005509502,0.00019476257,0.0013568089,0.39665404
Ġthree,0.00013020862,0.0024163476,0.000117313444,4.8557944e-05,0.0,0.00049240777,8.245125e-05,2.1408685e-05,0.0,0.0010258348,0.000110108915,8.370344e-05,8.097256e-05,4.5249843e-05,0.000991014,5.5552577e-05,0.00022853666,4.239987e-05,0.00019378468,0.00011169835,0.0005074056,4.9738203e-05,0.0005254053,9.931455e-05,0.00047276032,0.000991243,0.0011839846,0.007534647,0.24845268,0.00021649925,1.39408385e-05,0.0,0.00034358297,0.0006646855,0.00016331422,0.00027569427,0.00017682079,0.00020585096,7.821105e-05,0.0003879105,0.0005188688,0.00040103233,0.0001835778,0.018146753,0.00019752976,0.00014694237,0.0072536715,0.17603768,0.0014974149,0.0014294395,0.0012912629,0.00014399887,0.0005718639,0.0033075025,0.002325117,0.00039720762,0.000766578,0.0010697796,0.00037254198,0.00064968766,0.0013746504,0.00017828189,0.0015018677,0.0054100715,0.0013467714,0.00018292952,0.0003089532,0.00032429764,0.0010540308,0.00014442157,0.00039632843,0.0006416753,0.0007688825,0.0001841445,0.0011955829,0.0023460675,0.00543008,0.0012672867,0.036782082,0.0035886208,0.0005558543,0.007883958,8.4667015e-05,0.0005292686,0.013293211,0.003468136,0.0006359487,0.001484776,0.002753062,0.0034947172,0.03888398,0.003678985,0.00036137793,0.01142831,0.0018104281,0.005838805,0.011392543,0.0018612823,0.005729991,0.33305764
Ġobstruct,4.3359323e-05,0.0,0.00115918,0.00028714942,0.0,0.0011742435,0.0,7.913263e-05,0.0,0.0,0.0,0.0,7.757683e-05,0.0,0.0032903214,0.00034358603,0.0,0.0,0.0002980216,0.00014551873,7.263813e-05,5.9306047e-05,0.0009436086,0.0042617056,0.0058264276,0.0012219322,0.0,0.0,0.0,0.18500009,0.00028243713,0.0,0.0,0.00021628758,0.00032173246,0.0020576282,0.0,0.0017967193,7.254073e-05,0.0020437136,0.00013320935,0.00043450436,3.0263338e-05,0.0,0.0,0.0,0.0041358233,0.0,0.00030249558,0.0,0.00039647313,0.0014455637,0.0,0.0,0.0018268175,0.00017452789,0.0007504541,0.0013101657,0.0,0.0,0.0,0.00042139456,0.00021419425,0.053466972,0.0,0.000318246,0.0,0.0053002974,0.00042351775,0.00026834596,0.00011547058,0.0,0.00042369674,0.0027687766,0.0013341202,0.0,0.0007912901,0.0,0.0,0.0035003454,0.00042116354,0.0,0.00063465536,0.0008146937,0.0,0.0016046462,0.00056803995,0.0015827696,0.0025611052,0.00069861446,0.0,0.0023862757,0.00023466937,0.00020948982,0.0043862127,0.0016765698,0.00020701779,0.0,0.0,0.6906522
Ġpossibility,0.00045979986,0.0,0.00056873244,0.00023898,0.0,0.00016001712,0.0,0.00013379868,0.0,0.0,0.0,0.0,0.0003625939,0.0,0.00026833883,0.00048633743,0.0,0.0,0.0,0.0,0.00091289985,8.539155e-05,0.0,0.001222145,0.0,0.0041260226,0.0,0.0,0.0,0.0,0.22277464,0.0,0.0,0.0,0.00077019766,0.0026468437,0.0,0.0062480257,0.0,0.00027810957,0.101063356,0.0010023825,0.00025404405,0.0,0.0,0.0,0.0035872567,0.0,0.0011081024,0.0,0.00023998815,0.0038061845,0.0,0.0,0.0025741532,0.00057237595,0.0,0.0075253327,0.0,0.0,0.0,0.0002482029,0.032636497,0.0,0.0,0.004194084,0.0,0.001780722,0.006359659,0.00040814132,0.015890706,0.0,0.08014039,0.0009535383,0.0,0.0,0.0116777755,0.0,0.0,0.0,0.0048013288,0.0,0.0,0.007733935,0.0,0.0041995635,0.006624465,0.0020761983,0.011660137,0.01481308,0.0,0.0036118599,0.0032748242,0.0012221986,0.0038860473,0.04778064,0.008964186,0.0,0.0,0.3615858
.,5.2160045e-05,0.014374105,8.355701e-05,5.9494207e-05,0.0014307521,8.472056e-05,0.0001208783,4.5567052e-05,0.034274444,0.0006284971,2.2089405e-05,0.00011052269,4.893048e-05,4.1126652e-05,0.00014325605,0.00014022902,0.002427522,0.00017342159,0.00014514252,0.00048136458,0.00025029003,2.593531e-05,0.00081411324,0.00020653322,0.0005397383,0.0010911382,0.0025962521,0.0035959417,0.0024477928,0.000330423,0.00014657693,0.44302544,8.565263e-05,0.0010759769,0.0004957097,0.0001560217,4.3974796e-05,0.00016989354,0.00032004263,0.00067291904,0.0036141737,0.00044847216,0.00028728176,0.0122733535,0.00010851251,0.0007927585,0.0062645534,0.012705342,0.0009961044,0.0039401185,0.00048424158,0.00018285625,0.00053135474,0.0013652997,0.002371152,0.00045742147,0.0028974072,0.0010157882,0.001396868,0.00021299509,0.0007519364,0.0001903405,0.0023275097,0.0058211493,0.0004433244,0.0006979922,0.00018094503,0.0009089498,0.0008294113,0.00060285185,0.0010363869,0.00024642513,0.016520634,0.0007359973,0.0082583185,0.003957936,0.008580879,0.00077458966,0.052131955,0.004923796,0.0024434393,0.0050115786,0.0005124791,0.00066281937,0.039578944,0.0036206457,0.0005783367,0.002312126,0.0070881154,0.0077016866,0.026477484,0.0033503512,0.0012597069,0.0018488513,0.004531705,0.057276912,0.009391825,0.00030218984,0.019763611,0.13012855
Ġotherwise,0.0016862722,0.0,0.00016172527,0.0001766573,0.0,0.00023925667,0.0,3.7919206e-05,0.0,0.0,0.0,0.0,0.0012652832,0.0,0.00024657595,0.0019588927,0.0047650854,0.0011232406,0.0006463048,0.00013406461,0.0005961232,0.0006024416,0.0007770427,0.0075429184,0.0019683007,0.00074435497,0.0,0.0,0.0,0.002093204,0.0016891542,0.0,0.26846492,0.00025940544,0.0003624354,0.0004968129,0.0,0.00103219,0.00012726932,0.000635587,0.0017442193,0.0006100332,0.0010622754,0.0,0.0,0.0010452749,0.0030003414,0.0,0.00028877222,0.0,0.00051955925,0.00069680135,0.0,0.0,0.0016417843,0.00078246975,0.0017951353,0.0030836624,0.0022916228,0.0,0.0,0.0002388455,0.0011880372,0.0058970856,0.0,0.00502833,0.0,0.0025910737,0.0010889817,0.0073086903,0.0005477841,0.0,0.0017716022,0.002694364,0.0074605444,0.0,0.00151656,0.0,0.0,0.005362216,0.0006240952,0.17994308,0.000624873,0.0025461016,0.029547134,0.003252705,0.0013275973,0.008055144,0.0034628813,0.0030842184,0.0,0.0011742039,0.0013288329,0.0038153047,0.003890946,0.00636737,0.0016578389,0.0,0.0,0.38820806
Ġthis,0.00038634468,0.0,0.00021237387,0.00065790926,0.0,0.00073696504,0.0,0.004400777,0.0,0.0,0.0,0.0,0.0011172591,0.0,0.0006089818,0.005855893,0.0,0.0,0.0,0.0,0.008067395,0.0018241068,0.0,0.0005167302,0.0,0.005317493,0.0,0.0,0.0,0.0,0.002111977,0.0,0.0,0.34830678,0.020254465,0.0017122583,0.0,0.0034632208,0.0,0.0008550256,0.011848295,0.005824158,0.0004318554,0.0,0.0,0.0,0.008773425,0.0,0.015214701,0.0,0.012674693,0.0035528254,0.0,0.0,0.0039021105,0.009444213,0.11500665,0.0053837155,0.0,0.0,0.0,0.00531653,0.001097275,0.0,0.0,0.013137982,0.0,0.0047482024,0.003721808,0.009357117,0.00068934786,0.0,0.0084999595,0.0056870743,0.021665087,0.0,0.0030742185,0.0,0.0,0.0,0.008798578,0.0,0.043948907,0.007333346,0.0,0.00848392,0.0017476581,0.0012828113,0.010993686,0.0056846803,0.0,0.01743883,0.0033405542,0.008079172,0.019294104,0.008782344,0.019980714,0.0,0.0,0.15935346
way,0.00022690491,0.0,0.00022547356,0.0,0.0,0.0001382437,0.0,0.032098882,0.0,0.0,0.0,0.0,0.0001355728,0.0,0.0001716336,0.004435536,0.0,0.0,0.0,0.0,0.0016748656,6.558439e-05,0.0,0.0001845029,0.0,0.0,0.0,0.0,0.0,0.0,0.0,0.0,0.0,0.0,0.24191025,0.006050535,0.0,0.015564851,0.0,0.0012715061,0.0,0.00019838361,4.0645336e-05,0.0,0.0,0.0,0.0,0.0,0.013086754,0.0,0.0015826473,0.0008625046,0.0,0.0,0.0012196596,0.0008770112,0.0,0.0,0.0,0.0,0.0,0.079050735,0.0,0.0,0.0,0.018428208,0.0,0.0009846129,0.00799427,0.011051847,0.00040057875,0.0,0.0,0.0018200165,0.0,0.0,0.0010618791,0.0,0.0,0.0,0.001508908,0.0,0.0,0.014300403,0.0,0.11815038,0.0072911764,0.00035268164,0.0019613812,0.0027701857,0.0,0.027448567,0.0010542508,0.0011989832,0.004259079,0.0,0.0058652153,0.0,0.0,0.37102464
Ġcontributes,0.00023451223,0.0,0.0005569604,0.0,0.0,0.0012263751,0.0,0.0,0.0,0.0,0.0,0.0,0.00020649756,0.0,0.001517878,0.0026023663,0.0,0.0,0.0,0.0,0.0057833297,0.0003114553,0.0,0.00040991834,0.0,0.0,0.0,0.0,0.0,0.0,0.0,0.0,0.0,0.0,0.0,0.22197327,0.0,0.0,0.0,0.002136075,0.0,0.0076398496,0.00026684467,0.0,0.0,0.0,0.0,0.0,0.0,0.0,0.005403374,0.011782324,0.0,0.0,0.010061994,0.01469702,0.0,0.0,0.0,0.0,0.0,0.0,0.0,0.0,0.0,0.030123387,0.0,0.0024203977,0.08103979,0.0074227527,0.0030537227,0.0,0.0,0.0035126216,0.0,0.0,0.011361499,0.0,0.0,0.0,0.035396222,0.0,0.0,0.051575452,0.0,0.0,0.0663984,0.002795059,0.02176761,0.013990065,0.0,0.0,0.0036248763,0.008461629,0.07325489,0.0,0.018662062,0.0,0.0,0.27832955
Ġone,0.00018841338,0.0,1.6634449e-05,9.9157705e-06,0.0,0.0011058013,0.0021543973,3.0493418e-05,0.0,0.0,0.039915588,0.0039878786,0.00026650063,0.00041485348,0.00036446718,9.834126e-05,0.00063399656,8.772508e-05,5.6578992e-05,2.0670064e-05,0.00036391808,0.00029269065,0.00024290581,0.00024838545,0.00037334661,7.478113e-05,0.0,0.0,0.0,0.00048920256,0.0005694031,0.0,0.0059078895,0.00018624101,6.2255356e-05,0.00012134577,0.41320366,9.138247e-05,1.9117377e-05,6.886908e-05,0.00023824442,0.00018225028,0.0006606912,0.0,0.0,0.00024451825,0.00029816828,0.0,0.00021141522,0.0,0.0011340507,3.3858272e-05,0.044342954,0.0091974875,0.001924853,0.00012620285,0.0004932475,0.00035814932,0.0006439609,0.0,0.0,0.00021296754,0.0010745206,0.0028468177,0.0,0.00032179776,0.0,0.00014075878,0.00062121626,0.00047150918,0.000326768,0.0,0.0005774452,0.00018116359,0.001690622,0.02582172,0.0013627049,0.065014735,0.0,0.00085775845,0.00022342413,0.018533118,0.00036053086,0.00010527662,0.004562882,0.00088463805,9.257728e-05,0.0013792283,0.0019003007,0.0009896028,0.0,0.00058664515,0.00041351703,0.011590052,0.0002407542,0.0013933653,0.0008180679,0.0,0.012189654,0.3104561
Ġmaintenance,0.00027651963,0.0,0.0007017178,0.0,0.0,0.00096865225,0.0,0.0,0.0,0.0,0.0,0.0,0.00020642944,0.0,0.0019273196,0.0028011675,0.0,0.0,0.0,0.0,0.0007688583,9.4803574e-05,0.0,0.00032286515,0.0,0.0,0.0,0.0,0.0,0.0,0.0,0.0,0.0,0.0,0.0,0.018109508,0.0,0.22356509,0.0,0.0013413359,0.0,0.0020767413,4.9465023e-05,0.0,0.0,0.0,0.0,0.0,0.15743122,0.0,0.0014423074,0.011466848,0.0,0.0,0.0030797303,0.003382196,0.0,0.0,0.0,0.0,0.0,0.0,0.0,0.0,0.0,0.010812035,0.0,0.0009846601,0.0134077845,0.0026003644,0.004319896,0.0,0.0,0.0009804415,0.0,0.0,0.01718772,0.0,0.0,0.0,0.0050896695,0.0,0.0,0.02588258,0.0,0.0,0.017565798,0.0018695771,0.013752524,0.020162718,0.0,0.099141486,0.0008884285,0.0029714515,0.019938152,0.0,0.005098749,0.0,0.0,0.30733314
Ġmechanism,4.9816677e-05,0.0,0.00013583976,0.00013105011,0.0,4.223925e-05,0.0,7.8305326e-05,0.0,0.0,0.0,0.0,1.7214214e-05,0.0,8.771863e-05,9.381121e-05,0.0,0.0,0.0,0.06231733,0.00023503062,1.6301463e-05,0.0,3.4310546e-05,0.0,0.004020355,0.0,0.0,0.0,0.0,0.04081609,0.0,0.0,0.010268481,0.00065371976,0.0039845235,0.0,0.011842561,0.32412532,4.4343764e-05,0.0049442607,0.0006588648,4.2881125e-06,0.0,0.0,0.0,0.0011252114,0.0,0.0017291497,0.0,0.00017747267,0.007697213,0.0,0.0,0.0002495987,0.00050126517,0.0071808486,0.024207098,0.0,0.0,0.0,4.3518558e-05,0.0017596862,0.0,0.0,0.0006196154,0.0,0.00011397182,0.019964697,3.975677e-05,0.003993395,0.0,0.007670919,7.691873e-05,0.017874014,0.0,0.006527339,0.0,0.0,0.0,0.001854999,0.0,0.15045545,0.006445208,0.0,0.0013643453,0.015653104,0.00014485285,0.0041906713,0.0026793783,0.0,0.0033030936,0.00024358247,0.0005490944,0.0016947947,0.0076657305,0.010344069,0.0,0.0,0.22725806
struct,0.0,0.0,0.027683213,0.0,0.0,0.0,0.0,0.0,0.0,0.0,0.0,0.0,0.0,0.0,0.0,0.0,0.0,0.0,0.0,0.0,0.0,0.0,0.0,0.0,0.0,0.0,0.0,0.0,0.0,0.0,0.0,0.0,0.0,0.0,0.0,0.0,0.0,0.0,0.0,0.19666596,0.0,0.0,0.0,0.0,0.0,0.0,0.0,0.0,0.0,0.0,0.0,0.0,0.0,0.0,0.0,0.0,0.0,0.0,0.0,0.0,0.0,0.0,0.0,0.0,0.0,0.0,0.0,0.0,0.0,0.0,0.0,0.0,0.0,0.0,0.0,0.0,0.0,0.0,0.0,0.0,0.0,0.0,0.0,0.0,0.0,0.0,0.0,0.0,0.0,0.0,0.0,0.0,0.0,0.0,0.0,0.0,0.0,0.0,0.0,0.77565086
Ġthe,0.00018154972,0.0,0.00018420316,0.00023453818,0.0,0.00012489838,0.0,0.0003518313,0.0,0.0,0.0,0.0,0.00020914509,0.0,0.00010290442,0.0014967452,0.0,0.0,0.0,0.0,0.0005104127,0.00013795405,0.0,0.0011205865,0.0,0.003995114,0.0,0.0,0.0,0.0,0.0,0.0,0.0,0.0,0.0048025767,0.0034010368,0.0,0.0056507112,0.0,0.00062330434,0.2949606,0.010743088,0.00014811652,0.0,0.0,0.0,0.005933113,0.0,0.012530478,0.0,0.0005171104,0.0025109728,0.0,0.0,0.0058627455,0.0031926164,0.0,0.0071338248,0.0,0.0,0.0,0.00040076833,0.010046427,0.0,0.0,0.0137619125,0.0,0.0037607453,0.005568951,0.0014206534,0.007963119,0.0,0.16945751,0.0020745033,0.0,0.0,0.010693268,0.0,0.0,0.0,0.012017286,0.0,0.0,0.00883632,0.0,0.007009364,0.004863875,0.0013871796,0.01712997,0.014346659,0.0,0.010211139,0.0022862449,0.00082794024,0.00902541,0.03625053,0.014648003,0.0,0.0,0.2693521
Ġthe,0.00061016734,0.0,0.00028220136,0.0,0.0,0.00046736305,0.0,0.0,0.0,0.0,0.0,0.0,0.0009337251,0.0,0.0006408595,0.0,0.0,0.0,0.0,0.0,0.0036792064,0.0010731354,0.0,0.0029779384,0.0,0.0,0.0,0.0,0.0,0.0,0.0,0.0,0.0,0.0,0.0,0.0,0.0,0.0,0.0,0.00091127295,0.0,0.2525614,0.0008346738,0.0,0.0,0.0,0.0,0.0,0.0,0.0,0.002736006,0.0,0.0,0.0,0.022649895,0.0,0.0,0.0,0.0,0.0,0.0,0.0,0.0,0.0,0.0,0.0,0.0,0.0028654453,0.0,0.0,0.025441881,0.0,0.0,0.002754421,0.0,0.0,0.007932114,0.0,0.0,0.0,0.18258291,0.0,0.0,0.0,0.0,0.0,0.0,0.004791712,0.016364958,0.026869139,0.0,0.0,0.0037608389,0.0034709752,0.0,0.0,0.024954192,0.0,0.0,0.40785348
Ġor,0.0,0.0,0.00035043247,0.0,0.0,0.0,0.0,0.0,0.0,0.0,0.0,0.0,0.0,0.0,0.0,0.0,0.0,0.0,0.0,0.0,0.0,0.0,0.0,0.003376734,0.0,0.0,0.0,0.0,0.0,0.0,0.0,0.0,0.0,0.0,0.0,0.0,0.0,0.0,0.0,0.0019223426,0.0,0.0,0.38648602,0.0,0.0,0.0,0.0,0.0,0.0,0.0,0.0,0.0,0.0,0.0,0.0,0.0,0.0,0.0,0.0,0.0,0.0,0.0,0.0,0.0,0.0,0.0,0.0,0.00082460284,0.0,0.0,0.0,0.0,0.0,0.0015187365,0.0,0.0,0.0,0.0,0.0,0.0,0.0,0.0,0.0,0.0,0.0,0.0,0.0,0.06933006,0.004880043,0.0,0.0,0.0,0.08274805,0.0,0.0,0.0,0.0,0.0,0.0,0.448563
Ġovernight,0.00014392777,0.018162724,0.00027182323,2.0090516e-05,0.0,9.8628756e-05,0.00015806212,7.858699e-05,0.0,0.00020573963,0.00016730213,7.644048e-05,0.0001394009,8.996648e-05,9.9125224e-05,8.857219e-05,0.00059297413,4.9289763e-05,0.00011956749,0.00016033014,0.001767994,0.00015883686,0.0013695774,0.0002908658,0.00053478207,0.000116405405,0.001442754,0.0,0.0,7.559987e-05,3.6970265e-05,0.0,8.933492e-05,0.00059899146,0.00024212571,0.0001887512,0.0001589957,0.0001022796,0.00015086019,0.0011109532,0.0013981211,0.00016511885,0.0009583973,0.21034428,0.00023443002,0.00012712294,0.0005956124,0.0,0.0007055738,0.0006325434,0.000439363,3.8135135e-05,0.0004074503,0.0011557749,0.0022501382,0.00043528085,0.0019919027,0.00018111113,0.00011550295,5.951692e-05,0.0004855937,0.0004648771,0.0016796422,0.0018690041,0.00036457353,0.00047477352,0.00039609347,0.00039237406,0.0022769033,0.00061428593,0.00040693386,0.0001406181,0.0010164361,0.0005235834,0.0029872467,0.0008010745,0.0018626082,0.00049530005,0.25540134,0.0050208597,0.0011398921,0.0024142878,0.00030806457,0.0007255868,0.009152126,0.0032918542,0.000509973,0.0016084495,0.002719053,0.005584096,0.0,0.0029733994,0.002824514,0.0033368764,0.0011900626,0.0033463938,0.008320701,0.0003136389,0.0026911362,0.41772562
Ġ+/-,1.694891e-05,0.0,5.6760673e-05,8.346745e-06,0.0,2.0380885e-05,5.404187e-05,1.7725553e-05,0.0,0.0001830246,0.0001571376,3.1210795e-05,5.022659e-05,3.0883944e-05,1.1550694e-05,7.333856e-05,0.00017041435,5.6278906e-05,2.798729e-05,6.839166e-05,1.0438437e-05,7.639957e-05,4.603948e-06,0.00030408136,1.4989807e-05,3.5238496e-05,0.0013222462,0.0,0.0,5.9650327e-05,7.165888e-05,0.0,7.026596e-05,0.00019480639,2.167123e-05,2.8708591e-05,0.00021165835,0.000103423845,1.9009634e-05,5.1023675e-05,7.553016e-05,6.666061e-05,0.0001995251,0.0,0.49169096,4.708413e-05,0.00018170943,0.0,0.00010415671,0.00021983929,6.8021177e-06,2.0325859e-05,0.0001399853,8.355828e-05,4.9412967e-05,8.639622e-05,0.00025239296,1.3338823e-05,9.0680376e-05,0.0015141371,0.015112856,8.5702624e-05,0.00031996786,6.724779e-05,0.0039953724,4.369892e-05,0.07509409,0.000108879976,7.963604e-05,0.00012135279,3.570798e-05,0.002698523,6.8930225e-05,2.2140235e-05,0.00013226559,0.00062438205,9.826257e-05,0.00021408848,0.0,5.0058457e-05,4.2516243e-05,0.00029028667,0.00011571482,2.4447805e-05,0.00029588054,0.00014037207,4.761436e-06,0.00024120674,0.00057072047,0.00011891598,0.0,0.00017639113,0.00016388229,3.2082018e-05,0.0002799503,9.688374e-05,4.185992e-05,0.0023757208,7.297068e-05,0.3955841
Ġsleep,1.959003e-05,0.0,0.0034436048,7.5535485e-05,0.0,7.305722e-05,0.0,0.0007056761,0.0,0.0,0.0,0.0,2.6453921e-05,0.0,0.0004957337,0.00013901206,0.0,0.0,0.0013607355,0.0030557832,0.00014797857,1.7039034e-05,0.0042731883,0.0010817612,0.007990507,0.004300415,0.0,0.0,0.0,0.077128336,0.00065149507,0.0,0.0,0.0009993755,0.00088395237,0.0005771222,0.0,0.0016193459,0.002313473,0.003925251,0.00016813356,0.00021319694,1.41346945e-05,0.0,0.0,0.32731846,0.0022055248,0.0,0.00018160483,0.0,0.00023001547,0.0011523537,0.0,0.0,0.0027508747,0.00019161814,0.0016813307,0.0010804795,0.18874016,0.0,0.0,0.0020220233,0.0010988854,0.027484974,0.0,0.00012589728,0.0,0.0057609454,0.00059890293,0.00028676147,0.00045746457,0.0,0.00046213146,0.0048406096,0.0013149843,0.0,0.001321676,0.0,0.0,0.0067867474,0.0004417672,0.0,0.0075843274,0.0006825901,0.0,0.00071415916,0.00039228052,0.0011085249,0.009044415,0.0006406998,0.0,0.0013341829,0.0007714923,0.00023177428,0.002849629,0.0024315289,0.0007731742,0.0,0.0,0.2772051
Ġduring,0.0002734619,0.0,0.00058873015,0.0024305915,0.0,0.0012487598,0.0,0.0011536673,0.0,0.0,0.0,0.0,0.00021022912,0.0,0.0024972197,0.0028232133,0.0,0.0,0.0,0.0,0.0019828244,0.00015160095,0.0,0.00061026064,0.0,0.0,0.0,0.0,0.0,0.0,0.0,0.0,0.0,0.0,0.010128645,0.0041385973,0.0,0.0049879607,0.0,0.0016669196,0.0,0.0026284682,0.00018560387,0.0,0.0,0.0,0.2917484,0.0,0.009750199,0.0,0.0036565247,0.0023050045,0.0,0.0,0.0070658023,0.0021667394,0.0,0.029600874,0.0,0.0,0.0,0.0023825136,0.0,0.0,0.0,0.0064907656,0.0,0.005239294,0.008817223,0.0037506982,0.0015736568,0.0,0.0,0.0035545065,0.0,0.0,0.005664206,0.0,0.0,0.0,0.009274006,0.0,0.0,0.0061877733,0.0,0.02836317,0.002530256,0.008204917,0.010819481,0.016320579,0.0,0.04481991,0.003465628,0.012848604,0.034765918,0.0,0.014464165,0.0,0.0,0.38646245
Ġon,0.00010876591,0.008606649,5.9937145e-05,7.701977e-05,0.0,0.00042349633,6.709627e-05,8.525161e-06,0.0,0.0013337543,7.4169715e-05,6.8439076e-05,8.366926e-05,1.8813013e-05,0.00045155018,5.6316e-05,0.00023480222,2.9477362e-05,0.00017992269,0.00015772182,0.00062199216,5.856931e-05,0.0003007141,7.377663e-05,0.00035912215,0.00062676147,0.0020169835,0.005648015,0.0,0.00022247434,2.922254e-05,0.0,0.0001860052,0.00045764307,0.000116355026,0.00018946594,8.259613e-05,0.00011406485,0.00020127866,0.00019347109,0.0008707761,0.0006045083,0.00032220388,0.015081737,0.00027321905,4.6151643e-05,0.0077879564,0.29794452,0.0013014838,0.005234249,0.00074395805,0.00018302456,0.000265616,0.0015511542,0.0012305719,0.00021157073,0.0011754797,0.0016297415,0.00017943492,0.00020178307,0.0023226198,5.9040613e-05,0.003155789,0.005111421,0.0010800356,0.00025325865,0.00031874116,0.00019241856,0.0020233525,0.00013001793,0.0007558323,0.0006204927,0.0017138236,0.00012779684,0.003901941,0.0064447066,0.005520824,0.000809824,0.070970364,0.0031995745,0.0020883542,0.004360737,8.7836794e-05,0.00043515454,0.020587673,0.0032126165,0.0007161586,0.0025874951,0.0031959317,0.00776724,0.11271309,0.003663619,0.0003597632,0.012879722,0.0033263534,0.019074881,0.010855799,0.00049103645,0.011889604,0.30799705
Ġthe,8.7611035e-05,0.0,0.00012412568,0.0,0.0,0.00025461116,0.0,0.0,0.0,0.0,0.0,0.0,0.00014714152,0.0,0.0002677937,0.0029161666,0.0,0.0,0.0,0.0,0.00088073115,0.0004342201,0.0,0.0003456644,0.0,0.0,0.0,0.0,0.0,0.0,0.0,0.0,0.0,0.0,0.0,0.04423037,0.0,0.0,0.0,0.00044394116,0.0,0.0057702283,8.200577e-05,0.0,0.0,0.0,0.0,0.0,0.24351948,0.0,0.0022798951,0.0030113163,0.0,0.0,0.0021903696,0.007823311,0.0,0.0,0.0,0.0,0.0,0.0,0.0,0.0,0.0,0.017177183,0.0,0.0009522071,0.041102417,0.0033418697,0.0018335413,0.0,0.0,0.0009597527,0.0,0.0,0.0050955364,0.0,0.0,0.0,0.006898129,0.0,0.0,0.013703312,0.0,0.0,0.011115106,0.0015486551,0.009412882,0.0036298062,0.0,0.33802554,0.0018120225,0.0014087674,0.023898408,0.0,0.0045802575,0.0,0.0,0.19869567
"),",6.5201006e-05,0.0,4.4545643e-05,1.8792702e-05,0.0,0.00017984521,0.00024214012,2.218784e-05,0.0,0.041075606,0.0006203817,0.000518053,4.598703e-05,0.00050339295,0.0001336477,9.097204e-05,0.004950729,0.00012042612,0.00050327746,0.0004732645,0.00027046155,2.572995e-05,0.000535647,9.703809e-05,0.0014709255,0.0014831531,0.0,0.0,0.0,0.00051231426,0.00062013033,0.0,0.0025643478,0.00020560929,0.00022309428,0.00022783793,0.0032996112,0.0003224218,0.001232257,9.4629155e-05,0.00036899024,0.0002486071,5.861895e-05,0.0,0.0,0.00047084966,0.0012618365,0.0,0.00039822742,0.1978524,0.0007429328,0.00012942047,0.011791072,0.012385648,0.00084308843,0.00014656578,0.00091905677,0.007493079,0.0009108494,0.0,0.0,8.3168976e-05,0.0041234544,0.004251996,0.0,0.0005728309,0.0,0.00022720064,0.0020686402,0.0002446982,0.001109892,0.0,0.0016085821,0.00022815025,0.0038633079,0.022330724,0.011925087,0.022618145,0.0,0.0036473763,0.00047250054,0.014691693,0.0011193953,0.00095583143,0.013806109,0.0011966313,0.0023317477,0.0015752866,0.005620292,0.001999035,0.0,0.00078399736,0.00035627288,0.011127902,0.00079817325,0.0061994996,0.0042525292,0.0,0.44068852,0.11430642
Ġloud,0.00095765595,0.0,0.00057796575,0.0,0.0,0.0,0.0,0.0,0.0,0.0,0.0,0.0,0.0011530183,0.0,0.0,0.0,0.0,0.0,0.0,0.0,0.012309124,0.0014325343,0.0,0.00052749395,0.0,0.0,0.0,0.0,0.0,0.0,0.0,0.0,0.0,0.0,0.0,0.0,0.0,0.0,0.0,0.0024891829,0.0,0.0,0.0010873843,0.0,0.0,0.0,0.0,0.0,0.0,0.0,0.20731293,0.0,0.0,0.0,0.0,0.0,0.0,0.0,0.0,0.0,0.0,0.0,0.0,0.0,0.0,0.0,0.0,0.008198243,0.0,0.0,0.0,0.0,0.0,0.010993593,0.0,0.0,0.0,0.0,0.0,0.0,0.0,0.0,0.0,0.0,0.0,0.0,0.0,0.009813651,0.019400293,0.0,0.0,0.0,0.005829187,0.30840847,0.0,0.0,0.045637872,0.0,0.0,0.36387143
Ġpresence,0.0013136439,0.0,0.00039471398,0.0,0.0,0.00068755785,0.0,0.0,0.0,0.0,0.0,0.0,0.0011581153,0.0,0.0022306913,0.0,0.0,0.0,0.0,0.0,0.007844164,0.00046491556,0.0,0.0031202566,0.0,0.0,0.0,0.0,0.0,0.0,0.0,0.0,0.0,0.0,0.0,0.0,0.0,0.0,0.0,0.0017601034,0.0,0.11010854,0.0010694244,0.0,0.0,0.0,0.0,0.0,0.0,0.0,0.0016226134,0.24826273,0.0,0.0,0.022757417,0.0,0.0,0.0,0.0,0.0,0.0,0.0,0.0,0.0,0.0,0.0,0.0,0.004424864,0.0,0.0,0.035723567,0.0,0.0,0.006232891,0.0,0.0,0.017688097,0.0,0.0,0.0,0.08207109,0.0,0.0,0.0,0.0,0.0,0.0,0.0105296895,0.026913987,0.05757068,0.0,0.0,0.0056811166,0.0069272104,0.0,0.0,0.022651201,0.0,0.0,0.32079068
Ġmale,0.00013110158,0.0,2.48514e-05,2.1280555e-06,0.0,0.00022791156,0.002273776,9.469988e-06,0.0,0.0,0.0,0.0037905558,9.452925e-05,0.0012263118,0.000115119416,6.1646046e-05,0.0023392625,5.267417e-05,5.9481616e-05,2.511472e-05,0.0004996524,8.336201e-05,0.00011579404,0.00014356282,0.00043320167,0.0003049068,0.0,0.0,0.0,0.00012891121,0.000100480196,0.0,0.0018197426,0.0001352067,1.9901116e-05,5.1577885e-05,0.0,5.9907787e-05,6.112433e-05,6.900923e-05,6.567809e-05,4.2680615e-05,0.00027041743,0.0,0.0,0.00047845833,0.00025196327,0.0,0.0002228543,0.0,0.00039699077,3.350287e-06,0.23276484,0.03476056,0.0005870877,0.00020718323,0.00057575625,0.00030051408,0.00090807513,0.0,0.0,0.00011598325,0.0012789052,0.0021458243,0.0,0.00053196825,0.0,9.157516e-05,0.0005768899,0.0008559176,0.00014601996,0.0,0.0006493636,0.00015029173,0.0014811547,0.08357837,0.0048064278,0.2555912,0.0,0.0022416338,4.7991496e-05,0.0172326,0.00010097954,0.0003862066,0.0077700755,0.0012258313,0.00019774785,0.0020963151,0.0027253015,0.0010229377,0.0,0.000891961,0.001124664,0.0071655875,0.00025535512,0.0033162155,0.0011208421,0.0,0.12972729,0.1830539
omatic,0.00031453703,0.0,4.9961483e-05,2.4055576e-05,0.0,0.00030392155,0.0,4.738322e-05,0.0,0.0,0.0,0.0,0.0004664116,0.007648641,0.00026124725,0.00045854363,0.006269178,0.0022671917,0.00016226346,0.000117004915,0.0021023732,0.0005838614,0.0011582372,0.0013120318,0.0016836548,0.0005187828,0.0,0.0,0.0,0.00082496065,0.00022786586,0.0,0.045087833,0.0009830385,0.0005531781,0.00065050763,0.0,0.00031782617,0.00012801134,0.0005416766,0.00053387653,0.0007426621,0.0016329511,0.0,0.0,0.0016184984,0.004048035,0.0,0.0004099227,0.0,0.0015140212,0.0002687747,0.0,0.3235094,0.0028880134,0.0010739465,0.0082787005,0.0015646368,0.0033796737,0.0,0.0,0.0004097752,0.0009814923,0.020946197,0.0,0.0015694048,0.0,0.0013694143,0.0014521475,0.0076588914,0.00028999292,0.0,0.0015540139,0.0042435303,0.013802177,0.0,0.0021374223,0.0,0.0,0.0059436476,0.001198385,0.16567722,0.0005470171,0.0009299343,0.054062262,0.0029351355,0.00077064853,0.021690357,0.0054252213,0.0031459387,0.0,0.004597965,0.0039630732,0.042940017,0.0059993793,0.01356893,0.0034796644,0.0,0.0,0.18018349
ĠPrevious,0.00043208915,0.0,0.0024663513,0.0,0.0,0.0007535322,0.0,0.0,0.0,0.0,0.0,0.0,0.00037439802,0.0,0.0016886058,0.0,0.0,0.0,0.0,0.0,0.0035080172,0.00022347757,0.0,0.0016958333,0.0,0.0,0.0,0.0,0.0,0.0,0.0,0.0,0.0,0.0,0.0,0.0,0.0,0.0,0.0,0.006034557,0.0,0.0,0.0009605469,0.0,0.0,0.0,0.0,0.0,0.0,0.0,0.004370891,0.0,0.0,0.0,0.2820007,0.0,0.0,0.0,0.0,0.0,0.0,0.0,0.0,0.0,0.0,0.0,0.0,0.0029578947,0.0,0.0,0.0,0.0,0.0,0.008165457,0.0,0.0,0.024668157,0.0,0.0,0.0,0.0,0.0,0.0,0.0,0.0,0.0,0.0,0.008829838,0.013374528,0.13652095,0.0,0.0,0.011087513,0.0122058615,0.0,0.0,0.03215301,0.0,0.0,0.44552782
Ġan,0.0005189434,0.0,0.00088535174,0.0,0.0,0.00010809001,0.0,0.0,0.0,0.0,0.0,0.0,0.00028973684,0.0,0.0005687896,0.0,0.0,0.0,0.0,0.0,0.0038117017,0.00038959915,0.0,0.0005317151,0.0,0.0,0.0,0.0,0.0,0.0,0.0,0.0,0.0,0.0,0.0,0.0,0.0,0.0,0.0,0.0024875728,0.0,0.024444763,0.00078797777,0.0,0.0,0.0,0.0,0.0,0.0,0.0,0.0017455238,0.058446635,0.0,0.0,0.007987094,0.24317208,0.0,0.0,0.0,0.0,0.0,0.0,0.0,0.0,0.0,0.0,0.0,0.0015656049,0.0,0.0,0.0069846455,0.0,0.0,0.0035594965,0.0,0.0,0.0063900324,0.0,0.0,0.0,0.017788557,0.0,0.0,0.0,0.0,0.0,0.0,0.0042768656,0.0070929565,0.014206587,0.0,0.0,0.004858768,0.0048856596,0.2532881,0.0,0.012559476,0.0,0.0,0.31636772
Ġwith,0.00018869262,0.0,0.00017748546,0.00014706585,0.0,0.00032468775,0.0,0.0014270043,0.0,0.0,0.0,0.0,0.00029769575,0.0,0.00038354777,0.00093351916,0.0,0.0,0.0,0.0,0.008303977,0.000568058,0.0,0.00017118492,0.0,0.0033297713,0.0,0.0,0.0,0.0,0.0015953748,0.0,0.0,0.0,0.0084259035,0.0018022613,0.0,0.0012962798,0.0,0.0007640167,0.0058120396,0.0012161582,0.00040243712,0.0,0.0,0.0,0.01226654,0.0,0.0038849274,0.0,0.004666599,0.0020053256,0.0,0.0,0.0021978095,0.0029691646,0.39601946,0.004521265,0.0,0.0,0.0,0.0052197357,0.00066701195,0.0,0.0,0.004711628,0.0,0.001180774,0.005009761,0.005930392,0.00041426954,0.0,0.01314449,0.002445118,0.079097636,0.0,0.00315308,0.0,0.0,0.0,0.009210875,0.0,0.042096812,0.0027837951,0.0,0.012609635,0.0012191972,0.0025957846,0.005412957,0.0063440595,0.0,0.035364807,0.0040700156,0.012569536,0.027702037,0.022664115,0.0181212,0.0,0.0,0.21016294
ency,8.809391e-05,0.0,0.0007333144,0.0041445345,0.0,6.42643e-05,0.0,0.0028602073,0.0,0.0,0.0,0.0,1.9112553e-05,0.0,0.00022835334,0.0007305649,0.0,0.0,0.0,0.0,9.379497e-05,6.399248e-06,0.0,0.00019359942,0.0,0.0,0.0,0.0,0.0,0.0,0.0,0.0,0.0,0.0,0.01968971,0.023373138,0.0,0.073319614,0.0,0.00078347075,0.0,0.0012312848,9.3401e-06,0.0,0.0,0.0,0.0,0.0,0.0068753967,0.0,0.00013719761,0.012146316,0.0,0.0,0.0013949019,0.0011465393,0.0,0.24304219,0.0,0.0,0.0,0.002329325,0.0,0.0,0.0,0.004446519,0.0,0.0004912519,0.012439153,0.00035323296,0.013444364,0.0,0.0,0.00036332448,0.0,0.0,0.009812045,0.0,0.0,0.0,0.0037702187,0.0,0.0,0.07068184,0.0,0.018533105,0.28586954,0.00026349843,0.008267864,0.017546294,0.0,0.0091069,0.00015693162,0.0005650802,0.0038907074,0.0,0.011829758,0.0,0.0,0.13352768
ive,2.9392215e-05,0.0,0.000830817,9.685978e-05,0.0,0.0002136021,0.0,0.00028039204,0.0,0.0,0.0,0.0,5.204003e-05,0.0,0.0012477672,0.00023080352,0.0,0.0,0.0011599526,0.0020434635,0.00037903263,2.6208028e-05,0.0060234074,0.0008738931,0.012744361,0.0026329132,0.0,0.0,0.0,0.11311901,0.00044399314,0.0,0.0,0.0027859432,0.0012557487,0.0015675976,0.0,0.002295388,0.00065419433,0.0021100447,0.000506304,0.00054795656,2.1201493e-05,0.0,0.0,0.0,0.006021547,0.0,0.00042204518,0.0,0.00049684726,0.0025499156,0.0,0.0,0.005205324,0.00041413278,0.0050520627,0.0011909639,0.3060166,0.0,0.0,0.0027536554,0.00040379804,0.10186013,0.0,0.0003898754,0.0,0.004449151,0.0005993111,0.0006837465,0.00024436865,0.0,0.0013101922,0.0071666054,0.0054661385,0.0,0.0017442886,0.0,0.0,0.015658364,0.0013303267,0.0,0.003258878,0.0011803887,0.0,0.0031635177,0.000519192,0.0022890356,0.0062319357,0.0022602745,0.0,0.004578082,0.0009439287,0.00073253,0.009216273,0.008468482,0.00069536845,0.0,0.0,0.33086044
5,5.6459658e-06,0.0,0.00014032586,3.822925e-05,0.0,0.00015020148,9.002009e-05,2.1669675e-05,0.0,0.0061056823,0.00019626226,9.992378e-05,5.3558515e-06,0.0005380949,0.00013458749,3.8552607e-05,0.0006850239,0.00015663664,0.00010366447,5.538926e-05,1.6164806e-05,2.143302e-06,2.0516418e-05,0.000109906214,0.00021624785,0.0008284459,0.0,0.0,0.0,0.00014112816,7.8038844e-05,0.0,0.000718627,1.3085953e-05,0.00018415325,7.745595e-06,0.0011514728,1.4428523e-05,0.00013355975,0.00016762676,2.464735e-05,5.7957168e-05,4.4340545e-06,0.0,0.0,0.00020852518,0.0009459651,0.0,3.0323929e-05,0.011149237,5.4535885e-05,2.7677139e-05,0.002356604,0.0060232626,0.00035975256,6.856628e-05,6.6080494e-05,0.00036325943,0.000918063,0.25753933,0.0,0.00013198987,0.0014905145,0.0009049683,0.0668257,5.7334633e-05,0.0,0.00022266632,5.0799543e-05,0.00014396492,0.00027793928,0.05261693,0.00019439055,0.0002267964,0.0002758074,0.0019205814,0.00058700866,0.004700274,0.0,0.00032856493,9.063584e-05,0.007339242,0.00012875808,6.2618674e-05,0.0020966209,0.00018657328,3.926031e-05,0.00014037124,0.0013044685,0.0008316788,0.0,4.4128043e-05,2.6096277e-05,0.0007084269,0.00019627369,0.00077036564,0.00016403361,0.42652288,0.015689429,0.113243684
Ġ(,6.340275e-06,0.0,8.499228e-05,3.4079832e-05,0.0,6.528167e-05,0.00031720503,4.7908572e-05,0.0,0.021391036,0.0012358606,0.00011833824,1.1445074e-05,0.00016588513,4.111291e-05,6.781768e-05,0.0010575035,0.00042001327,7.896054e-05,0.00024998077,4.2092735e-05,1.7504493e-05,0.00021354447,0.00021452576,0.00031920229,0.00064644695,0.11620628,0.0,0.0,0.00012702041,0.0002885246,0.0,0.00068276515,0.00037277307,0.00025883177,0.000110425826,0.0060256803,6.649855e-05,0.0001897233,0.00020525808,0.0005455426,0.00044636626,0.00016243842,0.0,0.0,0.00018274112,0.0011284497,0.0,0.00020072331,0.028654043,0.000111396825,7.487492e-05,0.005076177,0.004942069,0.00061244215,0.00027701413,0.0012542892,0.0008387633,0.00029195574,0.012709432,0.33888558,0.00021833676,0.002067778,0.0019156303,0.036698062,0.00014016427,0.0,0.0003298639,0.00065716635,0.00039826115,0.00027171124,0.030210266,0.0008553836,0.00030665885,0.0021829314,0.025247304,0.0010148394,0.004418228,0.0,0.00060767354,0.0007791848,0.0054260716,0.00066453987,0.00014294239,0.006834605,0.00031577275,0.00015119123,0.0011113446,0.0028979366,0.0019426718,0.0,0.0004759254,0.00022147757,0.0018395733,0.0009114255,0.0024441108,0.00060624524,0.032329354,0.008148058,0.25631312
Ġupper,0.00019887186,0.0,0.00042938587,0.0,0.0,8.4580846e-05,0.0,0.0,0.0,0.0,0.0,0.0,0.00015228473,0.0,0.0001884343,0.004814609,0.0,0.0,0.0,0.0,0.00037585627,8.168957e-05,0.0,0.00045080986,0.0,0.0,0.0,0.0,0.0,0.0,0.0,0.0,0.0,0.0,0.0,0.00060994463,0.0,0.007827703,0.0,0.003990355,0.0,2.220971e-05,0.0002720582,0.0,0.0,0.0,0.0,0.0,0.0043554856,0.0,0.0006164574,0.0003353459,0.0,0.0,0.0007655207,0.0012121246,0.0,0.0,0.0,0.0,0.0,0.40804592,0.0,0.0,0.0,0.0028384326,0.0,0.00082183693,0.00052187947,0.031814806,3.8268077e-05,0.0,0.0,0.0014236972,0.0,0.0,0.0003022196,0.0,0.0,0.0,0.00026947318,0.0,0.0,0.0010565545,0.0,0.17259954,0.00018278683,0.00078080164,0.0005157955,0.0021593543,0.0,0.012383637,0.0015545238,0.00076397083,0.004706269,0.0,0.0007947974,0.0,0.0,0.32964176
ĠWe,8.486888e-05,0.0,0.0013549088,2.482492e-05,0.0,3.4812416e-05,0.0,2.9043373e-05,0.0,0.0,0.0,0.0,7.418861e-05,0.0,5.039606e-05,0.00013567337,0.0,0.0,0.0,0.0,9.435969e-05,2.7829912e-05,0.0,0.00011498933,0.0,0.0018366195,0.0,0.0,0.0,0.0,0.0,0.0,0.0,0.0,7.638523e-05,0.00063858356,0.0,0.00041412053,0.0,0.0002041714,0.0,0.0012329975,7.883461e-05,0.0,0.0,0.0,0.0008468183,0.0,0.00022033548,0.0,0.00012303445,0.00055026665,0.0,0.0,0.0027299654,0.0004324525,0.0,0.0017132569,0.0,0.0,0.0,8.958619e-06,0.5488972,0.0,0.0,0.00043713738,0.0,0.00018677466,0.0010998021,6.761821e-05,0.02782173,0.0,0.0,0.00013841131,0.0,0.0,0.0034674748,0.0,0.0,0.0,0.0013966234,0.0,0.0,0.0010557888,0.0,0.000100141886,0.0013546348,0.0005204216,0.001408925,0.0061785835,0.0,0.00027495445,0.0005217037,0.0004106718,0.0005526,0.019633139,0.0038001095,0.0,0.0,0.3675429
Ġof,3.5919824e-05,0.0,0.0008895877,0.000434014,0.0,0.0013473608,0.0,0.00027930897,0.0,0.0,0.0,0.0,4.977072e-05,0.0,0.0020341633,0.0003002781,0.0,0.0,0.003786675,0.002494913,0.000528465,5.2559182e-05,0.025797393,0.0006865435,0.07011514,0.0025369818,0.0,0.0,0.0,0.0,0.0014103237,0.0,0.0,0.003382855,0.0022615194,0.0037907558,0.0,0.0010639846,0.0037871802,0.0040728785,0.0025052368,0.0010400404,7.77887e-05,0.0,0.0,0.0,0.008782701,0.0,0.0013667644,0.0,0.002992471,0.002183796,0.0,0.0,0.0116575435,0.0004845619,0.009319535,0.004342711,0.0,0.0,0.0,0.0012712654,0.0008909878,0.35854253,0.0,0.0010178812,0.0,0.007963476,0.004391015,0.0009235466,0.00078007526,0.0,0.008347166,0.012345289,0.028564777,0.0,0.003953092,0.0,0.0,0.0698527,0.010068707,0.0,0.0065280315,0.0019726,0.0,0.007162292,0.00262394,0.002592271,0.010814153,0.007948429,0.0,0.015220233,0.0009165514,0.0052998494,0.0154674705,0.023932451,0.0036345313,0.0,0.0,0.21108301
Ġ+/-,6.3625457e-06,0.0,0.00031331606,0.00022825487,0.0,7.59319e-05,0.00028702975,0.00029335014,0.0,0.0019655055,0.00063032383,0.00010909798,1.2448971e-05,0.00082563364,4.5951354e-05,0.00022555128,0.0008064368,0.000915818,0.00028595928,0.0001479492,1.603804e-05,1.3194167e-05,7.447816e-05,7.137108e-05,0.00042461415,0.0012520659,0.0,0.0,0.0,0.00017163555,8.0504054e-05,0.0,0.0007226464,0.00011680586,0.00082443224,3.0419298e-05,0.0020830655,4.331171e-05,0.00020122262,0.0011279437,0.000105138264,0.0001232387,0.00017124266,0.0,0.0,0.00017601301,0.0024192089,0.0,0.00019065262,0.005414543,0.00023631734,7.888525e-05,0.0013197465,0.0034535325,0.00058811955,0.00042066176,0.0006532982,0.00057623844,0.00043486353,0.0,0.0,0.00065030024,0.001067438,0.0019424622,0.43227947,0.00012222427,0.0,0.00025032458,0.00011670731,0.0011575917,0.00013452429,0.055474795,0.00071278034,0.0004599535,0.0006001643,0.0051101856,0.00020539403,0.0019908962,0.0,0.00080770714,0.0004836217,0.0026587704,0.00022371921,6.057151e-05,0.0035388442,0.0004940236,3.8578153e-05,0.00029446874,0.0007970168,0.0015507096,0.0,0.0002869258,6.150372e-05,0.0012147621,0.0009523307,0.0018218902,0.00023804068,0.25948086,0.002629995,0.18454835
way,0.00038729623,0.0,0.00023374813,0.0,0.0,7.794967e-05,0.0,0.0,0.0,0.0,0.0,0.0,0.00059550314,0.0,0.00012373504,0.038435515,0.0,0.0,0.0,0.0,0.0031329454,0.0007457745,0.0,0.0005293339,0.0,0.0,0.0,0.0,0.0,0.0,0.0,0.0,0.0,0.0,0.0,0.0,0.0,0.0,0.0,0.00080147927,0.0,0.01093324,0.0002631868,0.0,0.0,0.0,0.0,0.0,0.0,0.0,0.0031549456,0.010277623,0.0,0.0,0.0023634667,0.08531573,0.0,0.0,0.0,0.0,0.0,0.0,0.0,0.0,0.0,0.28731197,0.0,0.0028799854,0.0,0.094455086,0.004709969,0.0,0.0,0.003563199,0.0,0.0,0.004618278,0.0,0.0,0.0,0.0068055755,0.0,0.0,0.0,0.0,0.0,0.0,0.001138734,0.0034841856,0.0046399976,0.0,0.0,0.003775381,0.0009754462,0.061239317,0.0,0.0059614726,0.0,0.0,0.35706994
mean,1.7500679e-06,0.0,1.5151334e-05,2.635648e-06,0.0,1.3797605e-05,3.888901e-05,1.2784671e-05,0.0,0.0032395755,0.00020206673,1.9465442e-05,6.3090138e-06,9.633538e-06,8.701932e-06,5.602667e-05,0.0006065909,5.112805e-05,7.0204023e-06,0.0001228022,9.997978e-06,1.3862814e-05,1.8652729e-05,0.00010100885,3.4124623e-05,0.00010742732,0.044279385,0.0,0.0,1.7353057e-05,1.8424345e-05,0.0,5.121589e-05,0.0003824557,6.889807e-05,7.914315e-05,0.00065749814,4.6791905e-05,4.3778207e-05,5.622177e-05,8.26557e-05,0.00019558008,8.002842e-05,0.0,0.0,0.00012420367,0.00030045756,0.0,0.00022223842,0.0019205037,3.6609472e-05,1.310115e-05,0.00086967304,0.0007650066,8.818091e-05,0.0001147946,0.00048468017,4.021738e-05,0.00014014237,0.0062152646,0.15577899,3.749215e-05,0.0005336477,0.00034969914,0.0063163177,7.121875e-05,0.54293495,0.00044903246,0.0004260226,0.00014236994,7.5199816e-05,0.008202921,7.877718e-05,9.878092e-05,0.00028194275,0.00201396,0.00068701734,0.0008653487,0.0,7.6753175e-05,7.536984e-05,0.0006351036,0.00012813581,7.51467e-05,0.0006079211,7.074631e-05,6.582224e-05,0.0003428232,0.0030932813,0.00014410654,0.0,0.0004752168,0.0002166704,0.00011482055,0.00036447012,0.00014279186,0.0001431218,0.01288258,0.0019886123,0.18673855
Ġsleep,0.0,0.0,0.003577579,0.0,0.0,0.0,0.0,0.0,0.0,0.0,0.0,0.0,0.0,0.0,0.0,0.0,0.0,0.0,0.0,0.0,0.0,0.0,0.0,0.0,0.0,0.0,0.0,0.0,0.0,0.0,0.0,0.0,0.0,0.0,0.0,0.0,0.0,0.0,0.0,0.054333612,0.0,0.0,0.0,0.0,0.0,0.0,0.0,0.0,0.0,0.0,0.0,0.0,0.0,0.0,0.0,0.0,0.0,0.0,0.0,0.0,0.0,0.0,0.0,0.0,0.0,0.0,0.0,0.35366744,0.0,0.0,0.0,0.0,0.0,0.19111685,0.0,0.0,0.0,0.0,0.0,0.0,0.0,0.0,0.0,0.0,0.0,0.0,0.0,0.0,0.0,0.0,0.0,0.0,0.0,0.0,0.0,0.0,0.0,0.0,0.0,0.3973045
Ġthat,0.0002074819,0.0,0.00029032934,0.0,0.0,0.00011998258,0.0,0.0,0.0,0.0,0.0,0.0,0.00010649628,0.0,0.00020366027,0.0024393753,0.0,0.0,0.0,0.0,0.0047314353,0.000151709,0.0,0.0002606783,0.0,0.0,0.0,0.0,0.0,0.0,0.0,0.0,0.0,0.0,0.0,0.0,0.0,0.0,0.0,0.0005743198,0.0,0.006148037,7.660609e-05,0.0,0.0,0.0,0.0,0.0,0.0,0.0,0.0010539684,0.008147335,0.0,0.0,0.002547549,0.012964865,0.0,0.0,0.0,0.0,0.0,0.0,0.0,0.0,0.0,0.03465841,0.0,0.00089111703,0.33223584,0.0026656615,0.0058093173,0.0,0.0,0.0009570819,0.0,0.0,0.0064275945,0.0,0.0,0.0,0.011815443,0.0,0.0,0.12340331,0.0,0.0,0.18713297,0.0006567089,0.009350372,0.004404626,0.0,0.0,0.0017977668,0.001084912,0.026963988,0.0,0.02471549,0.0,0.0,0.18500555
Ġupper,0.00053900015,0.0,0.0007041787,0.0,0.0,0.00030457997,0.0,0.0,0.0,0.0,0.0,0.0,0.0014349197,0.0,0.00027974977,0.0,0.0,0.0,0.0,0.0,0.0025034742,0.0021427772,0.0,0.00078332226,0.0,0.0,0.0,0.0,0.0,0.0,0.0,0.0,0.0,0.0,0.0,0.0,0.0,0.0,0.0,0.0055839797,0.0,0.002331416,0.0021203281,0.0,0.0,0.0,0.0,0.0,0.0,0.0,0.009800746,0.0051829205,0.0,0.0,0.0029013322,0.081712656,0.0,0.0,0.0,0.0,0.0,0.0,0.0,0.0,0.0,0.0,0.0,0.0057180137,0.0,0.38636646,0.00036015132,0.0,0.0,0.006478531,0.0,0.0,0.0030186651,0.0,0.0,0.0,0.0038164544,0.0,0.0,0.0,0.0,0.0,0.0,0.0023829127,0.0040319306,0.009004849,0.0,0.0,0.0046019335,0.005968983,0.0809071,0.0,0.004169798,0.0,0.0,0.3648488
Ġstudies,8.0550846e-05,0.0,0.0008014226,0.0,0.0,0.00014090154,0.0,0.0,0.0,0.0,0.0,0.0,5.253665e-05,0.0,0.00031317706,0.0,0.0,0.0,0.0,0.0,0.00030743663,2.5692716e-05,0.0,0.00020113299,0.0,0.0,0.0,0.0,0.0,0.0,0.0,0.0,0.0,0.0,0.0,0.0,0.0,0.0,0.0,0.0012493748,0.0,0.0,6.718162e-05,0.0,0.0,0.0,0.0,0.0,0.0,0.0,0.000531727,0.0,0.0,0.0,0.043941,0.0,0.0,0.0,0.0,0.0,0.0,0.0,0.0,0.0,0.0,0.0,0.0,0.00037088,0.0,0.0,0.50408787,0.0,0.0,0.001160786,0.0,0.0,0.006675809,0.0,0.0,0.0,0.0,0.0,0.0,0.0,0.0,0.0,0.0,0.00083671976,0.0028656805,0.028643029,0.0,0.0,0.00094472634,0.0009452427,0.0,0.0,0.0073493486,0.0,0.0,0.3984078
Ġage,7.591681e-05,0.0,0.0002688766,5.0586354e-05,0.0,0.00054775685,3.414797e-05,5.720362e-05,0.0,0.01054661,0.0006318412,0.00012518343,3.2285327e-05,0.00061238336,0.0008730487,4.0974868e-05,0.00065546634,0.00028003324,0.0006649353,0.0004674758,7.4207084e-05,1.2035152e-05,9.042657e-05,0.00012166937,0.00036025594,0.0008908145,0.0,0.0,0.0,0.0013118968,0.0006335216,0.0,0.0046376623,5.3591048e-05,0.00021385023,2.9500934e-05,0.0016785745,0.00020550445,0.0006312205,0.00014768245,4.955426e-05,0.00034766432,1.16934725e-05,0.0,0.0,0.00039654277,0.0007819542,0.0,0.00012251014,0.039089587,0.00020497126,0.00050683366,0.0014833676,0.0014863237,0.0005335977,7.9543745e-05,0.00011820185,0.0020298043,0.0010213531,0.0,0.0,0.00045815166,0.0011028026,0.0007765497,0.0,8.112305e-05,0.0,0.0001086235,0.0002534884,7.012604e-05,0.00049813674,0.5033525,9.36737e-05,8.306409e-05,0.00042265214,0.0037960473,0.0010819527,0.00341829,0.0,0.00051650417,0.000292677,0.0024616385,0.0012461647,0.00017918025,0.0009186938,0.00038623053,0.000111565896,0.00032880335,0.0019337649,0.0009493476,0.0,9.4435316e-05,3.3252152e-05,0.0017707373,0.00048572975,0.00083774317,0.0006589458,0.0,0.009494001,0.3863827
Ġinvestigated,0.0002879064,0.0,0.00028284444,0.00023686423,0.0,0.00025023884,0.0,0.00030447834,0.0,0.0,0.0,0.0,0.00032990664,0.0,0.00018918802,0.00086738146,0.0,0.0,0.0,0.0,0.0015380767,0.00024988828,0.0,0.00054494955,0.0,0.0046461737,0.0,0.0,0.0,0.0,0.0,0.0,0.0,0.0,0.003808138,0.0052620657,0.0,0.0040684245,0.0,0.001089353,0.0,0.0031680476,0.00084707193,0.0,0.0,0.0,0.017366653,0.0,0.007371353,0.0,0.00102297,0.0021161346,0.0,0.0,0.011017465,0.0032737767,0.0,0.00506143,0.0,0.0,0.0,0.0009151227,0.01648053,0.0,0.0,0.012868227,0.0,0.0021072112,0.01010471,0.003143854,0.008940533,0.0,0.35866588,0.003118301,0.0,0.0,0.012124239,0.0,0.0,0.0,0.026265716,0.0,0.0,0.0059584873,0.0,0.022214012,0.003936046,0.0059386543,0.014695407,0.027789738,0.0,0.032694478,0.00694711,0.0045817746,0.030927569,0.12204767,0.013913993,0.0,0.0,0.17841986
ive,0.0,0.0,0.007685873,0.0,0.0,0.0,0.0,0.0,0.0,0.0,0.0,0.0,0.0,0.0,0.0,0.0,0.0,0.0,0.0,0.0,0.0,0.0,0.0,0.0,0.0,0.0,0.0,0.0,0.0,0.0,0.0,0.0,0.0,0.0,0.0,0.0,0.0,0.0,0.0,0.09394089,0.0,0.0,0.0,0.0,0.0,0.0,0.0,0.0,0.0,0.0,0.0,0.0,0.0,0.0,0.0,0.0,0.0,0.0,0.0,0.0,0.0,0.0,0.0,0.0,0.0,0.0,0.0,0.0,0.0,0.0,0.0,0.0,0.0,0.34605834,0.0,0.0,0.0,0.0,0.0,0.0,0.0,0.0,0.0,0.0,0.0,0.0,0.0,0.0,0.0,0.0,0.0,0.0,0.0,0.0,0.0,0.0,0.0,0.0,0.0,0.55231494
Ġthat,0.00047347962,0.0,0.00027639826,8.510859e-05,0.0,0.00043196784,0.0,0.00033758467,0.0,0.0,0.0,0.0,0.00044662534,0.0,0.00056667335,0.00049477065,0.0,0.0,0.0,0.0,0.013128026,0.0003069058,0.0,0.0006728049,0.0,0.0032131155,0.0,0.0,0.0,0.0,0.017558837,0.0,0.0,0.0,0.0048291674,0.0040629017,0.0,0.0024659317,0.0,0.0006837811,0.022105956,0.0036060489,0.0006638811,0.0,0.0,0.0,0.015970385,0.0,0.0028148869,0.0,0.0015700524,0.0050474107,0.0,0.0,0.008438486,0.0021624751,0.0,0.0069107334,0.0,0.0,0.0,0.0016581239,0.0042668716,0.0,0.0,0.008464224,0.0,0.0012974647,0.016729256,0.0016556896,0.0044639055,0.0,0.043402053,0.0026536898,0.3933763,0.0,0.008939925,0.0,0.0,0.0,0.031622436,0.0,0.0,0.010486598,0.0,0.017375307,0.0066707046,0.006826142,0.013166347,0.014826624,0.0,0.02587978,0.008223617,0.010840341,0.03719146,0.051016707,0.041076932,0.0,0.0,0.11856502
Ġ(,0.00022306635,0.0,3.4930268e-05,5.1899282e-05,0.0,0.00025463803,0.003530772,1.8270768e-05,0.0,0.0,0.0,0.0074367826,0.0003219083,0.0025315988,0.00016652321,0.00082762976,0.009082986,0.0005583202,0.0005109254,0.00046669773,0.0003261909,0.00031223224,0.0005761522,0.00047323294,0.0015939133,0.0013545144,0.0,0.0,0.0,0.0009688359,0.0003240493,0.0,0.010614771,0.0022936454,0.00010529184,0.00054115115,0.0,0.00077126693,0.0004362203,0.00019106461,0.0008612125,0.00063290464,0.0009393325,0.0,0.0,0.0007961257,0.0039926064,0.0,0.00169785,0.0,0.0012177139,0.00014733679,0.0,0.048331372,0.00054117467,0.0011830915,0.009103045,0.0039832736,0.0027839704,0.0,0.0,8.454307e-05,0.0012994747,0.013013759,0.0,0.002630326,0.0,0.00037639917,0.002917317,0.003603203,0.00022486628,0.0,0.0037594554,0.00037194125,0.011447688,0.39758238,0.003943097,0.0,0.0,0.008761948,0.0004046875,0.027798463,0.00051063905,0.0028014337,0.032317728,0.0030447843,0.0014891619,0.007438205,0.003189066,0.0024206361,0.0,0.0043533817,0.0011514376,0.0066404445,0.0043843095,0.014914775,0.0018683948,0.0,0.123176076,0.18896948
ers,0.0017837198,0.0,0.0010753565,0.0,0.0,0.0029981895,0.0,0.0,0.0,0.0,0.0,0.0,0.00048722205,0.0,0.0052286456,0.0,0.0,0.0,0.0,0.0,0.0052200486,0.00028266478,0.0,0.00022387509,0.0,0.0,0.0,0.0,0.0,0.0,0.0,0.0,0.0,0.0,0.0,0.0,0.0,0.0,0.0,0.00096220337,0.0,0.0,0.00010401422,0.0,0.0,0.0,0.0,0.0,0.0,0.0,0.016685145,0.0,0.0,0.0,0.0,0.0,0.0,0.0,0.0,0.0,0.0,0.0,0.0,0.0,0.0,0.0,0.0,0.0017225948,0.0,0.0,0.0,0.0,0.0,0.0027762044,0.0,0.0,0.35699564,0.0,0.0,0.0,0.0,0.0,0.0,0.0,0.0,0.0,0.0,0.0071144933,0.071576394,0.0,0.0,0.0,0.003922962,0.1711494,0.0,0.0,0.21523587,0.0,0.0,0.13445534
seven,0.0005606905,0.0,0.00011869687,2.335963e-05,0.0,0.0006217836,0.0035768077,2.5295749e-05,0.0,0.0,0.0,0.0053188843,0.0003277601,0.001979555,0.00033564886,0.00019577329,0.004159825,0.00021562642,0.0007042047,0.0001530647,0.0011613329,0.0003656449,0.0012291725,0.00041051285,0.0023005062,0.0006226536,0.0,0.0,0.0,0.0011526938,0.0006072219,0.0,0.008721856,0.0006601381,9.091662e-05,0.00031909454,0.0,0.00021808638,0.00069283927,0.0003424332,0.00050455576,0.00014288045,0.0012994256,0.0,0.0,0.0013430513,0.0023400167,0.0,0.00070836965,0.0,0.0020696642,3.6848574e-05,0.0,0.050481945,0.001605827,0.00053180166,0.0026174025,0.0013531101,0.0023807732,0.0,0.0,0.00014063095,0.0028999343,0.016740715,0.0,0.0014310607,0.0,0.0005860392,0.0037623816,0.0014363192,0.00064688263,0.0,0.00259969,0.0006445948,0.0100594275,0.12906575,0.010134562,0.25981486,0.0,0.01565625,0.00034037838,0.053771805,0.000776415,0.0011426322,0.018737553,0.0042874767,0.001199886,0.006737134,0.0070563247,0.001873468,0.0,0.0039310027,0.0029269273,0.023224982,0.0021365408,0.00881564,0.0050895647,0.0,0.15130268,0.14640276
Ġunderwent,0.00028369797,0.02497209,0.0002142676,3.0437031e-05,0.0,0.000118082586,0.00025599904,6.5692846e-05,0.0,0.0004297247,0.00013741337,0.00020775809,0.00031095167,0.000105577565,0.00017383322,0.00014470375,0.0009644677,0.000106972846,0.00030489458,0.0005186006,0.0029362796,0.00023498516,0.001929207,0.00039312962,0.00065700896,0.00017906554,0.00093724,0.0,0.0,0.0002581942,0.000110417066,0.0,0.00024691233,0.0016388916,0.00035861315,0.00017926954,0.000128927,0.00020719398,0.00041100886,0.00081027637,0.0035185793,0.00041114455,0.0013676655,0.0,0.00021566698,0.00021962638,0.002247842,0.0,0.0011907025,0.0019842386,0.00060574256,0.00012607333,0.00042715872,0.0016088119,0.003169348,0.0008686715,0.0054236287,0.00032991933,0.00031622942,6.004245e-05,0.00069805305,0.0005421702,0.0022248107,0.0038906322,0.00043081495,0.0009917872,0.00024823734,0.00040036946,0.002502584,0.0009046556,0.0006280096,0.0002951568,0.0029617457,0.0005544497,0.010414623,0.002463611,0.0028903296,0.000997459,0.3996731,0.010075671,0.0029776227,0.0058298656,0.0007368755,0.001081111,0.020226767,0.006668426,0.00057580956,0.0050788973,0.004276338,0.008259631,0.0,0.0040246947,0.0043541067,0.0063989903,0.00432978,0.008671509,0.013375931,0.0003214011,0.006007588,0.3867186
Ġto,0.00012763974,0.0,0.0030614934,0.0004548933,0.0,0.00047260348,0.0,0.00039334653,0.0,0.0,0.0,0.0,6.633872e-05,0.0,0.001081797,0.00033397487,0.0,0.0,0.05270246,0.011880428,0.0012312359,3.31965e-05,0.0,0.0003251872,0.0,0.008469268,0.0,0.0,0.0,0.0,0.0034529122,0.0,0.0,0.0045113578,0.0025049944,0.0030270885,0.0,0.002077988,0.040937766,0.0041613323,0.008144047,0.0005449269,4.2730477e-05,0.0,0.0,0.0,0.008548214,0.0,0.003536316,0.0,0.001771995,0.0017316337,0.0,0.0,0.006496123,0.0012843197,0.013883699,0.011188756,0.0,0.0,0.0,0.0018424464,0.002735228,0.0,0.0,0.0034426532,0.0,0.0024267167,0.014629242,0.00087977236,0.0019282761,0.0,0.015930513,0.0043325517,0.03712045,0.0,0.008772707,0.0,0.0,0.3816862,0.004935542,0.0,0.012898272,0.011325458,0.0,0.017715955,0.010100072,0.0011251612,0.00875238,0.01157709,0.0,0.0152922785,0.00079992414,0.003925004,0.013045146,0.024077749,0.010585058,0.0,0.0,0.17963812
Ġsupport,0.0010320791,0.0,0.0004919261,0.0,0.0,0.000669821,0.0,0.0,0.0,0.0,0.0,0.0,0.001164086,0.0,0.0006927991,0.0,0.0,0.0,0.0,0.0,0.014172892,0.0014031082,0.0,0.0023102774,0.0,0.0,0.0,0.0,0.0,0.0,0.0,0.0,0.0,0.0,0.0,0.0,0.0,0.0,0.0,0.0023124036,0.0,0.0,0.003815639,0.0,0.0,0.0,0.0,0.0,0.0,0.0,0.0058583403,0.0,0.0,0.0,0.049998436,0.0,0.0,0.0,0.0,0.0,0.0,0.0,0.0,0.0,0.0,0.0,0.0,0.002693784,0.0,0.0,0.03022314,0.0,0.0,0.0064679463,0.0,0.0,0.011763682,0.0,0.0,0.0,0.41801083,0.0,0.0,0.0,0.0,0.0,0.0,0.017716343,0.029689783,0.06312958,0.0,0.0,0.013452724,0.021396259,0.0,0.0,0.064355075,0.0,0.0,0.23717901
ĠEight,0.00042916244,0.0,9.7981334e-05,7.5243486e-05,0.0,0.00030463884,0.0,8.0098805e-05,0.0,0.0,0.0,0.0,0.000710197,0.0,0.0002475709,0.00075942813,0.007930826,0.0022501831,0.00052638876,0.00019010543,0.0011347942,0.00060413993,0.0023016154,0.0022603401,0.0031380488,0.0005030924,0.0,0.0,0.0,0.0022587713,0.0009491186,0.0,0.0,0.0015119447,0.0007329196,0.0007027163,0.0,0.00072879274,0.00021986844,0.0008069542,0.0025443395,0.0004951465,0.0021745223,0.0,0.0,0.0014519887,0.008024649,0.0,0.0008380373,0.0,0.0012021142,0.00035236587,0.0,0.0,0.004441679,0.0014707921,0.01129814,0.00129456,0.003941885,0.0,0.0,0.00066193973,0.0021427702,0.032288775,0.0,0.0028456117,0.0,0.0012225094,0.0012820711,0.007118335,0.00060757116,0.0,0.008663728,0.003020239,0.031572998,0.0,0.0030078935,0.0,0.0,0.019641384,0.002203706,0.36497772,0.0007853514,0.0010020619,0.1354403,0.010139827,0.0007289328,0.020924712,0.003924632,0.005131633,0.0,0.005785328,0.004887895,0.025812201,0.00803271,0.021872886,0.0022961325,0.0,0.0,0.200993
Ġinterference,0.00032726297,0.0,0.00047629222,5.2869167e-05,0.0,7.364698e-05,0.0,0.0007343,0.0,0.0,0.0,0.0,0.00016774185,0.0,0.00018170614,0.0003345109,0.0,0.0,0.0,0.0,0.0038213932,9.2526454e-05,0.0,0.00019241477,0.0,0.003104558,0.0,0.0,0.0,0.0,0.031608865,0.0,0.0,0.0,0.0013380966,0.0037123582,0.0,0.00384422,0.0,0.00032146077,0.008928785,0.00046552188,0.00012819217,0.0,0.0,0.0,0.0017457629,0.0,0.00047793688,0.0,0.00075372384,0.006520016,0.0,0.0,0.0029662715,0.00064211147,0.0,0.0070571695,0.0,0.0,0.0,0.0012312495,0.0030382192,0.0,0.0,0.0015751435,0.0,0.00044538968,0.006345904,0.00066268316,0.005452781,0.0,0.012887447,0.0005811315,0.077419296,0.0,0.0047919606,0.0,0.0,0.0,0.003417816,0.0,0.3537753,0.0057980684,0.0,0.00287363,0.005373161,0.00086469436,0.0048341225,0.00693674,0.0,0.005688019,0.0030714045,0.0034027302,0.0025061907,0.019495899,0.025124785,0.0,0.0,0.36233643
Ġreflex,0.0006270771,0.0,0.00019592488,0.0,0.0,7.761097e-05,0.0,0.0,0.0,0.0,0.0,0.0,0.00032992527,0.0,0.00026988983,0.008547062,0.0,0.0,0.0,0.0,0.0022141475,0.00019850433,0.0,0.00032773355,0.0,0.0,0.0,0.0,0.0,0.0,0.0,0.0,0.0,0.0,0.0,0.0,0.0,0.0,0.0,0.00019192939,0.0,0.0138252685,6.1914994e-05,0.0,0.0,0.0,0.0,0.0,0.0,0.0,0.00081116415,0.025130589,0.0,0.0,0.0014832316,0.055279747,0.0,0.0,0.0,0.0,0.0,0.0,0.0,0.0,0.0,0.16129853,0.0,0.0005552229,0.0,0.007840563,0.0060927924,0.0,0.0,0.00033968687,0.0,0.0,0.008307226,0.0,0.0,0.0,0.007078717,0.0,0.0,0.3522586,0.0,0.0,0.0,0.00054878707,0.003502811,0.0064666895,0.0,0.0,0.0010889034,0.000638338,0.042998698,0.0,0.009828672,0.0,0.0,0.28158402
.,0.00022684634,0.0,0.00011171217,4.0579525e-05,0.0,7.418202e-05,0.0,4.061774e-05,0.0,0.0,0.0,0.0,0.00024632816,0.0,7.063608e-05,0.00029218124,0.018615287,0.0009581424,0.0012285374,0.0011002125,0.0004435218,0.0001448456,0.0019256048,0.0003934515,0.0049193967,0.0010924968,0.0,0.0,0.0,0.00096888846,0.0022986908,0.0,0.0,0.0019821217,0.00032893798,0.00042310817,0.0,0.00073727994,0.0011102177,0.0005796944,0.0053298837,0.0005943873,0.00078171026,0.0,0.0,0.0009032248,0.0033558842,0.0,0.00066395546,0.0,0.00053237285,0.0006871372,0.0,0.0,0.0037345362,0.0005467774,0.008548663,0.002426206,0.002269289,0.0,0.0,0.00012449147,0.00894838,0.014933366,0.0,0.0015220066,0.0,0.00048130756,0.0007733122,0.0014367031,0.0030044836,0.0,0.04885152,0.0014309025,0.03108142,0.0,0.008216304,0.0,0.0,0.016516836,0.005440612,0.0,0.0024426968,0.0011507893,0.31755003,0.0044480255,0.0010401445,0.0069771404,0.0059913234,0.04394787,0.0,0.0042093364,0.001960734,0.007268953,0.0050923913,0.21814026,0.0063468707,0.0,0.0,0.15994428
Ġof,0.00061033794,0.0,0.0005002998,0.0,0.0,0.000637829,0.0,0.0,0.0,0.0,0.0,0.0,0.00040907142,0.0,0.0011862221,0.002282334,0.0,0.0,0.0,0.0,0.0012422872,0.00028504728,0.0,0.0005552269,0.0,0.0,0.0,0.0,0.0,0.0,0.0,0.0,0.0,0.0,0.0,0.0045575933,0.0,0.04682695,0.0,0.0015495676,0.0,0.00043756547,0.00016499883,0.0,0.0,0.0,0.0,0.0,0.035960868,0.0,0.0012583403,0.002821422,0.0,0.0,0.0013980304,0.0030108413,0.0,0.0,0.0,0.0,0.0,0.0,0.0,0.0,0.0,0.010699529,0.0,0.0008641022,0.006372584,0.007656923,0.0005711829,0.0,0.0,0.0016061559,0.0,0.0,0.0042582443,0.0,0.0,0.0,0.0031346309,0.0,0.0,0.008192805,0.0,0.37395632,0.0028784305,0.0032341317,0.0053270073,0.010815941,0.0,0.07891456,0.0019124517,0.0040342533,0.03440938,0.0,0.0030778665,0.0,0.0,0.33238867
Ġmechanism,0.0004172363,0.0,0.00034249542,0.0,0.0,5.1859108e-05,0.0,0.0,0.0,0.0,0.0,0.0,0.0001226145,0.0,0.0001553667,0.0020556115,0.0,0.0,0.0,0.0,0.0012380129,9.583228e-05,0.0,0.00027965207,0.0,0.0,0.0,0.0,0.0,0.0,0.0,0.0,0.0,0.0,0.0,0.0,0.0,0.0,0.0,0.00031251102,0.0,0.007739242,9.083703e-05,0.0,0.0,0.0,0.0,0.0,0.0,0.0,0.0003333255,0.010843627,0.0,0.0,0.0018146904,0.019903902,0.0,0.0,0.0,0.0,0.0,0.0,0.0,0.0,0.0,0.050151996,0.0,0.00050781015,0.0,0.0019712166,0.011829971,0.0,0.0,0.00033201493,0.0,0.0,0.015058305,0.0,0.0,0.0,0.008423407,0.0,0.0,0.19893022,0.0,0.0,0.36972016,0.0006373376,0.0062034093,0.012129919,0.0,0.0,0.0011553501,0.0010412962,0.023432294,0.0,0.019229978,0.0,0.0,0.23344846
Ġfollowing,0.0,0.0,0.0012333184,0.0,0.0,0.0,0.0,0.0,0.0,0.0,0.0,0.0,0.0,0.0,0.0,0.0,0.0,0.0,0.0,0.0,0.0,0.0,0.0,0.004711517,0.0,0.0,0.0,0.0,0.0,0.0,0.0,0.0,0.0,0.0,0.0,0.0,0.0,0.0,0.0,0.0048159007,0.0,0.0,0.0,0.0,0.0,0.0,0.0,0.0,0.0,0.0,0.0,0.0,0.0,0.0,0.0,0.0,0.0,0.0,0.0,0.0,0.0,0.0,0.0,0.0,0.0,0.0,0.0,0.0019392057,0.0,0.0,0.0,0.0,0.0,0.0041837776,0.0,0.0,0.0,0.0,0.0,0.0,0.0,0.0,0.0,0.0,0.0,0.0,0.0,0.48168445,0.042056516,0.0,0.0,0.0,0.0,0.0,0.0,0.0,0.0,0.0,0.0,0.45937532
nea,0.0,0.0,0.007487319,0.0,0.0,0.0,0.0,0.0,0.0,0.0,0.0,0.0,0.0,0.0,0.0,0.0,0.0,0.0,0.0,0.0,0.0,0.0,0.0,0.03471062,0.0,0.0,0.0,0.0,0.0,0.0,0.0,0.0,0.0,0.0,0.0,0.0,0.0,0.0,0.0,0.04353629,0.0,0.0,0.0,0.0,0.0,0.0,0.0,0.0,0.0,0.0,0.0,0.0,0.0,0.0,0.0,0.0,0.0,0.0,0.0,0.0,0.0,0.0,0.0,0.0,0.0,0.0,0.0,0.07860382,0.0,0.0,0.0,0.0,0.0,0.10357715,0.0,0.0,0.0,0.0,0.0,0.0,0.0,0.0,0.0,0.0,0.0,0.0,0.0,0.0,0.32616654,0.0,0.0,0.0,0.0,0.0,0.0,0.0,0.0,0.0,0.0,0.40591818
.,0.00075217104,0.0,0.0031010301,0.0,0.0,0.00054814003,0.0,0.0,0.0,0.0,0.0,0.0,0.00038596586,0.0,0.0018271937,0.0,0.0,0.0,0.0,0.0,0.002411608,0.000104027575,0.0,0.0014896737,0.0,0.0,0.0,0.0,0.0,0.0,0.0,0.0,0.0,0.0,0.0,0.0,0.0,0.0,0.0,0.0029443689,0.0,0.0,0.00045011178,0.0,0.0,0.0,0.0,0.0,0.0,0.0,0.0012668658,0.0,0.0,0.0,0.0,0.0,0.0,0.0,0.0,0.0,0.0,0.0,0.0,0.0,0.0,0.0,0.0,0.0017408876,0.0,0.0,0.0,0.0,0.0,0.0029491575,0.0,0.0,0.10051334,0.0,0.0,0.0,0.0,0.0,0.0,0.0,0.0,0.0,0.0,0.010128734,0.029546134,0.33733144,0.0,0.0,0.0053304266,0.010181835,0.0,0.0,0.041909408,0.0,0.0,0.44508746
Ġstudies,6.3740146e-05,0.0066224276,3.7056256e-05,2.100961e-05,0.0,6.787388e-05,2.5787116e-05,4.736644e-05,0.0,0.00031582973,1.9041046e-05,5.855633e-05,3.7156224e-05,1.573277e-05,0.00010512994,5.2428415e-05,0.0010126338,2.7800688e-05,0.00030160576,0.00061844767,0.00021143517,2.908024e-05,0.00038588385,5.2949028e-05,0.0011507571,0.00034024988,0.0012435425,0.056667626,0.0,9.052618e-05,7.951389e-05,0.0,3.266849e-05,0.00018135208,0.00023003628,0.00018786569,1.2937944e-05,0.00022641862,0.0007842798,8.7111985e-05,0.00029039834,0.00014081081,5.260411e-05,0.06744592,1.7977774e-05,4.6190675e-05,0.00020356505,0.0,0.0005667842,0.0013424319,0.000413911,9.131748e-05,6.579566e-05,0.00010212862,0.00046574135,8.537903e-05,0.00018159368,0.0020233525,3.9673447e-05,1.5545638e-05,0.00013252422,4.3599983e-05,0.0024029452,0.00051688816,0.00012956966,0.0003940629,5.983917e-05,0.0001463324,0.0022297087,2.918618e-05,0.0015507081,0.00030004207,0.000325429,5.5749755e-05,0.00040473978,0.00022916352,0.007564719,3.8454436e-05,0.06365792,0.0009103615,0.00078817876,0.0006855712,0.00075216324,0.0014442077,0.0025778634,0.0006111062,0.004357754,0.00012337381,0.0055104904,0.0019795774,0.537298,0.0006670734,0.00013186941,0.0013432872,0.0002995332,0.0010148574,0.018288963,5.772188e-05,0.009340611,0.18616347
Ġto,0.00019317024,0.0,0.00058780116,0.0,0.0,0.00062574353,0.0,0.0,0.0,0.0,0.0,0.0,0.0002072013,0.0,0.00091176835,0.0017609011,0.0,0.0,0.0,0.0,0.0022592817,0.0005503853,0.0,0.00038723144,0.0,0.0,0.0,0.0,0.0,0.0,0.0,0.0,0.0,0.0,0.0,0.083680585,0.0,0.0,0.0,0.0013900208,0.0,0.0038029535,0.00020444271,0.0,0.0,0.0,0.0,0.0,0.0,0.0,0.0029026272,0.0077899424,0.0,0.0,0.005239454,0.007718675,0.0,0.0,0.0,0.0,0.0,0.0,0.0,0.0,0.0,0.011948468,0.0,0.0009625096,0.10778686,0.0039108694,0.004317169,0.0,0.0,0.001984934,0.0,0.0,0.008091003,0.0,0.0,0.0,0.017967738,0.0,0.0,0.018462671,0.0,0.0,0.023504153,0.002967335,0.016299801,0.0105678225,0.0,0.4235891,0.0026868326,0.0044095553,0.05022836,0.0,0.011385528,0.0,0.0,0.15871722
Ġtopical,0.0,0.0,0.00054747134,0.0,0.0,0.0,0.0,0.0,0.0,0.0,0.0,0.0,0.0,0.0,0.0,0.0,0.0,0.0,0.0,0.0,0.0,0.0,0.0,0.0023387722,0.0,0.0,0.0,0.0,0.0,0.0,0.0,0.0,0.0,0.0,0.0,0.0,0.0,0.0,0.0,0.0021075944,0.0,0.0,0.0,0.0,0.0,0.0,0.0,0.0,0.0,0.0,0.0,0.0,0.0,0.0,0.0,0.0,0.0,0.0,0.0,0.0,0.0,0.0,0.0,0.0,0.0,0.0,0.0,0.0012402565,0.0,0.0,0.0,0.0,0.0,0.0026212372,0.0,0.0,0.0,0.0,0.0,0.0,0.0,0.0,0.0,0.0,0.0,0.0,0.0,0.1666545,0.013409762,0.0,0.0,0.0,0.26244628,0.0,0.0,0.0,0.0,0.0,0.0,0.54863405
Ġin,0.0012960787,0.0,0.0010528937,0.0,0.0,0.0,0.0,0.0,0.0,0.0,0.0,0.0,0.0006378294,0.0,0.0,0.0,0.0,0.0,0.0,0.0,0.0039906143,0.0007489963,0.0,0.00039346638,0.0,0.0,0.0,0.0,0.0,0.0,0.0,0.0,0.0,0.0,0.0,0.0,0.0,0.0,0.0,0.004045141,0.0,0.0,0.0018873719,0.0,0.0,0.0,0.0,0.0,0.0,0.0,0.0,0.0,0.0,0.0,0.0,0.0,0.0,0.0,0.0,0.0,0.0,0.0,0.0,0.0,0.0,0.0,0.0,0.0017479759,0.0,0.0,0.0,0.0,0.0,0.00455621,0.0,0.0,0.0,0.0,0.0,0.0,0.0,0.0,0.0,0.0,0.0,0.0,0.0,0.014823445,0.02742683,0.0,0.0,0.0,0.00388659,0.4779646,0.0,0.0,0.06338754,0.0,0.0,0.39215434
Ġof,0.0016306387,0.0,0.0010919153,0.0,0.0,0.0004211475,0.0,0.0,0.0,0.0,0.0,0.0,0.0013332756,0.0,0.0013498754,0.0,0.0,0.0,0.0,0.0,0.010079322,0.0009255813,0.0,0.0014891555,0.0,0.0,0.0,0.0,0.0,0.0,0.0,0.0,0.0,0.0,0.0,0.0,0.0,0.0,0.0,0.0033272454,0.0,0.02218261,0.00082291703,0.0,0.0,0.0,0.0,0.0,0.0,0.0,0.0028934432,0.096624516,0.0,0.0,0.008497866,0.0,0.0,0.0,0.0,0.0,0.0,0.0,0.0,0.0,0.0,0.0,0.0,0.0039097695,0.0,0.0,0.0088622235,0.0,0.0,0.008024911,0.0,0.0,0.010760878,0.0,0.0,0.0,0.038180534,0.0,0.0,0.0,0.0,0.0,0.0,0.009527388,0.02305455,0.01973568,0.0,0.0,0.00686305,0.009500345,0.3683352,0.0,0.028251197,0.0,0.0,0.3123247
.,0.0004647382,0.0,0.001448776,0.00025088395,0.0,0.0003927372,0.0,0.00023500026,0.0,0.0,0.0,0.0,0.0004794734,0.0,0.00044413432,0.00081568526,0.0,0.0,0.0,0.0,0.0021232236,0.00025342574,0.0,0.0007658241,0.0,0.01681788,0.0,0.0,0.0,0.0,0.0,0.0,0.0,0.0,0.0015676669,0.005384142,0.0,0.0025327776,0.0,0.0018027849,0.0,0.004523979,0.0012325011,0.0,0.0,0.0,0.014730532,0.0,0.0040924274,0.0,0.0013100444,0.0028154901,0.0,0.0,0.010363488,0.0026745342,0.0,0.0107738,0.0,0.0,0.0,0.00031923296,0.0,0.0,0.0,0.006156796,0.0,0.002243524,0.0071708127,0.0012837169,0.021455841,0.0,0.0,0.0023835534,0.0,0.0,0.031695534,0.0,0.0,0.0,0.021320105,0.0,0.0,0.0103009045,0.0,0.0079465285,0.010108763,0.0081323935,0.025013419,0.0842177,0.0,0.018949382,0.005485227,0.007898132,0.018999653,0.4249508,0.035841074,0.0,0.0,0.15983097
Ġanesthesia,0.015238525,0.0,0.00064483285,0.0,0.0,0.0,0.0,0.0,0.0,0.0,0.0,0.0,0.004252008,0.0,0.0,0.0,0.0,0.0,0.0,0.0,0.0492248,0.0022988748,0.0,0.0016779924,0.0,0.0,0.0,0.0,0.0,0.0,0.0,0.0,0.0,0.0,0.0,0.0,0.0,0.0,0.0,0.0013052798,0.0,0.0,0.0025297622,0.0,0.0,0.0,0.0,0.0,0.0,0.0,0.0,0.0,0.0,0.0,0.0,0.0,0.0,0.0,0.0,0.0,0.0,0.0,0.0,0.0,0.0,0.0,0.0,0.0020224825,0.0,0.0,0.0,0.0,0.0,0.004153804,0.0,0.0,0.0,0.0,0.0,0.0,0.0,0.0,0.0,0.0,0.0,0.0,0.0,0.03935035,0.08385425,0.0,0.0,0.0,0.043323424,0.0,0.0,0.0,0.48632362,0.0,0.0,0.2638
39,5.0913795e-06,0.0,0.00021588357,2.7718344e-05,0.0,6.9624e-05,4.0858737e-05,2.7154812e-05,0.0,0.00614118,0.0002770343,4.736886e-05,4.897887e-06,0.00028016066,8.312535e-05,2.2571658e-05,0.0008350287,0.00018326817,0.0002197765,0.00016413002,1.0127754e-05,4.169428e-06,3.5466775e-05,3.6654015e-05,0.00018609334,0.00035482564,0.0,0.0,0.0,9.614619e-05,7.234981e-05,0.0,0.00036440932,2.5087691e-05,0.00013303664,5.4926804e-06,0.00074303075,1.964337e-05,0.0005537392,0.00027270496,2.0252215e-05,3.8536695e-05,7.4572968e-06,0.0,0.0,0.00014834091,0.00049628486,0.0,6.152751e-05,0.009070893,9.344109e-05,4.0862597e-05,0.0012145055,0.0030122895,0.00014803723,0.00011763339,8.320736e-05,0.00018535262,0.00049236545,0.0,0.0,0.00015618351,0.0017525377,0.0007758534,0.0,3.497684e-05,0.0,0.000115345174,6.24664e-05,0.00014756278,0.00021510612,0.05466311,0.00013369917,0.00027103728,0.00019992642,0.0022145894,0.00060137466,0.002145421,0.0,0.00035355185,0.000103266146,0.0042041554,0.0001734263,2.1319749e-05,0.0015449036,0.00012817957,1.6217786e-05,0.0001716607,0.0010579891,0.0007078347,0.0,6.1014594e-05,2.586723e-05,0.00063061854,0.0002978466,0.00059766177,9.53134e-05,0.7052571,0.01276703,0.17797819
ers,0.00022055075,0.0,8.709606e-05,2.0690857e-05,0.0,0.000110615634,0.0022338436,6.113928e-05,0.0,0.0,0.0,0.0036771223,0.00015881509,0.0018533213,0.000109385546,0.00024146834,0.003739944,0.000389226,0.0004894799,0.00036258512,0.0010137236,0.00015511928,0.0011485519,0.0002405703,0.0015900189,0.0011717111,0.0,0.0,0.0,0.0005796957,0.00023431785,0.0,0.0022251545,0.0002768332,0.00068753463,0.00047639693,0.0,0.00082406733,0.0011879607,0.00023827629,0.000412714,0.00017532786,6.6518456e-05,0.0,0.0,0.0006293365,0.0014212898,0.0,0.00068447914,0.0,0.0013334093,0.00013588036,0.0,0.016419072,0.0007771672,0.00026212767,0.002088746,0.00565962,0.0009962447,0.0,0.0,0.00012171343,0.004159833,0.004672595,0.0,0.001305536,0.0,0.0005230283,0.0031753907,0.00071004935,0.0009003883,0.0,0.0013636504,0.0005079353,0.0033360487,0.0,0.0104961675,0.0,0.0,0.0056092907,0.0003912871,0.017310165,0.00094827724,0.002013437,0.019706877,0.0017849754,0.003128445,0.0016490803,0.0067099305,0.00087487366,0.0,0.0019507569,0.001286365,0.006800258,0.0010073058,0.005628163,0.013020245,0.0,0.6834398,0.13860102
<|begin_of_text|>,0.0,0.0,0.0,0.0,0.0,0.0,0.0,0.0,0.0,0.0,0.0,0.0,0.0,0.0,0.0,0.0,0.0,0.0,0.0,0.0,0.0,0.0,0.0,0.0,0.0,0.0,0.0,0.0,0.0,0.0,0.0,0.0,0.0,0.0,0.0,0.0,0.0,0.0,0.0,0.0,0.0,0.0,0.0,0.0,0.0,0.0,0.0,0.0,0.0,0.0,0.0,0.0,0.0,0.0,0.0,0.0,0.0,0.0,0.0,0.0,0.0,0.0,0.0,0.0,0.0,0.0,0.0,0.0,0.0,0.0,0.0,0.0,0.0,0.0,0.0,0.0,0.0,0.0,0.0,0.0,0.0,0.0,0.0,0.0,0.0,0.0,0.0,0.0,0.0,0.0,0.0,0.0,0.0,0.0,0.0,0.0,0.0,0.0,0.0,1.0
