,nge,Ġpat,"),",Ġsuccessive,Ġnights,ary,Ġair,Ġsn,Ġsn,Ġreflex,Ob,Ġand,Ġfemale,al,Ġasympt,or,nea,Ġcontributes,Ġair,or,oph,Ġdevelopment,Ġap,Ġthe,Ġyr,Ġsleep,Ġpossibility,.,Ġthree,Ġap,Ġthe,Ġsleep,Ġmechanism,way,Ġthis,Ġotherwise,Ġcontributes,Ġobstruct,Ġmaintenance,Ġthe,Ġthe,Ġor,Ġone,"),",Ġsleep,Ġduring,Ġloud,Ġon,Ġovernight,Ġmale,ĠPrevious,Ġan,omatic,Ġpresence,ĠWe,Ġ+/-,5,Ġstudies,struct,Ġthat,ive,Ġwith,ency,Ġupper,Ġ(,ive,ers,way,mean,Ġsleep,Ġinvestigated,Ġupper,Ġ+/-,.,Ġof,Ġage,nea,Ġsupport,Ġ(,Ġthat,ĠEight,Ġunderwent,Ġreflex,seven,Ġof,Ġmechanism,.,Ġto,Ġin,Ġtopical,Ġstudies,Ġinterference,Ġanesthesia,Ġfollowing,Ġto,Ġof,39,.,ers,<|begin_of_text|>
nge,0.09067729,0.0,0.0,0.0,0.0,0.07518472,0.0,0.0,0.0,0.0,0.0001869082,0.0,0.0,0.0,0.0,0.0,0.0,0.0,0.0,0.0,0.06977962,0.0,0.0,0.0,0.0,0.0,0.0,0.0,0.0,0.006666509,0.0,0.0,0.0,0.0,0.0,0.0,0.0,0.0,0.0,0.0,0.0,0.037445232,0.0,0.0,0.0,0.0,0.0,0.0,0.0,0.0,0.0,0.0,0.0,0.0,0.0,0.0,0.0,0.0,0.000847,0.0,0.0,0.0,0.0,0.0,0.0,0.0025556642,0.0,0.0,0.0,0.0027042849,0.0,0.0,0.0,0.0,0.0,0.0,0.008011225,0.0,0.0,0.0,0.0,0.0,0.0,0.0,0.0,0.0,0.0,0.0,0.0,0.15868069,0.0,0.0,0.0,0.076845504,0.0,0.0,0.0,0.0,0.0,0.47041538
Ġpat,5.886834e-05,0.1443109,0.0,0.0,0.0,4.5549747e-05,0.009724793,0.00019914542,0.0,0.0,0.00021538154,0.0,0.0,0.00011135709,0.0,0.0,0.0,0.0,0.0034536505,0.00027958685,1.1688362e-05,0.0,0.0,0.0,0.0,0.0,0.0,0.0,0.0,0.0002468694,0.00013593158,0.0,0.0,0.1105627,0.0,0.0,0.0014959149,0.0,0.0061863344,0.0027744947,0.0,1.036386e-05,0.0,0.0,0.0,0.0,0.0005232295,0.0,0.0,0.0,0.00027126723,8.8185865e-05,0.0,0.00091040734,0.0,0.0,0.0,0.00023692184,0.0002707077,0.0023770106,0.0,0.0,0.0,0.0056151003,0.0,0.0007169187,0.00017054746,0.0042293505,0.0,0.0013750432,0.0,0.0010172415,0.0,0.0,0.0,0.0,0.0013043826,0.000633525,0.0,0.0,0.0,0.0,0.0032125928,0.0,0.017025024,0.0028736305,0.0,0.0,0.0001897356,8.77821e-05,0.0,0.0,0.0017537578,0.00014677286,0.0031781006,0.0014229384,0.0,0.0014729997,0.0,0.6690733
"),",6.8904787e-06,4.4588983e-06,0.11653751,0.0,0.0,8.166283e-06,6.3958482e-06,8.0329664e-05,9.948047e-05,0.00029730142,9.272882e-05,0.00013556195,0.009404863,0.0001990899,0.00012196555,0.00013161864,0.0021563163,0.00012992519,2.6450127e-05,3.100868e-05,9.844623e-06,0.00053671293,3.8308288e-05,0.0005122252,0.030619664,0.0002304219,0.00013502428,0.0,0.0,3.2856682e-05,0.00018288309,0.0,0.002305847,0.00023862485,6.0738454e-05,0.0002611341,2.630907e-05,5.7617395e-05,1.7633352e-05,0.00018261017,0.00046327157,8.526444e-06,0.00036707398,0.09616319,0.00014545517,0.0003620754,0.00015708973,0.0,0.0,0.0016808925,0.00037922204,5.9221158e-05,0.0027110982,1.0493657e-05,0.010381983,0.00010268492,0.000617184,0.0010703955,6.034354e-05,0.0021507505,0.00018951764,0.00028014422,0.000670244,1.8990055e-05,0.0023633607,0.00017609967,0.0016548753,0.00045625103,0.0013368797,0.0002099306,0.0006466682,8.37875e-05,0.00030098055,0.004543908,0.0012933431,0.010528955,0.0020182852,0.00020465729,0.004984083,0.0033752276,0.003054206,0.0,0.00044735635,0.0041684937,0.00021779549,0.0010595203,0.0013912448,0.002103282,0.0015766794,0.00018621201,0.0,0.00050123374,0.001727884,0.00056282396,0.00026781854,0.00058241363,0.0028785067,0.0020937836,0.6268581,0.03192349
Ġsuccessive,8.897244e-05,6.203659e-05,0.0014927608,0.19749388,0.0,5.1056337e-05,4.2049734e-05,0.00028613312,8.2965686e-05,5.6219473e-05,0.00022778942,6.603112e-05,0.00039952123,0.00023024256,7.23828e-05,7.661803e-05,0.00025843192,8.387845e-05,5.030741e-05,0.00073761423,3.3836215e-05,0.00030946053,0.00010308531,0.00049006887,0.0010611119,0.0008121509,8.504659e-06,0.0,0.16847137,0.00013899976,0.00011649746,0.008838763,3.0690575e-05,0.00015323483,0.00043213213,0.00020643228,9.954259e-05,0.00022333383,9.98293e-05,0.00079956726,0.00038482805,0.00012399208,8.748094e-05,0.0004729626,0.00022398868,0.0059650308,0.0010805839,0.06531801,0.0143711595,0.00040488035,0.0018742935,0.00019614413,0.003059427,5.0927127e-05,0.0011163355,0.00014621239,0.00054951885,0.00023594177,0.00059295,0.0003316835,0.0005240503,0.0005857709,0.000470127,0.00026216902,0.0010956151,0.00037883566,0.0018023107,0.00010145014,0.00027342877,0.00063831714,0.0007196898,0.00018513144,0.0010297766,0.00796961,0.0043129637,0.00048128766,0.0019132831,0.00022484573,0.0015500498,0.00087501586,0.0064770943,0.022815213,0.00015174576,0.0006927037,0.0026860344,0.00012955641,0.0030155736,0.002860593,0.006187897,0.00046821352,0.02797776,4.4972487e-05,0.0038785296,0.0013577674,0.0031313447,0.0017077983,0.0017711832,0.003471089,0.0022964969,0.40107885
Ġnights,5.888572e-06,1.4572771e-05,0.004968794,0.0032567505,0.17479457,2.3775424e-06,1.5287127e-05,1.5669664e-05,5.2363657e-06,0.00015551748,1.7043732e-05,2.6594828e-06,0.00017336561,6.608169e-05,7.798711e-06,8.0534e-06,0.0003612908,4.3029137e-05,7.711816e-06,3.887859e-05,2.1501194e-06,0.000160625,1.669246e-05,9.3006594e-05,0.0012772265,0.00091907434,1.1569092e-05,0.0,0.012499348,1.3691028e-05,3.8655766e-05,0.013854336,0.00022194986,0.00020013395,6.446785e-05,1.1376528e-05,5.593031e-05,2.0512112e-05,7.38921e-05,0.0002550443,0.00010356329,9.117529e-06,1.7199003e-06,0.0010893102,2.6821737e-05,0.0005029073,8.302812e-05,0.026646622,0.018763436,2.9209223e-05,9.938643e-05,3.5308192e-05,0.00016695412,2.1817546e-05,0.0014245787,6.1839196e-06,2.0620124e-05,0.00035328572,2.2138604e-05,0.0008644381,2.5271871e-05,0.0001264763,0.002367962,1.7653836e-05,0.00011948982,2.3828394e-05,0.0016714244,6.851418e-05,4.058007e-05,7.982848e-05,0.00022900185,7.057915e-06,8.354536e-05,0.0014540552,0.00035612466,0.00031717954,0.0030588463,0.00016895404,0.00019764232,0.00036072877,0.0003719244,0.029941643,0.00025050333,2.5007452e-05,0.00029706134,0.0013339787,0.00077995285,0.0003610225,0.0005263778,5.4654385e-05,0.5844177,0.00016528831,0.0061419527,8.731597e-05,0.0004825968,0.00032463018,8.690343e-05,0.0006170762,0.00852894,0.090229586
ary,0.0,0.0,0.0,0.0,0.0,0.08081544,0.0,0.0,0.0,0.0,0.0007990715,0.0,0.0,0.0,0.0,0.0,0.0,0.0,0.0,0.0,0.082611255,0.0,0.0,0.0,0.0,0.0,0.0,0.0,0.0,0.020004146,0.0,0.0,0.0,0.0,0.0,0.0,0.0,0.0,0.0,0.0,0.0,0.024107756,0.0,0.0,0.0,0.0,0.0,0.0,0.0,0.0,0.0,0.0,0.0,0.0,0.0,0.0,0.0,0.0,0.002712719,0.0,0.0,0.0,0.0,0.0,0.0,0.003595354,0.0,0.0,0.0,0.006245358,0.0,0.0,0.0,0.0,0.0,0.0,0.007543865,0.0,0.0,0.0,0.0,0.0,0.0,0.0,0.0,0.0,0.0,0.0,0.0,0.17775026,0.0,0.0,0.0,0.045674548,0.0,0.0,0.0,0.0,0.0,0.54814035
Ġair,0.00011024558,0.0,0.0,0.0,0.0,0.00010140252,0.14707437,0.00012339567,0.0,0.0,0.0010209841,0.0,0.0,0.00031075426,0.0,0.0,0.0,0.0,0.008424669,0.00015486816,9.7797674e-05,0.0,0.0,0.0,0.0,0.0,0.0,0.0,0.0,0.0004466965,0.00012769358,0.0,0.0,0.0,0.0,0.0,0.0033983767,0.0,0.021230966,0.022109454,0.0,0.00014036999,0.0,0.0,0.0,0.0,0.000645565,0.0,0.0,0.0,0.0011141404,0.001152536,0.0,0.00029298812,0.0,0.0,0.0,0.00021796134,0.0013872168,0.0032304646,0.0,0.0,0.0,0.21226579,0.0,0.00078610785,0.00016907795,0.0095964605,0.0,0.0011197026,0.0,0.0130675165,0.0,0.0,0.0,0.0,0.00092137617,0.0004608421,0.0,0.0,0.0,0.0,0.0036996205,0.0,0.21744175,0.0013245299,0.0,0.0,0.00041302157,0.0009490187,0.0,0.0,0.0014033347,0.0004124252,0.040064402,0.003673735,0.0,0.001051574,0.0,0.27826682
Ġsn,0.0009530065,0.0,0.0,0.0,0.0,0.001977884,0.0,0.12959118,0.0,0.0,0.0011680635,0.0,0.0,0.0016977063,0.0,0.0,0.0,0.0,0.0,0.0,0.0025628465,0.0,0.0,0.0,0.0,0.0,0.0,0.0,0.0,0.00052591506,0.0,0.0,0.0,0.0,0.0,0.0,0.0,0.0,0.0,0.0,0.0,0.00028333382,0.0,0.0,0.0,0.0,0.17943606,0.0,0.0,0.0,0.0,0.0,0.0,0.0,0.0,0.0,0.0,0.0,0.00089145335,0.0,0.0,0.0,0.0,0.0,0.0,0.00082139607,0.0,0.0,0.0,0.0033087067,0.0,0.0,0.0,0.0,0.0,0.0,0.0018747511,0.0,0.0,0.0,0.0,0.0,0.0,0.0,0.0,0.0,0.0,0.0,0.020768719,0.0006539765,0.0,0.0,0.005176571,0.0018364663,0.0,0.0,0.0,0.0,0.0,0.6464719
Ġsn,0.00014471886,1.4214167e-05,0.0,0.0,0.0,0.00035330106,4.920746e-05,0.00047237152,0.13606021,4.301109e-05,0.0003108812,0.0,0.0,0.0002512417,0.008575262,0.0,0.00051409804,0.00019616347,0.0010892749,0.0001733813,0.0017932819,0.0005683236,0.0038642057,0.00014881219,0.0,0.0004759384,8.897039e-05,0.0,0.0,0.0004216436,0.00014520825,0.0,0.00016772126,3.3003795e-05,0.00025107453,0.002637285,0.00017739307,0.00021719279,3.724806e-05,0.00011886268,4.341309e-05,0.00073351944,0.0,0.0,0.00035312356,0.000276049,0.0015277175,0.0,0.0,0.0,0.0002188518,0.00024935402,0.011284155,1.8143945e-05,0.0033341348,0.0,0.0,5.375786e-05,0.00017924313,0.00088519166,0.00059424766,0.0013921066,0.00075549574,1.0699783e-05,0.0,0.00022623668,6.258363e-05,0.000398135,0.0,0.00058814505,0.00018538407,0.0013785702,0.0,0.0010110199,0.0018621145,0.0,0.00032406693,3.25016e-05,0.0,0.0006522856,0.0019151128,0.0,0.00017202727,0.0,3.8717935e-05,0.00013027535,0.000705137,0.00043754771,0.0017296687,0.00029982353,0.0,0.00049939315,0.00063594076,0.0009568531,0.0008969484,0.0004315487,0.0,0.00016651115,0.0,0.8029608
Ġreflex,9.1602895e-05,0.00026500464,0.0,0.0,0.0,5.200981e-05,0.00024670782,6.705442e-05,0.0,0.12742221,0.00016089142,0.0,0.0,0.00022932676,0.0,0.0,0.0,0.0,0.00015107373,8.764833e-05,3.258026e-05,0.0,0.0,0.0,0.0,0.00420844,0.067441136,0.0,0.0,7.2123265e-05,0.0010142142,0.0,0.0,0.0016350264,0.041877855,0.0,0.0033006417,0.0,0.01243595,0.001912619,0.011793396,2.1008623e-06,0.0,0.0,0.0,0.0005067182,0.00012484539,0.0,0.0,0.0,0.00026894128,0.00039985703,0.0,0.0077497577,0.002017757,0.0,0.0,0.0050296434,4.8464055e-05,0.013154389,0.0,0.01274028,0.027082467,7.977306e-05,0.0,9.362445e-05,0.0024213963,0.0015218168,0.0,0.00020136088,0.008768082,4.777634e-05,0.0,0.0,0.0,0.0,0.007923146,0.0024829183,0.0,0.018384574,0.0,0.0,0.007482471,0.0,0.00081718154,0.01983322,0.008386484,0.0,0.00028524682,8.570194e-05,0.0,0.49959,0.006529128,6.418827e-05,0.0021726089,0.0011285158,0.0,0.001981132,0.0,0.066096805
Ob,0.0,0.0,0.0,0.0,0.0,0.0,0.0,0.0,0.0,0.0,0.104236364,0.0,0.0,0.0,0.0,0.0,0.0,0.0,0.0,0.0,0.0,0.0,0.0,0.0,0.0,0.0,0.0,0.0,0.0,0.0,0.0,0.0,0.0,0.0,0.0,0.0,0.0,0.0,0.0,0.0,0.0,0.0,0.0,0.0,0.0,0.0,0.0,0.0,0.0,0.0,0.0,0.0,0.0,0.0,0.0,0.0,0.0,0.0,0.0,0.0,0.0,0.0,0.0,0.0,0.0,0.0,0.0,0.0,0.0,0.0,0.0,0.0,0.0,0.0,0.0,0.0,0.0,0.0,0.0,0.0,0.0,0.0,0.0,0.0,0.0,0.0,0.0,0.0,0.0,0.0,0.0,0.0,0.0,0.0,0.0,0.0,0.0,0.0,0.0,0.89576364
Ġand,4.4667442e-05,3.817387e-06,0.0,0.0,0.0,3.645515e-05,5.5266395e-05,0.00033830164,0.0008059763,5.8090616e-05,0.00016355136,0.19003345,0.0,4.0176576e-05,0.0006994908,0.0009945543,0.0027607507,9.923845e-05,4.3992724e-05,5.4885182e-05,7.32269e-05,0.0011776838,0.00014825613,0.0004373494,0.0,0.00013905835,0.0015935084,0.0,0.0,7.525963e-05,0.00014501001,0.0,0.0001529739,3.300054e-05,0.00024653925,0.0010082186,0.00017415562,0.00021293221,0.00010383145,0.00027637222,0.00021347123,0.00026988445,0.0,0.0,0.00014206085,8.3013285e-05,0.00022787414,0.0,0.0,0.13608682,0.001509971,0.000116661315,0.011818058,1.1820816e-05,0.0038252012,0.0,0.0,0.0005502653,0.00010041654,0.0010713886,0.00028040414,0.00055751833,0.00062292337,0.00014177278,0.0,7.211349e-05,0.0017353871,0.00015937304,0.0,2.5654906e-05,0.0020958902,0.00023718653,0.0,0.016606078,0.003595278,0.0,0.00064321276,0.00019062361,0.11030108,0.002035975,0.013614539,0.0,9.670397e-05,0.13413298,0.0004897249,0.00024318157,0.004068765,0.001751689,0.005842681,0.0001283905,0.0,0.0008884699,0.0002941079,0.00071286707,0.00094017776,0.00020482687,0.0,0.007445615,0.038657486,0.29293042
Ġfemale,6.738415e-05,6.2777613e-06,0.0,0.0,0.0,7.42667e-05,1.315438e-05,0.00074507267,0.0031019866,5.486059e-05,4.5869267e-05,0.005477157,0.08603613,0.0006067967,0.0012496065,0.008715458,0.0033438262,6.581406e-05,0.00018009338,0.0002402373,6.0861385e-05,0.0009024713,0.00011433189,0.00054739794,0.0,0.00044409352,0.0001510759,0.0,0.0,0.00022058348,0.00023913212,0.0,7.095572e-05,0.00010112121,0.00034257834,0.0062343343,7.063573e-05,0.00023105656,7.9202175e-05,0.000428401,0.00022571627,5.1658986e-05,0.080142215,0.0,0.0008022759,0.00033084382,0.0015610945,0.0,0.0,0.16058242,0.0011507573,0.00031316243,0.04218794,9.832624e-06,0.0008987146,0.0,0.0,0.00030707047,5.255513e-05,0.00057556306,0.00151159,0.0005740523,0.00079732336,8.261837e-05,0.0,0.00024608578,0.0019514733,0.0020658178,0.0,0.00026219402,0.00094192027,0.0009182327,0.0,0.0032223994,0.003915998,0.0,0.0013771461,6.12339e-05,0.06979267,0.0020201267,0.034788284,0.0,0.0012775429,0.18158206,0.0010224332,0.00076682336,0.0008345086,0.0028690163,0.008450781,0.00058917503,0.0,0.00020672257,0.0018818993,0.0011302498,0.000887682,0.00040398404,0.0,0.0008053759,0.16017357,0.10313498
al,0.024461523,0.0,0.0,0.0,0.0,0.026570885,0.0,0.0,0.0,0.0,0.00019965206,0.0,0.0,0.13364165,0.0,0.0,0.0,0.0,0.0,0.0,0.019061722,0.0,0.0,0.0,0.0,0.0,0.0,0.0,0.0,0.006941749,0.0,0.0,0.0,0.0,0.0,0.0,0.0,0.0,0.0,0.0,0.0,0.012240818,0.0,0.0,0.0,0.0,0.0,0.0,0.0,0.0,0.0,0.0,0.0,0.0,0.0,0.0,0.0,0.0,0.0014457639,0.0,0.0,0.0,0.0,0.0,0.0,0.006983857,0.0,0.0,0.0,0.0045149866,0.0,0.0,0.0,0.0,0.0,0.0,0.008184969,0.0,0.0,0.0,0.0,0.0,0.0,0.0,0.0,0.0,0.0,0.0,0.0,0.4028599,0.0,0.0,0.0,0.08307727,0.0,0.0,0.0,0.0,0.0,0.26981524
Ġasympt,0.0014035805,1.4028732e-05,0.0,0.0,0.0,0.00047326594,3.49115e-05,3.9697825e-05,0.0,1.4472023e-05,0.00028890063,0.0,0.0,0.00070071226,0.24438494,0.0,0.00069621834,7.3893905e-05,0.0014414949,6.680051e-05,0.00031425882,0.00017997822,0.00082114286,0.0001271689,0.0,0.0007978883,0.00031331243,0.0,0.0,0.0028720913,0.00016941233,0.0,1.3049073e-05,9.873398e-05,3.5244528e-05,0.09052656,0.00014692769,0.00021928447,0.00017455053,3.465862e-05,0.00027731486,0.0004363826,0.0,0.0,0.0002984579,0.00051540555,7.321594e-05,0.0,0.0,0.0,0.0005401906,0.00027921813,0.0,0.00013929806,0.0005166834,0.0,0.0,0.00013580585,0.0002510758,0.0005727821,0.0006553812,0.0008282342,0.0026943285,9.0358066e-05,0.0,0.0005154845,7.717599e-05,0.0023223518,0.0,0.00060620543,0.00019499222,0.004574856,0.0,0.0029995828,0.00070492475,0.0,0.0011374208,3.298984e-05,0.0,0.0016988582,0.01999533,0.0,0.0017714795,0.0,0.0002779185,0.00041450214,0.0009502288,0.0007589867,0.0007468609,0.00038581225,0.0,0.00034083272,0.0016222295,0.001829629,0.0003342007,0.0006607855,0.0,0.0006078887,0.0,0.5996571
or,0.0017702472,8.5963155e-05,0.0,0.0,0.0,0.002447102,0.00012053418,0.0018143337,0.06512704,0.00014267642,0.0007294155,0.0,0.0,0.0011310986,0.009420596,0.24748191,0.0012546158,0.0003742615,0.00245625,0.0016325874,0.0031967482,0.0011839656,0.0039742347,0.00010327075,0.0,0.003820541,0.0006146507,0.0,0.0,0.0029906947,0.00017543473,0.0,0.00011040267,0.00013819008,0.0006307326,0.0026278985,0.00048339687,0.0015200309,0.00065458904,0.00031788554,0.00011884101,0.0002810588,0.0,0.0,0.0013164748,0.0008043248,0.0030248456,0.0,0.0,0.0,0.0006739781,0.00033043599,0.010867099,0.00013431333,0.0012054171,0.0,0.0,6.644935e-05,0.00053583604,0.00044157106,0.0045159194,0.0022697996,0.0040665297,6.594657e-05,0.0,0.0010239559,0.0003528432,0.001768059,0.0,0.00271008,0.00076948776,0.0019907204,0.0,0.0018280686,0.0025895708,0.0,0.0023598052,6.3896645e-05,0.0,0.0014391926,0.004657873,0.0,0.0009777651,0.0,0.00031716152,0.00025392577,0.0019658254,0.0008958856,0.002660939,0.00096573355,0.0,0.0017344347,0.0022272037,0.0026184123,0.0019014977,0.0011037915,0.0,0.00055092236,0.0,0.5710228
nea,1.4702141e-05,0.00010307208,0.0,0.0,0.0,9.3159115e-06,0.000145163,2.8809152e-05,0.0,0.010215461,0.0021433395,0.0,0.0,2.9440887e-05,0.0,0.0,0.2259881,0.008219479,0.00010923756,0.00016642179,7.824297e-06,0.055386942,0.076334305,0.007720252,0.0,0.010029325,0.0048203478,0.0,0.0,0.00057775783,0.00028158768,0.0,0.02599034,0.00056924333,0.0016297138,0.0,0.000573963,0.03995567,0.0020985906,0.000117500254,0.0005687043,7.223233e-06,0.0,0.0,0.097874895,0.0017565077,0.00018918159,0.0,0.0,0.0,0.0016626292,0.0002362099,0.0,0.0020117979,0.0036787763,0.0,0.0,0.002647759,0.002526608,0.00049283664,0.109595686,0.0023887819,0.008079945,0.00014004961,0.0,0.002266654,0.0040549133,0.00026055408,0.0,0.0042838957,0.0040400736,0.00021997749,0.0,0.0,0.051011775,0.0,0.012225991,0.0013357416,0.0,0.0046819234,0.0,0.0,0.0018613096,0.0,0.00031692427,0.0039292346,0.009307929,0.020444762,0.0004957071,0.00035831507,0.0,0.040255148,0.0015496616,0.001064148,0.00087067945,0.0038542692,0.0,0.007482604,0.0,0.11670432
Ġcontributes,0.00020438121,0.0007941691,0.0,0.0,0.0,7.31515e-05,0.00045434077,0.0002951311,0.0,0.028154269,0.0023002168,0.0,0.0,0.00063110865,0.0,0.0,0.0,0.19890253,0.00035361966,0.0007289922,2.6418858e-05,0.0,0.0,0.0,0.0,0.015723595,0.007954466,0.0,0.0,0.00012389624,0.00041115927,0.0,0.068009,0.0019991146,0.011461526,0.0,0.0026909343,0.0,0.0045233457,0.002932143,0.009508726,3.92284e-05,0.0,0.0,0.0,0.0060857013,0.0017704312,0.0,0.0,0.0,0.0023641658,0.0021488778,0.0,0.0041382033,0.0020177092,0.0,0.0,0.0013213493,0.0019435139,0.0051727174,0.0,0.016946014,0.021897316,0.0014491597,0.0,0.0014237018,0.009119998,0.0032223903,0.0,0.0010146472,0.02049035,0.0006596966,0.0,0.0,0.0,0.0,0.0032714596,0.0036436494,0.0,0.026173463,0.0,0.0,0.0089185415,0.0,0.012660655,0.009243329,0.031654213,0.0,0.0033650398,0.00044539926,0.0,0.018622998,0.0054272097,0.0007495015,0.007406959,0.016747644,0.0,0.024237461,0.0,0.365951
Ġair,0.00031527405,0.0,0.0,0.0,0.0,0.0014553622,0.0,0.00018013388,0.0,0.0,0.00084190915,0.0,0.0,0.0007285414,0.0,0.0,0.0,0.0,0.1979043,0.00016831221,0.0025157293,0.0,0.0,0.0,0.0,0.0,0.0,0.0,0.0,0.0019947113,0.004490359,0.0,0.0,0.0,0.0,0.0,0.0,0.0,0.0,0.0,0.0,0.0006402921,0.0,0.0,0.0,0.0,0.003668955,0.0,0.0,0.0,0.0018015828,0.049864225,0.0,0.0040771435,0.0,0.0,0.0,0.00047421717,0.0020750521,0.0,0.0,0.0,0.0,0.0,0.0,0.0013544343,0.000574404,0.0,0.0,0.0055569024,0.0,0.1994712,0.0,0.0,0.0,0.0,0.0007047528,0.0019145578,0.0,0.0,0.0,0.0,0.0,0.0,0.0,0.0,0.0,0.0,0.00056190765,0.0017479883,0.0,0.0,0.0010627357,0.0012766207,0.0,0.041834522,0.0,0.0018396432,0.0,0.46890414
or,0.0018025576,0.0,0.0,0.0,0.0,0.0016874468,0.0,0.06354601,0.0,0.0,0.0050480776,0.0,0.0,0.0024581247,0.0,0.0,0.0,0.0,0.0,0.28506845,0.0015239955,0.0,0.0,0.0,0.0,0.0,0.0,0.0,0.0,0.0019550724,0.0,0.0,0.0,0.0,0.0,0.0,0.0,0.0,0.0,0.0,0.0,0.00029347793,0.0,0.0,0.0,0.0,0.08779812,0.0,0.0,0.0,0.0,0.0,0.0,0.0,0.0,0.0,0.0,0.0,0.00477205,0.0,0.0,0.0,0.0,0.0,0.0,0.0037636356,0.0,0.0,0.0,0.008243099,0.0,0.0,0.0,0.0,0.0,0.0,0.004323544,0.0,0.0,0.0,0.0,0.0,0.0,0.0,0.0,0.0,0.0,0.0,0.02007569,0.0028669909,0.0,0.0,0.006551221,0.0051230863,0.0,0.0,0.0,0.0,0.0,0.49309933
oph,0.0,0.0,0.0,0.0,0.0,0.0,0.0,0.0,0.0,0.0,0.0007280114,0.0,0.0,0.0,0.0,0.0,0.0,0.0,0.0,0.0,0.14055245,0.0,0.0,0.0,0.0,0.0,0.0,0.0,0.0,0.007990873,0.0,0.0,0.0,0.0,0.0,0.0,0.0,0.0,0.0,0.0,0.0,0.02555164,0.0,0.0,0.0,0.0,0.0,0.0,0.0,0.0,0.0,0.0,0.0,0.0,0.0,0.0,0.0,0.0,0.0010599369,0.0,0.0,0.0,0.0,0.0,0.0,0.0006372924,0.0,0.0,0.0,0.0016764946,0.0,0.0,0.0,0.0,0.0,0.0,0.0019026109,0.0,0.0,0.0,0.0,0.0,0.0,0.0,0.0,0.0,0.0,0.0,0.0,0.03280366,0.0,0.0,0.0,0.009313774,0.0,0.0,0.0,0.0,0.0,0.7777833
Ġdevelopment,3.3404784e-05,0.00088281446,0.0,0.0,0.0,2.4184978e-05,0.00057066773,0.0009642835,0.0,0.0033445524,0.0031841057,0.0,0.0,0.0002272314,0.0,0.0,0.0,0.011483685,0.00026479535,0.0010903592,1.8185214e-05,0.19476534,0.0,0.10848832,0.0,0.0027977033,0.002522596,0.0,0.0,0.00023150892,0.00035713246,0.0,0.0078094373,0.0026685332,0.0028754957,0.0,0.00083489186,0.0,0.00032924485,0.0005494474,0.004108543,4.1383093e-05,0.0,0.0,0.0,0.0042888606,0.0043239826,0.0,0.0,0.0,0.01073766,0.00019920284,0.0,0.0011756853,0.0016596643,0.0,0.0,0.0014741407,0.007950785,0.0015133057,0.0,0.00720802,0.005418399,0.0012571171,0.0,0.011456672,0.0054798685,0.0011518861,0.0,0.0045908503,0.014832981,0.00069633836,0.0,0.0,0.0,0.0,0.002803645,0.008484681,0.0,0.022233061,0.0,0.0,0.0014811287,0.0,0.0033304251,0.002460362,0.025741983,0.18606015,0.0050193807,0.00030952267,0.0,0.008018969,0.0034939642,0.0010522736,0.004259809,0.00713894,0.0,0.051691774,0.0,0.23053667
Ġap,3.6943882e-05,2.0689515e-05,0.0,0.0,0.0,7.5665754e-05,0.00090906385,5.8161026e-05,0.0,0.00025303228,0.0026749875,0.0,0.0,0.00015325919,0.0,0.0,0.0,0.00018249372,0.0002780807,0.00020252884,0.0002708535,0.00066678226,0.28035587,0.0009963962,0.0,0.0007945464,6.6358036e-05,0.0,0.0,0.0015136016,6.0257058e-05,0.0,0.00014740226,0.0003242851,0.00032356055,0.0,0.00032452968,0.007950167,0.0004612512,0.00021215966,4.0686202e-05,0.00018718999,0.0,0.0,0.10861861,0.00075535115,0.00021074012,0.0,0.0,0.0,0.0004129599,0.00044317232,0.0,4.089241e-05,0.00055879337,0.0,0.0,4.342343e-05,0.0025771318,0.00027517235,0.027278708,0.000919528,0.00022037321,0.0008549175,0.0,0.00078034855,0.000106274,0.00016887684,0.0,0.0015388397,0.00013038333,0.000836537,0.0,0.0,0.002971487,0.0,0.0012818908,3.9146682e-05,0.0,0.00023549152,0.0,0.0,0.0002502719,0.0,0.00034451022,6.597211e-05,0.00024721795,0.0010073298,0.000120390345,0.0020211497,0.0,0.0010400446,0.00012397607,0.0015016007,0.0016613756,0.0015059417,0.0,0.00010118584,0.0,0.5391692
Ġthe,3.786848e-05,8.644778e-05,0.0,0.0,0.0,1.4172147e-05,0.0004718957,9.393585e-05,0.0,0.003742566,0.0037761538,0.0,0.0,0.0005085671,0.0,0.0,0.0,0.029783731,0.00019986817,0.00017504716,1.1601007e-05,0.0,0.0,0.20319666,0.0,0.0056686485,0.0013397617,0.0,0.0,0.00022119489,0.0005437827,0.0,0.014549537,0.002602505,0.0034873658,0.0,0.0017171621,0.0,0.0006861372,0.0028795984,0.009163772,1.3900459e-05,0.0,0.0,0.0,0.002830455,0.0009190299,0.0,0.0,0.0,0.002926797,0.0014518348,0.0,0.0005547776,0.0016813288,0.0,0.0,0.00080888165,0.0047555445,0.0056830985,0.0,0.0135476235,0.0065461397,0.0011809741,0.0,0.0026222405,0.0025968687,0.0031721457,0.0,0.0023092877,0.007505533,0.00053855934,0.0,0.0,0.0,0.0,0.004458591,0.0022090934,0.0,0.017118517,0.0,0.0,0.008966357,0.0,0.0048350743,0.007464892,0.006843574,0.36576137,0.0015129873,0.00039126803,0.0,0.007325409,0.00547945,0.00039761615,0.008013399,0.007888169,0.0,0.006854671,0.0,0.1978765
Ġyr,2.4890012e-06,3.1089942e-06,0.0,0.0,0.0,1.8187983e-06,3.358074e-06,1.4561375e-05,4.81584e-05,0.00016014557,4.1435786e-05,0.00017351587,0.020318968,2.1983558e-05,0.00020114282,6.572235e-05,0.0014245211,7.8209276e-05,2.226519e-05,8.411033e-06,1.1427919e-06,0.0003245726,1.142166e-05,9.642346e-05,0.07570138,0.000225557,0.00023319383,0.0,0.0,1.6662694e-05,0.00025604662,0.0,0.0026702054,7.78936e-05,8.126745e-06,0.00024757217,2.6676167e-05,7.767577e-06,1.3576628e-05,5.3897307e-05,0.00015304677,1.957091e-06,0.00029836257,0.099533975,2.4265497e-05,5.6464723e-05,3.373953e-05,0.0,0.0,0.0031834918,0.00032160003,0.00012982484,0.0016622524,1.9276047e-05,0.012289254,0.0,0.0033265392,0.0033524923,3.086002e-05,0.0023718302,3.0482346e-05,5.4696182e-05,0.0008790808,5.039196e-06,0.0,5.9252114e-05,0.0010558364,0.00027069898,0.0,3.918511e-05,0.00069489004,8.005205e-05,0.0021709693,0.004555747,0.000154272,0.03354667,0.0005653812,0.00025869277,0.003460019,0.000975958,0.0024931028,0.0,0.00032140737,0.0023893022,3.9905834e-05,0.0019465316,0.0015595875,0.000300151,0.0002986363,2.7143973e-05,0.0,0.000418977,0.0004387413,0.000111744295,4.5949557e-05,0.00022600584,0.01693077,0.003281882,0.6502249,0.038749836
Ġsleep,3.4803066e-05,0.0028501537,0.0,0.0,0.0,5.0866015e-06,0.0008288865,1.6088854e-05,0.0,0.0,0.00081630633,0.0,0.0,5.264291e-05,0.0,0.0,0.0,0.0,0.0010478568,0.0001418914,1.741875e-06,0.0,0.0,0.0,0.0,0.27132642,0.0,0.0,0.0,0.0002328878,0.0009610036,0.0,0.0,0.006836212,0.0,0.0,0.01150456,0.0,0.03383591,0.0018928535,0.0,6.638603e-06,0.0,0.0,0.0,0.09062792,4.2226813e-05,0.0,0.0,0.0,0.0010189015,0.0009043312,0.0,0.012848883,0.0,0.0,0.0,0.010674952,0.0003818185,0.010383951,0.0,0.0,0.20857303,0.00075659645,0.0,0.00029895632,0.001772502,0.003016832,0.0,0.0010383278,0.0,0.0005143705,0.0,0.0,0.0,0.0,0.009503847,0.0015674351,0.0,0.0,0.0,0.0,0.03207333,0.0,0.0069976286,0.07844434,0.0,0.0,0.00028071037,0.00020976829,0.0,0.0,0.0038218629,0.0005770733,0.007621292,0.008688069,0.0,0.00861738,0.0,0.16635174
Ġpossibility,0.0003000252,0.00020964387,0.0,0.0,0.0,0.00026607732,0.00014322816,0.00013381129,0.0,0.0,0.0006228541,0.0,0.0,0.0006103581,0.0,0.0,0.0,0.0,0.0004561311,0.00020413283,8.905248e-05,0.0,0.0,0.0,0.0,0.0044337176,0.21975799,0.0,0.0,0.0012222753,0.00086860184,0.0,0.0,0.00078551145,0.0,0.0,0.0019275221,0.0,0.005300479,0.00080107426,0.1044341,0.00021955316,0.0,0.0,0.0,0.004022327,0.00017697597,0.0,0.0,0.0,0.0031116374,0.0005244795,0.0,0.0036858132,0.020175837,0.0,0.0,0.010338346,0.00028472007,0.0039378004,0.0,0.0,0.007772027,0.0002761887,0.0,0.0007027001,0.0088787405,0.004568782,0.0,0.0014593098,0.08310289,0.00041474137,0.0,0.0,0.0,0.0,0.006238011,0.005554563,0.0,0.0,0.0,0.0,0.005626176,0.0,0.0040667923,0.004554665,0.04717833,0.0,0.001032822,0.0026677744,0.0,0.0,0.0057956898,0.001925277,0.0039226073,0.006583823,0.0,0.0330751,0.0,0.3755589
.,4.6845948e-05,5.5667664e-05,0.0121724885,0.0012849385,0.031430565,3.3780412e-05,5.3500982e-05,7.804618e-05,0.000101413025,0.0004278187,0.00015421027,2.4555247e-05,0.000715223,0.00020348022,4.1667477e-05,0.00010201647,0.0026102485,0.00011783283,0.00012896866,0.00010897226,2.873862e-05,0.000577248,0.00019915312,0.0010114745,0.0020936923,0.0010762193,0.00016089973,0.41177958,0.0022551082,0.00025496606,0.0003503713,0.0040236614,0.00023795942,0.00058514037,0.001210015,8.650688e-05,0.00010137773,0.0003661104,0.00013625989,0.0008808207,0.0039747977,0.00026039704,4.72613e-05,0.0033904477,0.00074595434,0.0058501097,0.0004756123,0.012722075,0.0132889245,0.00055889355,0.0018769257,0.0003485955,0.0015284648,0.00012026063,0.0021255452,0.00012182104,0.00019359816,0.0010577714,0.00067159237,0.0007510156,0.0015778509,0.0036206997,0.0010435827,0.00019558445,0.000757381,0.0006521391,0.007249975,0.0007846197,0.00019233939,0.0010734968,0.020712513,0.0005618705,0.0005435778,0.03710099,0.008318148,0.00028774893,0.0044291504,0.0018994671,0.005193082,0.011779641,0.00524602,0.056688238,0.00047221046,0.00087110815,0.0032966437,0.00045582597,0.053566337,0.006993196,0.0014466778,0.0011384641,0.031401165,0.00037423277,0.007463892,0.0026033982,0.0038693608,0.006955274,0.00033316136,0.034220353,0.013885932,0.1323932
Ġthree,0.00016606474,4.6806257e-05,0.002182239,0.0,0.0,7.8010096e-05,2.3038287e-05,0.000546024,8.295021e-05,9.060193e-05,0.00015406978,0.0001054003,0.0010091022,0.0005092722,4.0429597e-05,0.00010801624,0.00019334053,0.00017985847,5.8737045e-05,0.0011014929,5.543495e-05,0.00048454024,4.682948e-05,0.0005478744,0.0011232491,0.0010031168,1.6403052e-05,0.0,0.24080764,0.00012178407,0.0003097401,0.0074363137,6.1276805e-05,0.00014372912,0.0007214573,0.00032576517,0.00021583683,0.0002454937,0.00016531639,0.0014072465,0.0005645649,0.00018481232,0.00016767404,0.0012945549,0.00014066929,0.006629724,0.0015666162,0.17567149,0.016979752,0.0006493143,0.002437688,0.00042436767,0.0038240287,0.00014315464,0.001566629,0.00020395566,0.00063266576,0.00043617023,0.0003639941,0.0009759795,0.0005015587,0.001039621,0.0011568855,0.00016486058,0.0013271067,0.00028755833,0.0031031934,0.0002243308,0.00028523442,0.00052496244,0.0011870292,0.0001476409,0.0012886074,0.011428009,0.0064679123,0.0006141613,0.0026929928,0.0004227656,0.0026708003,0.0017928221,0.008417506,0.03514493,0.0004039389,0.0014466643,0.0032156913,0.00046175905,0.0044216076,0.0042008637,0.010621507,0.00041024643,0.03908323,6.717321e-05,0.007978843,0.0016820809,0.004339898,0.0032184217,0.0018753519,0.0042309756,0.0051608067,0.34733078
Ġap,0.0,0.0,0.0,0.0,0.0,0.0,0.0,0.0,0.0,0.0,0.0021264623,0.0,0.0,0.0,0.0,0.0,0.0,0.0,0.0,0.0,0.0,0.0,0.0,0.0,0.0,0.0,0.0,0.0,0.0,0.26312366,0.0,0.0,0.0,0.0,0.0,0.0,0.0,0.0,0.0,0.0,0.0,0.0,0.0,0.0,0.0,0.0,0.0,0.0,0.0,0.0,0.0,0.0,0.0,0.0,0.0,0.0,0.0,0.0,0.00824486,0.0,0.0,0.0,0.0,0.0,0.0,0.020881092,0.0,0.0,0.0,0.16895737,0.0,0.0,0.0,0.0,0.0,0.0,0.0,0.0,0.0,0.0,0.0,0.0,0.0,0.0,0.0,0.0,0.0,0.0,0.0,0.0,0.0,0.0,0.0,0.0,0.0,0.0,0.0,0.0,0.0,0.5366666
Ġthe,0.00022438615,0.0,0.0,0.0,0.0,0.00042668427,0.0,0.0003328174,0.0,0.0,0.00032028463,0.0,0.0,0.0015612546,0.0,0.0,0.0,0.0,0.0,0.0003741915,0.0005988371,0.0,0.0,0.0,0.0,0.0,0.0,0.0,0.0,0.0026333826,0.22849378,0.0,0.0,0.0,0.0,0.0,0.0,0.0,0.0,0.0,0.0,0.0003567361,0.0,0.0,0.0,0.0,0.0017854208,0.0,0.0,0.0,0.022338185,0.0,0.0,0.0,0.0,0.0,0.0,0.02247496,0.00077737926,0.0,0.0,0.0,0.0,0.0,0.0,0.0016637825,0.0042286706,0.0,0.0,0.0029500981,0.0,0.0,0.0,0.0,0.0,0.0,0.007873916,0.1949442,0.0,0.0,0.0,0.0,0.0,0.0,0.0,0.0,0.0,0.0,0.0017189155,0.001920149,0.0,0.0,0.010216093,0.0033224216,0.0,0.0,0.0,0.021047471,0.0,0.46741593
Ġsleep,2.5218516e-05,4.0370163e-05,0.002407085,0.0,0.0,4.6708086e-05,0.00029873682,9.7501135e-05,0.00012019842,0.00033085604,9.39788e-05,6.6783716e-05,0.0001302574,0.00023469349,1.4734133e-05,0.00012216518,0.0006137522,6.0146085e-05,0.00023731012,6.5331806e-05,8.316141e-05,0.0007602906,0.00011058972,0.0008635753,0.0009812906,0.00014971296,1.2316256e-05,0.0,0.0,0.00011282125,8.90388e-05,0.3436237,0.00013546739,0.00072867266,0.00069436425,1.6936387e-05,9.677318e-05,7.8335535e-05,5.8742047e-05,0.00077990716,0.00054317206,5.579946e-05,5.53525e-05,0.00014282597,0.000101973244,0.0001636046,0.0005861505,0.0,0.22124283,7.735796e-05,0.00036753176,5.878452e-05,0.0001945162,1.1936334e-05,0.0016439358,0.00019538564,3.725964e-05,0.00025984895,0.00021339172,0.0024588986,0.00010714758,0.0008035267,0.00028842423,0.00018917822,0.00021089948,0.0003114374,0.00035054373,0.00056865887,0.00044472044,0.0009223495,0.00023854383,0.00019769349,0.00033602747,0.0012651881,0.0012795063,0.00014317346,0.001011778,0.00024434505,0.000126605,0.00057309214,0.0003797942,0.048554294,0.0007570958,2.4346684e-05,0.0005629554,0.0006755986,0.00025135526,0.0015493798,0.00036330236,0.0001764776,0.0,0.00019222844,0.0029502197,5.7450063e-05,0.0013444925,0.00020953974,0.00020322434,0.00086043455,0.0009759127,0.3471792
Ġmechanism,3.410618e-05,0.00012365858,0.0,0.0,0.0,1.4374136e-05,7.876246e-05,4.3834483e-05,0.0,0.0469632,0.0001682103,0.0,0.0,0.00016173032,0.0,0.0,0.0,0.0,9.3631344e-05,8.109565e-05,1.5496946e-05,0.0,0.0,0.0,0.0,0.004706864,0.037271265,0.0,0.0,3.7030237e-05,0.0005384824,0.0,0.2834262,0.0006675612,0.009984915,0.0,0.003350616,0.0,0.010732689,0.0012867549,0.004260509,3.5135624e-06,0.0,0.0,0.0,0.00087733445,0.00012904858,0.0,0.0,0.0,0.00019403521,0.00048235827,0.0,0.009888428,0.0014144729,0.0,0.0,0.0034129864,5.557058e-05,0.015995855,0.0,0.007913195,0.024980817,3.8440485e-05,0.0,8.1864695e-05,0.0035978982,0.000939936,0.0,0.00015365882,0.006745036,4.16208e-05,0.0,0.0,0.0,0.0,0.005321765,0.0018827022,0.0,0.018278135,0.0,0.0,0.006096175,0.0,0.00093368435,0.020329619,0.00953289,0.0,0.00039857492,0.00015353085,0.0,0.23964155,0.0069415816,0.000119496886,0.002868076,0.0022714068,0.0,0.0024232739,0.0,0.20182055
way,0.00018835318,0.0,0.0,0.0,0.0,8.692215e-05,0.036646064,0.00010286687,0.0,0.0,0.00036317282,0.0,0.0,0.0013572504,0.0,0.0,0.0,0.0,0.0035008958,0.00012094145,5.6722292e-05,0.0,0.0,0.0,0.0,0.0,0.0,0.0,0.0,0.000191279,0.00014257032,0.0,0.0,0.23437631,0.0,0.0,0.005180076,0.0,0.017444136,0.011454712,0.0,4.5148754e-05,0.0,0.0,0.0,0.0,0.0013129468,0.0,0.0,0.0,0.0006897697,0.000743769,0.0,0.00060316833,0.0,0.0,0.0,0.00028267398,0.0011134921,0.0061672055,0.0,0.0,0.0,0.09157005,0.0,0.0018079259,0.0006945746,0.017830575,0.0,0.0011921778,0.0,0.010019465,0.0,0.0,0.0,0.0,0.0021822373,0.0011782026,0.0,0.0,0.0,0.0,0.011577982,0.0,0.12829493,0.0065707974,0.0,0.0,0.0011947426,0.0011183886,0.0,0.0,0.0043814024,0.00041934234,0.029245157,0.0041539506,0.0,0.00362445,0.0,0.36077315
Ġthis,0.00032566217,0.0007478346,0.0,0.0,0.0,0.0009492616,0.00677924,0.00062655174,0.0,0.0,0.00068011164,0.0,0.0,0.0066537037,0.0,0.0,0.0,0.0,0.0077030747,0.00037853082,0.0019097156,0.0,0.0,0.0,0.0,0.00671153,0.0015174914,0.0,0.0,0.0005330179,0.0044244714,0.0,0.0,0.024667678,0.36245668,0.0,0.0013135592,0.0,0.002511945,0.012388804,0.01156769,0.00038200608,0.0,0.0,0.0,0.007894011,0.0120320385,0.0,0.0,0.0,0.0026806972,0.008577436,0.0,0.0022856377,0.00076603534,0.0,0.0,0.00046416794,0.001246545,0.003218703,0.0,0.13932005,0.0064429916,0.0061863777,0.0,0.0041754567,0.0015696447,0.016600592,0.0,0.00655296,0.00743403,0.011451623,0.0,0.0,0.0,0.0,0.004288165,0.0076059066,0.0,0.021817915,0.0,0.0,0.007924034,0.0,0.00640008,0.0020485285,0.0066311965,0.0,0.0068603964,0.0028908246,0.0,0.029678829,0.014086664,0.0012445779,0.017543456,0.021665929,0.0,0.0049188985,0.0,0.15026698
Ġotherwise,0.0017222958,0.00017286795,0.0,0.0,0.0,0.0010250496,4.010576e-05,0.00026398787,0.0,9.8236116e-05,0.00042216977,0.0,0.0,0.0005017341,0.0,0.0,0.0039640064,0.0005571243,0.0021239643,0.00020928455,0.00069486833,0.0017817771,0.0010809813,0.0007936705,0.0,0.0006929684,0.0019061548,0.0,0.0,0.006711949,0.0006411013,0.0,0.000100117206,0.00034461223,0.00023391999,0.2780112,0.00046454842,0.0021550881,0.00095897133,0.00034459514,0.0020097794,0.0010565689,0.0,0.0,0.000829403,0.0032173602,0.00052171043,0.0,0.0,0.0,0.0017322475,0.0009105518,0.0,0.00054553687,0.0013050407,0.0,0.0,0.0005053987,0.00084456697,0.0009706622,0.0025567727,0.001954185,0.0029694529,0.00023323747,0.0,0.0019119406,0.00081475056,0.006117334,0.0,0.0018237411,0.002584025,0.008176661,0.0,0.031588115,0.0070354543,0.0,0.0020192673,0.0006622359,0.0,0.009461534,0.16007581,0.0,0.0020518606,0.0,0.003153801,0.0010119873,0.004816944,0.006566617,0.0040591056,0.0011108604,0.0,0.00067490974,0.0013466893,0.010458548,0.001772843,0.006665505,0.0,0.008706216,0.0,0.3851534
Ġcontributes,0.0001372818,0.0,0.0,0.0,0.0,0.00010357336,0.0,0.0008309788,0.0,0.0,0.000753743,0.0,0.0,0.0032161814,0.0,0.0,0.0,0.0,0.0021184776,0.0010005581,0.00023621143,0.0,0.0,0.0,0.0,0.0,0.0,0.0,0.0,0.0002975709,0.00424456,0.0,0.0,0.0,0.0,0.0,0.23052093,0.0,0.0,0.0,0.0,0.00018157205,0.0,0.0,0.0,0.0,0.004252609,0.0,0.0,0.0,0.0042245723,0.012502385,0.0,0.009267303,0.0,0.0,0.0,0.0015027665,0.0019358534,0.07597491,0.0,0.0,0.0,0.0,0.0,0.0039352262,0.00595339,0.028417695,0.0,0.002661395,0.0,0.006384653,0.0,0.0,0.0,0.0,0.013443222,0.023010604,0.0,0.0,0.0,0.0,0.04670323,0.0,0.0,0.06932886,0.0,0.0,0.006043193,0.002321394,0.0,0.0,0.00812008,0.0024510287,0.0,0.090993665,0.0,0.01470368,0.0,0.32222667
Ġobstruct,5.0372848e-05,0.00047621859,0.0,0.0,0.0,8.490391e-05,0.00013624426,0.0013109238,0.0,0.0001405549,0.0028182506,0.0,0.0,7.238501e-05,0.0,0.0,0.0,0.00033528183,0.00055987475,0.003199155,0.000114477356,0.0067384816,0.0,0.001399093,0.0,0.0012317909,0.00031539108,0.0,0.0,0.0067178886,0.0004371768,0.0,6.1531915e-05,0.0004522215,0.00026972982,0.0,0.0023320375,0.22151622,0.0019372294,0.00047016417,0.00018742325,3.9619026e-05,0.0,0.0,0.0,0.004874042,0.0005259936,0.0,0.0,0.0,0.0010441658,0.00027077078,0.0,0.0015558107,0.0001797111,0.0,0.0,8.6513464e-05,0.003303718,0.00046994988,0.0,0.0010885589,0.0018192574,0.0004823804,0.0,0.0030848533,0.0005142734,0.0005772256,0.0,0.008686674,0.00060929614,0.00047628718,0.0,0.0,0.06870692,0.0,0.0039419504,0.00046770123,0.0,0.0018899018,0.0,0.0,0.00094589806,0.0,0.0015016526,0.0005335626,0.0009645298,0.0055094194,0.00024536985,0.00028260032,0.0,0.00075219065,0.00018374943,0.0023561078,0.0039050311,0.00934434,0.0,0.00081008434,0.0,0.61460495
Ġmaintenance,0.00018696854,0.0,0.0,0.0,0.0,0.0001113387,0.0,0.0007201731,0.0,0.0,0.00084331335,0.0,0.0,0.00043711695,0.0,0.0,0.0,0.0,0.0030842018,0.0012542818,8.6544664e-05,0.0,0.0,0.0,0.0,0.0,0.0,0.0,0.0,0.00029937242,0.0011908786,0.0,0.0,0.0,0.0,0.0,0.01712845,0.0,0.21475965,0.15147595,0.0,3.837496e-05,0.0,0.0,0.0,0.0,0.0012507497,0.0,0.0,0.0,0.0014588258,0.0029321758,0.0,0.007988303,0.0,0.0,0.0,0.0020717343,0.0008923382,0.013042372,0.0,0.0,0.0,0.0,0.0,0.0007346119,0.012374012,0.012015736,0.0,0.0010003416,0.0,0.0030209015,0.0,0.0,0.0,0.0,0.010630288,0.0035722356,0.0,0.0,0.0,0.0,0.019839047,0.0,0.0,0.015068547,0.0,0.0,0.002022771,0.00066275045,0.0,0.0,0.002851067,0.0018547348,0.13066433,0.030203223,0.0,0.023435773,0.0,0.30879647
Ġthe,4.5274923e-05,0.0,0.0,0.0,0.0,7.517337e-05,0.0,0.00017963526,0.0,0.0,0.00015419589,0.0,0.0,0.00054291135,0.0,0.0,0.0,0.0,0.0029041197,0.00013894933,0.00033817717,0.0,0.0,0.0,0.0,0.0,0.0,0.0,0.0,0.00031263687,0.0043445295,0.0,0.0,0.0,0.0,0.0,0.038177967,0.0,0.0,0.22011028,0.0,6.4375454e-05,0.0,0.0,0.0,0.0,0.0018851173,0.0,0.0,0.0,0.0011912569,0.0068487767,0.0,0.002142621,0.0,0.0,0.0,0.0012267013,0.000448462,0.033829924,0.0,0.0,0.0,0.0,0.0,0.0007437361,0.002229308,0.018010465,0.0,0.001349172,0.0,0.0039897026,0.0,0.0,0.0,0.0,0.009638108,0.005657795,0.0,0.0,0.0,0.0,0.01057877,0.0,0.0,0.010578389,0.0,0.0,0.0010893866,0.0012839227,0.0,0.0,0.0019721468,0.0016673958,0.3963286,0.028586866,0.0,0.0046794126,0.0,0.18665572
Ġthe,0.00012902028,0.00020636995,0.0,0.0,0.0,0.00014833138,0.0003575836,0.00011296208,0.0,0.0,0.00030673837,0.0,0.0,0.00033489434,0.0,0.0,0.0,0.0,0.0014468153,7.635158e-05,0.00014816412,0.0,0.0,0.0,0.0,0.0037214267,0.0,0.0,0.0,0.0013954417,0.009846759,0.0,0.0,0.0041369675,0.0,0.0,0.0026034408,0.0,0.004487395,0.009399146,0.31243378,0.00011935658,0.0,0.0,0.0,0.0052315397,0.0003836841,0.0,0.0,0.0,0.005240956,0.0027637153,0.0,0.002552925,0.0073401975,0.0,0.0,0.007052483,0.00080224394,0.0041091423,0.0,0.0,0.006774843,0.00038223967,0.0,0.0017287006,0.0069758752,0.014676106,0.0,0.004488521,0.16925606,0.0015285534,0.0,0.0,0.0,0.0,0.011709109,0.013388996,0.0,0.0,0.0,0.0,0.0069641545,0.0,0.005772899,0.0039871107,0.040841945,0.0,0.0006493307,0.0018281246,0.0,0.0,0.007839905,0.0013959929,0.0099253375,0.012202359,0.0,0.020828854,0.0,0.2699671
Ġor,0.0,0.0,0.0,0.0,0.0,0.0,0.0,0.0,0.0,0.0,0.0005702937,0.0,0.0,0.0,0.0,0.0,0.0,0.0,0.0,0.0,0.0,0.0,0.0,0.0,0.0,0.0,0.0,0.0,0.0,0.0031459983,0.0,0.0,0.0,0.0,0.0,0.0,0.0,0.0,0.0,0.0,0.0,0.41094938,0.0,0.0,0.0,0.0,0.0,0.0,0.0,0.0,0.0,0.0,0.0,0.0,0.0,0.0,0.0,0.0,0.00248526,0.0,0.0,0.0,0.0,0.0,0.0,0.0012700604,0.0,0.0,0.0,0.00073204783,0.0,0.0,0.0,0.0,0.0,0.0,0.0030839888,0.0,0.0,0.0,0.0,0.0,0.0,0.0,0.0,0.0,0.0,0.0,0.0,0.0944236,0.0,0.0,0.0,0.09043393,0.0,0.0,0.0,0.0,0.0,0.3929055
Ġone,0.00013189876,8.5001e-06,0.0,0.0,0.0,0.00018145223,3.098888e-05,0.0011061466,0.0021484436,1.4511541e-05,6.382856e-05,0.042447966,0.0,0.0002964841,0.00041442126,0.0041087028,0.00052371173,5.2472555e-05,0.00012766107,0.00028337035,0.00031902292,0.00034496232,0.00011185511,0.0003124255,0.0,5.2604482e-05,0.00057065993,0.0,0.0,0.0001956376,0.0001794759,0.0,1.4639562e-05,5.3266507e-05,0.00018849701,0.0061089876,0.00010363184,0.0004855205,5.9632283e-05,0.00023917695,0.0002762534,0.00066453154,0.44507366,0.0,0.00019354922,0.00026741778,0.0010813124,0.0,0.0,0.045936823,0.0016873172,0.00018237205,0.009992388,3.408244e-05,0.001002989,0.0,0.0,0.00021301881,9.1839254e-05,0.00047243774,0.0007396356,0.00049898174,0.00026934213,0.00017540841,0.0,0.00018353852,0.0006811471,0.0004072223,0.0,0.00011765401,0.00090187433,0.0005619091,0.0,0.0035967757,0.0036168257,0.0,0.0006223473,0.00014761454,0.027563186,0.0019671523,0.017095856,0.0,7.951892e-05,0.065532215,0.0006413396,6.773359e-05,0.0007374733,0.0010717594,0.01229029,0.00037067017,0.0,0.00033780656,0.0004662577,0.001459039,0.0007298796,0.00041811474,0.0,0.0009918177,0.009835542,0.2773735
"),",7.114675e-05,1.7602097e-05,0.0,0.0,0.0,3.5503675e-05,2.2547525e-05,0.00023499665,0.00021668187,0.00038124612,0.000113051785,0.00071888644,0.0526012,0.00023771457,0.00042729598,0.00057549676,0.005166713,0.0004221332,9.529807e-05,0.00013109572,3.3046388e-05,0.001443935,0.00013658123,0.0005881456,0.0,0.001314445,0.00065260514,0.0,0.0,9.274968e-05,0.00023188238,0.0,0.0011236882,0.00019717024,0.0002123013,0.0023978793,0.0001831295,0.00057725544,0.000304101,0.00044654854,0.00036052807,5.3646796e-05,0.0035486128,0.19720736,0.00037504846,0.0012991431,0.0008377274,0.0,0.0,0.01164515,0.0007107036,0.00016487982,0.012354819,0.00014382308,0.0030714152,0.0,0.0,0.0009430813,0.00013285676,0.0015964676,0.0009779042,0.0009544592,0.008108659,8.101035e-05,0.0,0.00022555699,0.0053131715,0.0006742884,0.0,0.00019489553,0.0022055903,0.0002703754,0.0,0.013256057,0.0068019223,0.0,0.0037535925,0.00041134603,0.028474541,0.004915835,0.013512106,0.0,0.00071170676,0.026242957,0.0010352122,0.001998958,0.0049634185,0.0050140675,0.012253064,0.00026426424,0.0,0.0013141574,0.0031761313,0.002300204,0.0010574174,0.0017140352,0.0,0.0052931895,0.40843913,0.12824142
Ġsleep,1.6036625e-05,7.8878365e-05,0.0,0.0,0.0,1.8232771e-05,0.000840221,5.535419e-05,0.0,0.002040973,0.0076207025,0.0,0.0,9.9574856e-05,0.0,0.0,0.0,0.0010846464,0.00014396712,0.00040590044,2.018642e-05,0.0067103547,0.0,0.004135074,0.0,0.004945351,0.00059940445,0.0,0.0,0.0014547099,0.00017873102,0.0,0.0014853154,0.0008566459,0.001024611,0.0,0.0005421213,0.08739394,0.0017700855,0.00018478096,0.00016427708,1.3558598e-05,0.0,0.0,0.34913024,0.0020882408,0.00016951619,0.0,0.0,0.0,0.0019191855,0.0002496186,0.0,0.0009585821,0.00064387894,0.0,0.0,0.00027392452,0.0058977287,0.0005285096,0.21690366,0.0022843454,0.001698723,0.0022341998,0.0,0.0033262204,0.0007118171,0.0001540351,0.0,0.0067806975,0.0005650249,0.00036817644,0.0,0.0,0.02801575,0.0,0.00777215,0.00045057983,0.0,0.0016061343,0.0,0.0,0.0006822056,0.0,0.0005556256,0.00036619406,0.0014137543,0.0076197707,0.00019406549,0.0006634764,0.0,0.0075066937,0.0004686647,0.0012831283,0.0017894584,0.00498136,0.0,0.0009633705,0.0,0.2128976
Ġduring,0.00023418729,0.002450208,0.0,0.0,0.0,0.00013250283,0.0012090257,0.0008734394,0.0,0.0,0.0009476873,0.0,0.0,0.0009939902,0.0,0.0,0.0,0.0,0.0025371031,0.0013859062,0.00012622871,0.0,0.0,0.0,0.0,0.0,0.0,0.0,0.0,0.00045834156,0.0018481491,0.0,0.0,0.011187415,0.0,0.0,0.00322098,0.0,0.0044884016,0.00950338,0.0,0.00017684618,0.0,0.0,0.0,0.30089653,0.0022164618,0.0,0.0,0.0,0.0052035837,0.0018819068,0.0,0.0015304522,0.0,0.0,0.0,0.0011509439,0.0015509591,0.00557195,0.0,0.0,0.026119353,0.0023260962,0.0,0.002744715,0.0027421757,0.006758604,0.0,0.0045102504,0.0,0.0033518518,0.0,0.0,0.0,0.0,0.0049264594,0.006676231,0.0,0.0,0.0,0.0,0.0039327517,0.0,0.030703496,0.0016615363,0.0,0.0,0.009850385,0.001918797,0.0,0.0,0.0073554143,0.008693973,0.05107396,0.04878942,0.0,0.02383896,0.0,0.39024892
Ġloud,0.0011327872,0.0,0.0,0.0,0.0,0.0013065741,0.0,0.0,0.0,0.0,0.001038717,0.0,0.0,0.01086565,0.0,0.0,0.0,0.0,0.0,0.0,0.0018342981,0.0,0.0,0.0,0.0,0.0,0.0,0.0,0.0,0.0006521843,0.0,0.0,0.0,0.0,0.0,0.0,0.0,0.0,0.0,0.0,0.0,0.0011172359,0.0,0.0,0.0,0.0,0.21436612,0.0,0.0,0.0,0.0,0.0,0.0,0.0,0.0,0.0,0.0,0.0,0.0028873417,0.0,0.0,0.0,0.0,0.0,0.0,0.007949248,0.0,0.0,0.0,0.008490381,0.0,0.0,0.0,0.0,0.0,0.0,0.010323563,0.0,0.0,0.0,0.0,0.0,0.0,0.0,0.0,0.0,0.0,0.0,0.29226416,0.0061337054,0.0,0.0,0.043145504,0.014327213,0.0,0.0,0.0,0.0,0.0,0.38216534
Ġon,0.00013769235,6.789199e-05,0.0071980353,0.0,0.0,7.9254125e-05,9.977882e-06,0.00042904905,6.201447e-05,0.00011569094,9.454896e-05,5.9059887e-05,0.0012547468,0.0005256571,1.4360177e-05,7.4904376e-05,0.0001959667,0.00013657041,6.278001e-05,0.00037390026,7.0035494e-05,0.00035254582,2.826963e-05,0.00032446714,0.0016219413,0.00050349464,2.8417347e-05,0.0,0.0,0.000100442885,0.00046084626,0.006002824,0.00013187056,0.00011696869,0.00047081572,0.00016470849,0.00013765905,0.00024402699,8.945979e-05,0.0013574351,0.00086732674,0.00031073365,7.0907496e-05,0.0043179933,3.969221e-05,0.0076106163,0.0009020862,0.32266924,0.015356668,0.00024843015,0.0013543564,0.00018750854,0.0017885836,0.00013883674,0.0027838966,0.0002546852,0.00019298327,0.0007089235,0.00020836828,0.0018053625,0.00023902391,0.0014493277,0.0013789149,5.395237e-05,0.0019652676,0.00021716072,0.004566272,0.00031179457,0.00026155045,0.00029291285,0.002317718,0.00012890622,0.000939055,0.016606953,0.007386458,0.0004926182,0.002444662,0.0014942955,0.007153877,0.005294892,0.004411642,0.07274221,0.0003057543,0.0008859646,0.0029517724,0.00048569942,0.012576352,0.0041657914,0.011225625,0.00033894353,0.10773258,6.355215e-05,0.008344402,0.0031147124,0.004659765,0.00624612,0.0004221615,0.017297288,0.010001798,0.2898766
Ġovernight,0.00015718685,2.1018755e-05,0.013643214,0.0,0.0,0.00013401097,0.0001041981,9.859549e-05,0.00016710638,0.000110948335,0.00030687856,0.00017588318,0.00019484003,0.0013223325,9.895496e-05,8.252422e-05,0.0005165434,9.358597e-05,0.000108905384,8.282114e-05,0.00018888434,0.0005512089,5.5533907e-05,0.0015326642,0.0012420579,0.00012002476,3.382004e-05,0.0,0.0,0.00033562307,0.00013384303,0.0,0.00010201097,0.00027521956,0.0006282871,8.156994e-05,0.00015082686,8.290941e-05,8.173456e-05,0.00072501705,0.0014936561,0.00084068725,0.00016398916,0.0004669483,9.748633e-05,0.0005804248,0.0004639985,0.0,0.23453192,0.0004681254,0.0019847723,0.0004350113,0.0012383015,2.3348617e-05,0.0016285139,0.00026434308,6.4030595e-05,0.00035863745,0.0010147032,0.0021751085,0.00013713638,0.0023148872,0.00020848453,0.0005059104,0.0004980024,0.0007309746,0.0010323953,0.00059955346,0.00039504186,0.00061207806,0.0013062061,0.00070671755,0.00040995824,0.008915665,0.0027950606,0.0001338461,0.0013226876,0.0007700475,0.00088953576,0.0036264788,0.0024972914,0.2574648,0.00055897475,0.000520982,0.0038082018,0.00036532126,0.002687094,0.006068297,0.002864904,0.0026538137,0.0,0.0001682924,0.0046619745,0.001517873,0.0037931632,0.0017508932,0.00035797182,0.009640504,0.0017678495,0.39613575
Ġmale,0.00013597292,1.7230044e-06,0.0,0.0,0.0,7.213008e-05,9.628209e-06,0.00029803405,0.0020632218,1.51332515e-05,0.000118119104,0.0,0.0,0.00046982092,0.0012666333,0.0036299706,0.00164846,4.9242182e-05,7.5395066e-05,0.00011745837,9.51069e-05,0.00036384774,5.3094675e-05,0.00013873162,0.0,0.00025922083,9.460818e-05,0.0,0.0,0.00014292508,3.227728e-05,0.0,4.235734e-05,1.5600639e-05,0.0001240494,0.0019144368,3.199856e-05,0.00014023326,3.694198e-05,0.00023457098,6.783611e-05,0.00028840013,0.0,0.0,0.000424426,0.00023878197,0.00040240295,0.0,0.0,0.233836,0.00051335595,0.00027281046,0.03627101,2.3313094e-06,0.0009914743,0.0,0.0,9.318238e-05,0.0001512433,0.00042326347,0.0010743319,0.0006728019,0.00023084665,0.000119309545,0.0,0.0001932845,0.0024407834,0.0006686994,0.0,8.851861e-05,0.001089521,0.0010670938,0.0,0.0060531045,0.002664353,0.0,0.0007763221,2.592679e-05,0.08517232,0.0019681056,0.01670492,0.0,0.0002773448,0.3114202,0.0010989797,0.000107037464,0.0024071755,0.0032621168,0.008573856,0.0011379522,0.0,7.9611105e-05,0.0007966804,0.0031742007,0.0012694654,0.0005616321,0.0,0.0032616563,0.07688804,0.1770063
ĠPrevious,0.00019162134,0.0,0.0,0.0,0.0,0.00021915774,0.0,0.00038425878,0.0,0.0,0.0014408296,0.0,0.0,0.002733909,0.0,0.0,0.0,0.0,0.0,0.0009435287,0.00011517362,0.0,0.0,0.0,0.0,0.0,0.0,0.0,0.0,0.001471639,0.0,0.0,0.0,0.0,0.0,0.0,0.0,0.0,0.0,0.0,0.0,0.0006008921,0.0,0.0,0.0,0.0,0.0029651222,0.0,0.0,0.0,0.32681745,0.0,0.0,0.0,0.0,0.0,0.0,0.0,0.0044201836,0.0,0.0,0.0,0.0,0.0,0.0,0.0057272767,0.009713425,0.0,0.0,0.0038228827,0.0,0.0,0.0,0.0,0.0,0.0,0.004609184,0.0,0.0,0.0,0.0,0.0,0.0,0.0,0.0,0.0,0.0,0.0,0.008487262,0.009501938,0.0,0.0,0.01752194,0.0064521427,0.0,0.0,0.0,0.075159006,0.0,0.5167011
Ġan,0.0002706273,0.0,0.0,0.0,0.0,0.00014727046,0.0,8.531948e-05,0.0,0.0,0.0010767279,0.0,0.0,0.0017930198,0.0,0.0,0.0,0.0,0.0,0.00041995916,0.00026780722,0.0,0.0,0.0,0.0,0.0,0.0,0.0,0.0,0.0004534294,0.019354183,0.0,0.0,0.0,0.0,0.0,0.0,0.0,0.0,0.0,0.0,0.00048064464,0.0,0.0,0.0,0.0,0.0011721695,0.0,0.0,0.0,0.0057678595,0.22722697,0.0,0.058479436,0.0,0.0,0.0,0.003892834,0.0021098687,0.0,0.0,0.0,0.0,0.0,0.0,0.0016737793,0.0022852186,0.0,0.0,0.0013962114,0.0,0.0,0.0,0.0,0.0,0.0,0.003217595,0.017998634,0.0,0.0,0.0,0.0,0.0,0.0,0.0,0.0,0.0,0.0,0.0034267849,0.0033908822,0.0,0.0,0.005256065,0.0040113297,0.0,0.2966682,0.0,0.013919064,0.0,0.32375813
omatic,0.0002983299,2.0039535e-05,0.0,0.0,0.0,0.00033944214,4.3059976e-05,0.0002816429,0.0,8.81594e-05,0.0002155273,0.0,0.0,0.0019353055,0.006593,0.0,0.005388956,0.00014319281,0.00044314776,0.00019535028,0.00055835536,0.0018502238,0.0022938112,0.0014984627,0.0,0.00051002076,0.00023239607,0.0,0.0,0.001044517,0.0006751579,0.0,0.00011057509,0.00048205457,0.0009418151,0.04407054,0.00048226284,0.00083948154,0.00023434522,0.00043981234,0.000640092,0.001512763,0.0,0.0,0.0013661267,0.0043176496,0.001590815,0.0,0.0,0.0,0.0033933436,0.0011819837,0.32836875,0.00014948785,0.001171415,0.0,0.0,0.00028314997,0.0012219806,0.0013106503,0.0038362949,0.008773801,0.0016566938,0.00032967044,0.0,0.0049291146,0.0012728164,0.0019025197,0.0,0.0013075889,0.0023434435,0.006927194,0.0,0.055480737,0.029936789,0.0,0.0027774633,0.0009522479,0.0,0.018698663,0.15800336,0.0,0.00080482045,0.0,0.0023974073,0.00064363034,0.010823844,0.008880562,0.043713402,0.0037631758,0.0,0.0004609471,0.003266973,0.030689254,0.007351738,0.011364875,0.0,0.01712158,0.0,0.14083214
Ġpresence,0.00070102245,0.0,0.0,0.0,0.0,0.00061811577,0.0,0.00039632517,0.0,0.0,0.0005309338,0.0,0.0,0.0036355888,0.0,0.0,0.0,0.0,0.0,0.0014627111,0.0003704045,0.0,0.0,0.0,0.0,0.0,0.0,0.0,0.0,0.0027060825,0.083123095,0.0,0.0,0.0,0.0,0.0,0.0,0.0,0.0,0.0,0.0,0.00053055264,0.0,0.0,0.0,0.0,0.0010004519,0.0,0.0,0.0,0.012615685,0.0,0.0,0.31102565,0.0,0.0,0.0,0.017305251,0.0011438208,0.0,0.0,0.0,0.0,0.0,0.0,0.0029576924,0.007984435,0.0,0.0,0.0039956677,0.0,0.0,0.0,0.0,0.0,0.0,0.0074187126,0.052806683,0.0,0.0,0.0,0.0,0.0,0.0,0.0,0.0,0.0,0.0,0.003069776,0.0026682683,0.0,0.0,0.010310912,0.006420725,0.0,0.0,0.0,0.047426358,0.0,0.4177751
ĠWe,5.460677e-05,2.671437e-05,0.0,0.0,0.0,4.8030455e-05,4.613514e-05,2.8533466e-05,0.0,0.0,0.00066803885,0.0,0.0,8.748869e-05,0.0,0.0,0.0,0.0,0.00015172121,4.1169224e-05,1.9347146e-05,0.0,0.0,0.0,0.0,0.0024008702,0.0,0.0,0.0,0.00012791896,0.0012688702,0.0,0.0,0.000118045034,0.0,0.0,0.00063348707,0.0,0.00046076687,0.00018258604,0.0,6.509374e-05,0.0,0.0,0.0,0.00085079204,9.844632e-05,0.0,0.0,0.0,0.005035556,0.0004591294,0.0,0.0009417458,0.49621508,0.0,0.0,0.032526724,0.00019080786,0.0008404018,0.0,0.0,0.0022533783,1.2959981e-05,0.0,9.236743e-05,0.0021830006,0.0005456864,0.0,0.00024582338,0.0,8.597596e-05,0.0,0.0,0.0,0.0,0.0013579924,0.0021568385,0.0,0.0,0.0,0.0,0.0008398674,0.0,0.00010959954,0.0013457069,0.019500628,0.0,0.00030457764,0.0004905143,0.0,0.0,0.0027386064,0.0003980378,0.0003161908,0.0008862531,0.0,0.0057796473,0.0,0.41476822
Ġ+/-,1.1201524e-05,6.35133e-06,0.0,0.0,0.0,2.7783963e-05,1.8411916e-05,1.5941878e-05,4.157242e-05,4.7197387e-05,6.1817555e-05,0.00013980165,0.00015348043,5.790192e-06,2.2213035e-05,2.516697e-05,0.00011459754,2.2155089e-05,7.6604694e-05,7.1829018e-06,6.8845766e-05,1.114082e-05,3.2086125e-05,5.221682e-06,0.0013216255,2.6074744e-05,4.5225483e-05,0.0,0.0,0.00020589263,4.8152382e-05,0.0,1.2551957e-05,1.80538e-05,0.00016897473,7.5718715e-05,2.2378268e-05,5.0017574e-05,6.55534e-05,9.9491364e-05,6.1556115e-05,0.00016497671,0.00020578672,0.00016907886,3.151706e-05,0.00017371123,5.3798785e-06,0.0,0.0,9.795002e-05,2.9441751e-05,8.324715e-05,8.322158e-05,1.2864677e-05,0.00022965937,0.5480285,0.0016102437,1.961741e-05,3.1375243e-05,6.55014e-05,8.682236e-05,0.00023056012,1.403549e-05,6.6560315e-05,0.017527694,1.3360814e-05,7.199948e-05,3.966781e-05,0.0771862,9.376792e-05,6.081693e-05,0.00012422113,0.00471533,0.00017546045,7.416501e-05,0.0026696147,0.00015023808,2.3298071e-05,0.0005637021,0.00010864436,0.00029104005,0.0,1.5984824e-05,0.00021285076,0.00010130148,3.3481e-06,3.3362958e-05,4.8093676e-05,2.4148612e-05,9.959541e-05,0.0,6.5869994e-05,1.818062e-05,0.00017879385,0.00016904855,0.00027530207,0.0028969713,7.358665e-05,5.162568e-05,0.33539477
5,3.4052794e-06,2.0225116e-05,0.0,0.0,0.0,2.9296725e-06,1.5714724e-05,0.00013745183,5.605837e-05,3.0216746e-05,0.00020356361,0.00018019452,0.0059381234,7.657964e-06,0.00032523667,7.296894e-05,0.00045237952,7.079957e-05,2.7501457e-05,0.000100613135,1.699965e-06,0.00014984982,7.95684e-05,1.7474506e-05,0.0,0.0005191105,6.0578124e-05,0.0,0.0,4.641113e-05,4.543271e-05,0.0,9.9133504e-05,0.00010018046,7.450742e-06,0.0005230796,5.943315e-06,9.3455965e-05,7.310389e-06,2.3675972e-05,1.3975087e-05,2.309438e-06,0.0009991416,0.0081253275,0.00012696648,0.0005329373,3.4601802e-05,0.0,0.0,0.0018357768,0.00023529338,6.499363e-05,0.0038198528,1.5378828e-05,0.0010073656,0.0,0.26580453,0.00019065326,8.807603e-05,3.5277633e-05,0.0006012451,3.757889e-05,0.00028493695,6.560823e-05,0.0,0.00010352172,0.00021849647,4.186455e-05,0.0,0.00011591053,0.00016834159,9.529095e-05,0.077324465,0.0010648926,0.0005863389,0.05561588,0.0002478859,4.3136377e-05,0.0015927444,0.0002035442,0.0052529396,0.0,3.3342334e-05,0.0037466655,8.475724e-05,3.3036074e-05,0.00027803527,0.0002498408,0.0003986662,1.0873735e-05,0.0,0.000102653634,8.150511e-05,9.406669e-05,3.7152953e-05,0.00022467077,0.45764685,0.0007968523,0.011692404,0.08137792
Ġstudies,3.875937e-05,0.0,0.0,0.0,0.0,3.258029e-05,0.0,9.0025045e-05,0.0,0.0,0.00038138294,0.0,0.0,0.00020024127,0.0,0.0,0.0,0.0,0.0,0.00023775792,2.1412941e-05,0.0,0.0,0.0,0.0,0.0,0.0,0.0,0.0,0.00023853625,0.0,0.0,0.0,0.0,0.0,0.0,0.0,0.0,0.0,0.0,0.0,6.240433e-05,0.0,0.0,0.0,0.0,0.00038705277,0.0,0.0,0.0,0.062173508,0.0,0.0,0.0,0.0,0.0,0.0,0.44080383,0.00082958257,0.0,0.0,0.0,0.0,0.0,0.0,0.0007513307,0.0021876337,0.0,0.0,0.00066384743,0.0,0.0,0.0,0.0,0.0,0.0,0.0017863997,0.0,0.0,0.0,0.0,0.0,0.0,0.0,0.0,0.0,0.0,0.0,0.0006917283,0.00067848497,0.0,0.0,0.004013893,0.0004826452,0.0,0.0,0.0,0.009280182,0.0,0.47396684
struct,0.0,0.0,0.0,0.0,0.0,0.0,0.0,0.0,0.0,0.0,0.026282135,0.0,0.0,0.0,0.0,0.0,0.0,0.0,0.0,0.0,0.0,0.0,0.0,0.0,0.0,0.0,0.0,0.0,0.0,0.0,0.0,0.0,0.0,0.0,0.0,0.0,0.0,0.0,0.0,0.0,0.0,0.0,0.0,0.0,0.0,0.0,0.0,0.0,0.0,0.0,0.0,0.0,0.0,0.0,0.0,0.0,0.0,0.0,0.21883173,0.0,0.0,0.0,0.0,0.0,0.0,0.0,0.0,0.0,0.0,0.0,0.0,0.0,0.0,0.0,0.0,0.0,0.0,0.0,0.0,0.0,0.0,0.0,0.0,0.0,0.0,0.0,0.0,0.0,0.0,0.0,0.0,0.0,0.0,0.0,0.0,0.0,0.0,0.0,0.0,0.75488615
Ġthat,0.00012998536,0.0,0.0,0.0,0.0,6.841469e-05,0.0,7.929487e-05,0.0,0.0,0.00038202674,0.0,0.0,0.003796272,0.0,0.0,0.0,0.0,0.00232706,0.00015187381,0.000106349165,0.0,0.0,0.0,0.0,0.0,0.0,0.0,0.0,0.00030484766,0.004339429,0.0,0.0,0.0,0.0,0.0,0.0,0.0,0.0,0.0,0.0,5.7072084e-05,0.0,0.0,0.0,0.0,0.00070362363,0.0,0.0,0.0,0.0018979106,0.0123829255,0.0,0.008476409,0.0,0.0,0.0,0.004201892,0.00069722446,0.31786373,0.0,0.0,0.0,0.0,0.0,0.00087894185,0.0023019856,0.04285345,0.0,0.0012390671,0.0,0.002929806,0.0,0.0,0.0,0.0,0.008829518,0.0089585055,0.0,0.0,0.0,0.0,0.14108473,0.0,0.0,0.20394288,0.0,0.0,0.000760417,0.0014048222,0.0,0.0,0.011980462,0.0005805463,0.0,0.030196553,0.0,0.0037948985,0.0,0.18029709
ive,2.4244593e-05,0.00013755973,0.0,0.0,0.0,4.3337423e-05,0.00031923808,0.00025982302,0.0,0.0015820054,0.0019652809,0.0,0.0,0.00026555496,0.0,0.0,0.0,0.0009544687,0.00027363465,0.0011807602,3.57538e-05,0.010152942,0.0,0.0062911874,0.0,0.0021811458,0.00041280693,0.0,0.0,0.0010596078,0.00046014052,0.0,0.00040407619,0.0013164039,0.0029942244,0.0,0.0009974701,0.14374505,0.0015473965,0.00048116012,0.00059558934,2.0928308e-05,0.0,0.0,0.0,0.0065030274,0.00050321384,0.0,0.0,0.0,0.0028771567,0.0004600624,0.0,0.0014246913,0.00032066336,0.0,0.0,0.00013634899,0.002884671,0.00054814026,0.32610577,0.00624779,0.0012544339,0.0024639028,0.0,0.0067477226,0.001182719,0.0005606849,0.0,0.006975592,0.001488077,0.0007581188,0.0,0.0,0.11595983,0.0,0.004721677,0.0011246019,0.0,0.007024812,0.0,0.0,0.0010699925,0.0,0.0022559762,0.00034420006,0.004324759,0.019806169,0.0006569452,0.00078076177,0.0,0.002358228,0.0004309897,0.0029699022,0.0054100156,0.015810583,0.0,0.004773923,0.0,0.26103207
Ġwith,0.00018123917,0.000141385,0.0,0.0,0.0,0.00023345929,0.0019758663,0.00022903747,0.0,0.0,0.0005029594,0.0,0.0,0.0065257,0.0,0.0,0.0,0.0,0.0010558127,0.00022853736,0.00052286964,0.0,0.0,0.0,0.0,0.003640663,0.0012595356,0.0,0.0,0.00017048934,0.0010467271,0.0,0.0,0.010061202,0.0,0.0,0.0012350207,0.0,0.000973185,0.0031791152,0.0059999805,0.00038405514,0.0,0.0,0.0,0.013777422,0.0039655385,0.0,0.0,0.0,0.0019385647,0.0028814396,0.0,0.0013095748,0.0005080444,0.0,0.0,0.00034377415,0.0011117201,0.0045456523,0.0,0.4333568,0.004676566,0.0056066443,0.0,0.0023650639,0.0019564072,0.0059484593,0.0,0.0015559099,0.012822145,0.005712702,0.0,0.0,0.0,0.0,0.00234479,0.008937944,0.0,0.09055444,0.0,0.0,0.002937848,0.0,0.011114047,0.0014321526,0.02057115,0.0,0.01064048,0.003648266,0.0,0.029381242,0.013692426,0.0027040509,0.038251735,0.037865616,0.0,0.012712942,0.0,0.16928162
ency,4.661338e-05,0.0035939359,0.0,0.0,0.0,8.860984e-06,0.0030476504,2.4688934e-05,0.0,0.0,0.00025426896,0.0,0.0,5.1767478e-05,0.0,0.0,0.0,0.0,0.00086342107,0.000104452236,5.6925633e-06,0.0,0.0,0.0,0.0,0.0,0.0,0.0,0.0,0.00016233137,0.0006129817,0.0,0.0,0.018572886,0.0,0.0,0.029745156,0.0,0.10420053,0.005081891,0.0,7.661942e-06,0.0,0.0,0.0,0.0,8.613177e-05,0.0,0.0,0.0,0.00050595595,0.0011741394,0.0,0.009782453,0.0,0.0,0.0,0.0047770943,0.0002875579,0.014086499,0.0,0.0,0.2893744,0.002173478,0.0,0.00019649076,0.001867021,0.005223349,0.0,0.00042238616,0.0,0.0004936766,0.0,0.0,0.0,0.0,0.00784685,0.0020799777,0.0,0.0,0.0,0.0,0.054261196,0.0,0.01756529,0.28278983,0.0,0.0,0.00023265283,0.00012563104,0.0,0.0,0.0043168543,0.00016605135,0.012785968,0.005437884,0.0,0.0051114624,0.0,0.11044491
Ġupper,0.00019726976,0.0,0.0,0.0,0.0,0.000107490974,0.0,7.418507e-05,0.0,0.0,0.00087776897,0.0,0.0,0.0002624154,0.0,0.0,0.0,0.0,0.00489625,0.00013923399,8.8684494e-05,0.0,0.0,0.0,0.0,0.0,0.0,0.0,0.0,0.00042027724,1.5601952e-05,0.0,0.0,0.0,0.0,0.0,0.000467472,0.0,0.0065759667,0.0044421973,0.0,0.0002729395,0.0,0.0,0.0,0.0,0.00060258363,0.0,0.0,0.0,0.00040387784,0.0010345151,0.0,0.00016938207,0.0,0.0,0.0,2.2438524e-05,0.0026698122,0.00039794485,0.0,0.0,0.0,0.41342384,0.0,0.0010456495,0.0002136645,0.0026285485,0.0,0.0008631292,0.0,0.03377361,0.0,0.0,0.0,0.0,0.000310064,0.00017357695,0.0,0.0,0.0,0.0,0.0006885395,0.0,0.19118947,0.000108594184,0.0,0.0,0.0008760407,0.0017378757,0.0,0.0,0.00056818704,0.0008956816,0.016228205,0.005139586,0.0,0.0025281275,0.0,0.3034693
Ġ(,5.141447e-06,2.6546453e-05,0.0,0.0,0.0,6.7605292e-06,4.3934353e-05,5.6107165e-05,0.00026868278,0.00017509995,0.00015042229,0.0012009346,0.02117441,3.1825803e-05,0.00014410225,9.57438e-05,0.0009373337,6.549646e-05,5.4810367e-05,2.3654267e-05,1.7438437e-05,0.0003178596,0.00036649973,0.00030307102,0.12795426,0.00045426222,0.00026413938,0.0,0.0,0.00016656274,0.00031972726,0.0,0.00015632034,0.00021310545,0.0003243906,0.00060312107,0.00010190786,0.00012678998,5.052528e-05,0.00021993095,0.00054198835,0.00012761366,0.0054039923,0.021697428,0.00014007147,0.0009653122,7.9034944e-05,0.0,0.0,0.00426266,0.0003343489,0.00028178238,0.0051692883,4.9298033e-05,0.0016218952,0.0,0.01252227,0.00016685399,0.00020199148,0.0005711126,0.00032079945,0.0011138875,0.0007962881,0.0001696707,0.35855818,0.00029556543,0.00068783737,0.00013195474,0.0,0.00027470864,0.001052052,0.0003494459,0.04303601,0.0052667107,0.002780819,0.027635805,0.0011746493,0.00046314512,0.025925783,0.0023098409,0.005029282,0.0,0.00010486258,0.0044469777,0.00020960027,0.00013097613,0.0011810797,0.00077974045,0.0015259343,0.00015358115,0.0,0.00055574364,0.0003425653,0.0011061794,0.0005499331,0.0012621711,0.034727156,0.0031969415,0.006904673,0.22923948
ive,0.0,0.0,0.0,0.0,0.0,0.0,0.0,0.0,0.0,0.0,0.01129331,0.0,0.0,0.0,0.0,0.0,0.0,0.0,0.0,0.0,0.0,0.0,0.0,0.0,0.0,0.0,0.0,0.0,0.0,0.0,0.0,0.0,0.0,0.0,0.0,0.0,0.0,0.0,0.0,0.0,0.0,0.0,0.0,0.0,0.0,0.0,0.0,0.0,0.0,0.0,0.0,0.0,0.0,0.0,0.0,0.0,0.0,0.0,0.18780449,0.0,0.0,0.0,0.0,0.0,0.0,0.34417143,0.0,0.0,0.0,0.0,0.0,0.0,0.0,0.0,0.0,0.0,0.0,0.0,0.0,0.0,0.0,0.0,0.0,0.0,0.0,0.0,0.0,0.0,0.0,0.0,0.0,0.0,0.0,0.0,0.0,0.0,0.0,0.0,0.0,0.45673078
ers,0.00072162715,0.0,0.0,0.0,0.0,0.00020201303,0.0,0.001482258,0.0,0.0,0.0009219397,0.0,0.0,0.0024820133,0.0,0.0,0.0,0.0,0.0,0.0023759445,0.00013509355,0.0,0.0,0.0,0.0,0.0,0.0,0.0,0.0,0.00022496525,0.0,0.0,0.0,0.0,0.0,0.0,0.0,0.0,0.0,0.0,0.0,9.2410286e-05,0.0,0.0,0.0,0.0,0.005735479,0.0,0.0,0.0,0.0,0.0,0.0,0.0,0.0,0.0,0.0,0.0,0.0011622295,0.0,0.0,0.0,0.0,0.0,0.0,0.0018228632,0.5172094,0.0,0.0,0.00075054844,0.0,0.0,0.0,0.0,0.0,0.0,0.07297311,0.0,0.0,0.0,0.0,0.0,0.0,0.0,0.0,0.0,0.0,0.0,0.08327705,0.002442962,0.0,0.0,0.22052857,0.011739039,0.0,0.0,0.0,0.0,0.0,0.07372051
way,0.00022138355,0.0,0.0,0.0,0.0,0.0003804045,0.0,6.4785054e-05,0.0,0.0,0.00032333622,0.0,0.0,0.0025670277,0.0,0.0,0.0,0.0,0.04090466,9.3905226e-05,0.00064033864,0.0,0.0,0.0,0.0,0.0,0.0,0.0,0.0,0.00069863274,0.008858951,0.0,0.0,0.0,0.0,0.0,0.0,0.0,0.0,0.0,0.0,0.00028106113,0.0,0.0,0.0,0.0,0.003243171,0.0,0.0,0.0,0.0015672415,0.09390822,0.0,0.008530641,0.0,0.0,0.0,0.002278721,0.0013507331,0.0,0.0,0.0,0.0,0.0,0.0,0.0028253496,0.0015150254,0.28198704,0.0,0.004999624,0.0,0.10921855,0.0,0.0,0.0,0.0,0.0022556346,0.0063726637,0.0,0.0,0.0,0.0,0.0,0.0,0.0,0.0,0.0,0.0,0.0008569417,0.004231034,0.0,0.0,0.0034522254,0.00184893,0.0,0.07385455,0.0,0.0041604056,0.0,0.33650875
mean,1.6321092e-06,2.8418297e-06,0.0,0.0,0.0,4.655383e-06,1.6688859e-05,1.6603717e-05,4.4550372e-05,0.0001062519,3.182299e-05,0.00025812467,0.0039357133,1.207146e-05,1.0072183e-05,2.3184706e-05,0.0006610865,6.9216053e-06,6.275011e-05,8.088766e-06,1.777823e-05,4.0940165e-05,5.8783786e-05,3.3325377e-05,0.0482116,0.00010880448,1.5933536e-05,0.0,0.0,8.145715e-05,0.00017454074,0.0,3.7030757e-05,7.623179e-05,0.00043936673,7.163766e-05,7.924629e-05,1.9647016e-05,3.7361435e-05,0.00026434712,8.864108e-05,8.853497e-05,0.00092858344,0.0018634597,0.00014647261,0.00031237988,4.7239013e-05,0.0,0.0,0.0009852424,5.0933857e-05,0.00014214171,0.0010592537,1.0941449e-05,0.0004523084,0.0,0.0061541875,5.2511994e-05,5.676823e-05,0.00045187364,0.00019240585,0.0005303468,5.843796e-05,3.8696067e-05,0.17741548,0.00010867495,0.00042288698,8.137244e-05,0.5380057,0.00052220596,9.83637e-05,0.00017812978,0.0080491835,0.00045231316,0.0005300156,0.010673002,0.0014074176,4.773622e-05,0.002253717,0.00032993275,0.00078457134,0.0,6.49441e-05,0.0010803897,5.8475536e-05,6.322984e-05,6.785804e-05,9.8909666e-05,0.00011914625,0.00020947335,0.0,8.064185e-05,8.880031e-05,0.00038689448,0.00056847325,0.00047433714,0.015451254,0.00010810188,0.0019243018,0.15746655
Ġsleep,0.0,0.0,0.0,0.0,0.0,0.0,0.0,0.0,0.0,0.0,0.007822222,0.0,0.0,0.0,0.0,0.0,0.0,0.0,0.0,0.0,0.0,0.0,0.0,0.0,0.0,0.0,0.0,0.0,0.0,0.0,0.0,0.0,0.0,0.0,0.0,0.0,0.0,0.0,0.0,0.0,0.0,0.0,0.0,0.0,0.0,0.0,0.0,0.0,0.0,0.0,0.0,0.0,0.0,0.0,0.0,0.0,0.0,0.0,0.09241185,0.0,0.0,0.0,0.0,0.0,0.0,0.15727915,0.0,0.0,0.0,0.39349568,0.0,0.0,0.0,0.0,0.0,0.0,0.0,0.0,0.0,0.0,0.0,0.0,0.0,0.0,0.0,0.0,0.0,0.0,0.0,0.0,0.0,0.0,0.0,0.0,0.0,0.0,0.0,0.0,0.0,0.348991
Ġinvestigated,0.00020664466,0.00019187808,0.0,0.0,0.0,0.00021155235,0.0003310697,0.00021907878,0.0,0.0,0.00059591496,0.0,0.0,0.0008094239,0.0,0.0,0.0,0.0,0.00076321856,0.00014481065,0.00022983005,0.0,0.0,0.0,0.0,0.004408918,0.0,0.0,0.0,0.0004982956,0.001948174,0.0,0.0,0.0029300286,0.0,0.0,0.004304728,0.0,0.002972325,0.0045646224,0.0,0.00072308583,0.0,0.0,0.0,0.015160621,0.000920168,0.0,0.0,0.0,0.010856347,0.002284197,0.0,0.0016507728,0.014461888,0.0,0.0,0.007657282,0.0016252566,0.0073271557,0.0,0.0,0.004896056,0.0008797079,0.0,0.0028399217,0.008218818,0.010702582,0.0,0.002087031,0.32632077,0.003105939,0.0,0.0,0.0,0.0,0.005471858,0.024113445,0.0,0.0,0.0,0.0,0.003548347,0.0,0.017462257,0.0029743111,0.13513365,0.0,0.004389652,0.004867944,0.0,0.0,0.006456873,0.0061530117,0.034967504,0.04157299,0.0,0.10782662,0.0,0.15801336
Ġupper,0.0004338904,0.0,0.0,0.0,0.0,0.00088753947,0.0,0.00023471499,0.0,0.0,0.0014796776,0.0,0.0,0.0013702123,0.0,0.0,0.0,0.0,0.0,0.0001903993,0.0021011455,0.0,0.0,0.0,0.0,0.0,0.0,0.0,0.0,0.00082123134,0.0016459163,0.0,0.0,0.0,0.0,0.0,0.0,0.0,0.0,0.0,0.0,0.0017139828,0.0,0.0,0.0,0.0,0.009049415,0.0,0.0,0.0,0.0013800057,0.085934564,0.0,0.0037201361,0.0,0.0,0.0,0.00016714059,0.005989632,0.0,0.0,0.0,0.0,0.0,0.0,0.0035040055,0.0015486701,0.0,0.0,0.0065546525,0.0,0.41787824,0.0,0.0,0.0,0.0,0.001172387,0.0026611306,0.0,0.0,0.0,0.0,0.0,0.0,0.0,0.0,0.0,0.0,0.0050854227,0.003992494,0.0,0.0,0.002348516,0.0027264094,0.0,0.0994123,0.0,0.008851648,0.0,0.3271446
Ġ+/-,5.113987e-06,0.00013670627,0.0,0.0,0.0,6.9415432e-06,0.00021931739,6.542633e-05,0.00019797149,8.082448e-05,0.0005672551,0.0005026488,0.0015132647,8.790907e-06,0.0005955334,7.866328e-05,0.00043209494,0.0002162534,0.0001576336,3.2635122e-05,1.2591491e-05,0.00029537146,0.00054039893,6.8488174e-05,0.0,0.00077468215,6.721514e-05,0.0,0.0,4.1265874e-05,7.557741e-05,0.0,0.00015152132,0.00044159614,6.894217e-05,0.0006050736,2.4221345e-05,0.00013355527,2.3857749e-05,0.00015020002,7.142211e-05,0.0001295917,0.0017338549,0.0038244796,0.000115617615,0.0017228469,0.00016365126,0.0,0.0,0.000972228,0.00028671484,0.0003898165,0.0025912225,3.8822265e-05,0.0007272352,0.0,0.0,7.446888e-05,0.00053250213,9.366724e-05,0.00034570118,0.0004383019,0.00041799957,0.0003788697,0.0,0.00021828595,0.00012990748,8.389953e-05,0.0,0.00013774747,0.00060636835,0.00088106387,0.5292488,0.001733569,0.0013586219,0.041705497,0.00011328399,0.000204056,0.0044280416,0.0004334094,0.0020332492,0.0,3.0024825e-05,0.0018863684,0.0002708318,2.920866e-05,0.0005760095,0.00061434635,0.0009385113,3.3734326e-05,0.0,0.00015536656,0.0001351136,0.00021448355,0.00024183655,0.000989228,0.23585027,0.0015046463,0.0019152915,0.14371823
.,0.000154496,2.305534e-05,0.0,0.0,0.0,0.000118996555,2.6817324e-05,5.0922576e-05,0.0,0.00075682654,0.00014405254,0.0,0.0,0.0002842913,0.0,0.0,0.013911067,0.0010311615,0.00016850983,3.5226007e-05,0.00012223779,0.005284352,0.00064243714,0.0020855956,0.0,0.00076999655,0.0019478201,0.0,0.0,0.00024838292,0.00034582632,0.0,0.0009235254,0.0002451067,0.0017706535,0.0,0.00027644436,0.0008040818,0.00051027216,0.0005025238,0.0051484033,0.000535494,0.0,0.0,0.0005069805,0.00282626,0.00039353632,0.0,0.0,0.0,0.0030334156,0.00041974764,0.0,0.00034172172,0.0049286853,0.0,0.0,0.0016690126,0.00050281244,0.00053463265,0.0019054635,0.010530479,0.0021335355,8.498236e-05,0.0,0.0008068956,0.005568151,0.0013513139,0.0,0.00035856708,0.052657515,0.0011544431,0.0,0.24093337,0.024056418,0.0,0.002092812,0.0040378287,0.0,0.037829228,0.0,0.0,0.000624792,0.0,0.0034270014,0.0006300317,0.14564626,0.025908355,0.006592433,0.0012703624,0.0,0.0019122846,0.004518624,0.007424393,0.0056956895,0.009098147,0.0,0.23966876,0.0,0.10805646
Ġof,2.7596267e-05,0.00035771515,0.0,0.0,0.0,3.566413e-05,0.0003062628,0.0010719994,0.0,0.0018522328,0.0017017026,0.0,0.0,0.0003130249,0.0,0.0,0.0,0.00323807,0.00027929645,0.0012303056,6.578193e-05,0.059958626,0.0,0.026446244,0.0,0.0017087924,0.0011667624,0.0,0.0,0.0005246287,0.00059922354,0.0,0.0030104113,0.0022829769,0.0036971301,0.0,0.0025681688,0.0,0.00062905264,0.0012386362,0.0023448628,7.0456226e-05,0.0,0.0,0.0,0.0077420673,0.0025922563,0.0,0.0,0.0,0.0041759163,0.00039799022,0.0,0.00091541104,0.0007660412,0.0,0.0,0.00042348713,0.004984583,0.0041798274,0.0,0.0120714605,0.0036749153,0.0009300382,0.0,0.011445292,0.0022590363,0.0011760447,0.0,0.0071595213,0.008091056,0.0008527502,0.0,0.0,0.42008716,0.0,0.0052167107,0.006089099,0.0,0.03168339,0.0,0.0,0.0015182747,0.0,0.0046178326,0.0019943607,0.014341035,0.07805884,0.0039876094,0.00064569764,0.0,0.00539146,0.002084736,0.0024959126,0.017930169,0.022512058,0.0,0.02232457,0.0,0.16845778
Ġage,6.260908e-05,3.6132347e-05,0.0,0.0,0.0,2.1109123e-05,4.6039117e-05,0.0005094781,2.7114167e-05,0.0003287368,0.00037771757,0.00060330663,0.010462027,5.4588403e-05,0.00054418464,0.00012525775,0.0005347198,0.00061565544,4.187718e-05,0.00064231275,1.3490372e-05,0.00026853936,0.00019127943,9.306066e-05,0.0,0.00055608107,0.0005532442,0.0,0.0,8.14387e-05,0.00032497477,0.0,0.0006012716,0.00013824762,4.613696e-05,0.0046514813,2.6188805e-05,0.0011553385,0.00012917508,0.0001083353,4.338947e-05,1.0506903e-05,0.0017762888,0.03579089,0.00029100172,0.0006775019,0.00014194306,0.0,0.0,0.0012556579,0.00032231142,0.00010432542,0.0013366166,0.00042708858,0.0009627013,0.0,0.0,0.0003033969,6.294926e-05,0.00021937533,0.0009880589,0.0001052984,0.0016220436,0.00026683047,0.0,4.2015912e-05,0.00042500749,8.232587e-05,0.0,6.372708e-05,0.000107570166,6.5404274e-05,0.0,0.0006387545,0.00075750024,0.5539182,0.0005886688,0.0001909614,0.003911717,0.00041860034,0.002092377,0.0,0.00014204517,0.0035250874,0.00021842089,0.00011370053,0.00035411748,0.0004828686,0.0016291222,2.0435406e-05,0.0,0.0015029102,0.00036354028,0.00030298028,8.283376e-05,0.0006150567,0.0,0.0006637601,0.008167041,0.3478339
nea,0.0,0.0,0.0,0.0,0.0,0.0,0.0,0.0,0.0,0.0,0.0108570615,0.0,0.0,0.0,0.0,0.0,0.0,0.0,0.0,0.0,0.0,0.0,0.0,0.0,0.0,0.0,0.0,0.0,0.0,0.051207792,0.0,0.0,0.0,0.0,0.0,0.0,0.0,0.0,0.0,0.0,0.0,0.0,0.0,0.0,0.0,0.0,0.0,0.0,0.0,0.0,0.0,0.0,0.0,0.0,0.0,0.0,0.0,0.0,0.058695,0.0,0.0,0.0,0.0,0.0,0.0,0.07760091,0.0,0.0,0.0,0.09254699,0.0,0.0,0.0,0.0,0.0,0.0,0.35267085,0.0,0.0,0.0,0.0,0.0,0.0,0.0,0.0,0.0,0.0,0.0,0.0,0.0,0.0,0.0,0.0,0.0,0.0,0.0,0.0,0.0,0.0,0.35642132
Ġsupport,0.00040236904,0.0,0.0,0.0,0.0,0.00057437405,0.0,0.0004388425,0.0,0.0,0.00070480106,0.0,0.0,0.0052480064,0.0,0.0,0.0,0.0,0.0,0.00038724838,0.00075268734,0.0,0.0,0.0,0.0,0.0,0.0,0.0,0.0,0.0020090707,0.0,0.0,0.0,0.0,0.0,0.0,0.0,0.0,0.0,0.0,0.0,0.0017635921,0.0,0.0,0.0,0.0,0.0048334454,0.0,0.0,0.0,0.0453491,0.0,0.0,0.0,0.0,0.0,0.0,0.033274803,0.0030292033,0.0,0.0,0.0,0.0,0.0,0.0,0.0057093925,0.007503593,0.0,0.0,0.003389683,0.0,0.0,0.0,0.0,0.0,0.0,0.010600642,0.39325982,0.0,0.0,0.0,0.0,0.0,0.0,0.0,0.0,0.0,0.0,0.012209763,0.006695102,0.0,0.0,0.026306959,0.011566331,0.0,0.0,0.0,0.12395742,0.0,0.3000337
Ġ(,0.00019495396,4.609409e-05,0.0,0.0,0.0,0.00018699789,1.42147455e-05,0.00027245656,0.003268698,0.0003663293,0.00011929121,0.0,0.0,0.0002132521,0.0019139465,0.0076698973,0.008270035,0.00038398633,0.00076076225,0.000112339374,0.00030932584,0.0015377357,0.00062184315,0.0006268704,0.0,0.00088312215,0.0002809043,0.0,0.0,0.0003658543,0.00043770703,0.0,0.00034907946,6.890306e-05,0.0020235952,0.0082991645,0.00035281287,0.0011814506,0.0005810162,0.0017144557,0.00077293965,0.0007985359,0.0,0.0,0.0005578205,0.0035734985,0.0010844744,0.0,0.0,0.0,0.0002716041,0.0011353511,0.0478081,0.00012080195,0.0007999006,0.0,0.0,0.00013301046,0.00027418172,0.0019985135,0.003298478,0.0077934074,0.0029025886,6.0345734e-05,0.0,0.00030893742,0.0019030841,0.0025073176,0.0,0.00022865055,0.0043799537,0.0035122128,0.0,0.029585497,0.021718824,0.0,0.0012073987,0.00022987933,0.43934163,0.012443652,0.027022123,0.0,0.0017927085,0.0,0.0022534074,0.000980991,0.011010035,0.012326415,0.0068942597,0.0007665875,0.0,0.00035561292,0.0010718982,0.0107000945,0.0053118374,0.0077080824,0.0,0.008294552,0.11163576,0.15769802
Ġthat,0.00037364144,7.810662e-05,0.0,0.0,0.0,0.0003230601,0.00034704307,0.00035714355,0.0,0.0,0.0006855825,0.0,0.0,0.009312674,0.0,0.0,0.0,0.0,0.00044036173,0.00047364147,0.00027668843,0.0,0.0,0.0,0.0,0.0034694993,0.01539972,0.0,0.0,0.0006844096,0.002671096,0.0,0.0,0.0046344637,0.0,0.0,0.0025471023,0.0,0.0020257146,0.0021129223,0.020507671,0.00043423762,0.0,0.0,0.0,0.015078516,0.0012910616,0.0,0.0,0.0,0.007727291,0.0018421417,0.0,0.0044951136,0.003616756,0.0,0.0,0.0040303357,0.001232432,0.012048289,0.0,0.0,0.007286315,0.0016413662,0.0,0.0030747147,0.0054219514,0.009892779,0.0,0.0014370542,0.037943754,0.001461358,0.0,0.0,0.0,0.0,0.007527204,0.024873745,0.0,0.40837675,0.0,0.0,0.010376292,0.0,0.013718472,0.0066833566,0.05363579,0.0,0.009455214,0.0066362526,0.0,0.0,0.026874082,0.0074863224,0.025681037,0.058041267,0.0,0.046601586,0.0,0.10735661
ĠEight,0.00045035497,7.693879e-05,0.0,0.0,0.0,0.000655227,9.7570584e-05,0.00031083284,0.0,0.00016230615,0.00030275306,0.0,0.0,0.0011470063,0.0,0.0,0.0075914287,0.0004839914,0.00089030765,0.00019498091,0.00065308623,0.0031643263,0.0027575407,0.0027715007,0.0,0.0006005801,0.00097246387,0.0,0.0,0.0020132563,0.00043694422,0.0,0.0001867664,0.00078466226,0.0015416387,0.0,0.00060139457,0.0022813948,0.000665571,0.0010054151,0.002942545,0.0018579314,0.0,0.0,0.0012433953,0.009009705,0.0015024751,0.0,0.0,0.0,0.0063748434,0.0015743522,0.0,0.00023089022,0.0021455644,0.0,0.0,0.00055432715,0.0016057304,0.0010440166,0.0044991733,0.011444479,0.0015845465,0.0006465311,0.0,0.003128275,0.0017370763,0.0038563744,0.0,0.0011740371,0.012364423,0.007638611,0.0,0.12767078,0.04134085,0.0,0.0016635214,0.001765093,0.0,0.038368545,0.36441395,0.0,0.0008991698,0.0,0.00959852,0.00058692007,0.018014496,0.028245647,0.025339756,0.0044143465,0.0,0.0007203649,0.001956417,0.025110941,0.009506104,0.015742397,0.0,0.032975607,0.0,0.14070703
Ġunderwent,0.00029855515,3.1266674e-05,0.0209706,0.0,0.0,0.00026804404,9.339481e-05,0.00010495886,0.00023219855,0.00041225573,0.0002861885,0.00012054325,0.00038974642,0.0024467015,0.00011341347,0.00019661346,0.0008969764,0.00024071282,0.00016999728,0.00012774875,0.00024822768,0.00066663825,0.00011604509,0.002359359,0.0007185912,0.00016410493,9.236758e-05,0.0,0.0,0.0004072737,0.0003148191,0.0,0.00030936272,0.00047009336,0.001730371,0.0002216878,0.00013103738,0.00027819883,0.00016010161,0.0011811678,0.0037125738,0.0011485781,0.0001134958,0.0014918031,0.0001820666,0.0020553642,0.0006607027,0.0,0.0,0.00045076534,0.0033834365,0.0007946656,0.0017058299,7.6476594e-05,0.0021299885,0.00020730171,5.4932156e-05,0.0005671253,0.00092025066,0.0025768527,0.0003744578,0.0062718196,0.00036655,0.0006366317,0.00062710716,0.000793837,0.0015125979,0.0013619647,0.00021799811,0.0005787312,0.003375817,0.0010138177,0.0004482182,0.018020358,0.005691791,0.00028345216,0.0018533496,0.0020789753,0.0026481997,0.012821227,0.005618046,0.43206525,0.00094364653,0.001011554,0.0073674247,0.00048214954,0.006719135,0.0133287925,0.0053844717,0.0038276045,0.0,0.00045747365,0.008179044,0.004959864,0.005073304,0.00684717,0.0003468894,0.018376887,0.0041841785,0.35349518
Ġreflex,0.00030873247,0.0,0.0,0.0,0.0,0.00018451721,0.0,5.2128176e-05,0.0,0.0,0.00014085135,0.0,0.0,0.0016007392,0.0,0.0,0.0,0.0,0.008561942,0.00017262885,0.00014583766,0.0,0.0,0.0,0.0,0.0,0.0,0.0,0.0,0.00034306047,0.010459846,0.0,0.0,0.0,0.0,0.0,0.0,0.0,0.0,0.0,0.0,4.594263e-05,0.0,0.0,0.0,0.0,0.0007144554,0.0,0.0,0.0,0.0010096473,0.06264898,0.0,0.02535191,0.0,0.0,0.0,0.0025996878,0.00019840128,0.0,0.0,0.0,0.0,0.0,0.0,0.00028851637,0.0023240307,0.18200289,0.0,0.0008082788,0.0,0.008517044,0.0,0.0,0.0,0.0,0.0028663704,0.0067089107,0.0,0.0,0.0,0.0,0.3739989,0.0,0.0,0.0,0.0,0.0,0.00037306076,0.0008952267,0.0,0.0,0.0044397037,0.0005187588,0.0,0.055557676,0.0,0.0032918951,0.0,0.24286939
seven,0.00052376825,1.8190109e-05,0.0,0.0,0.0,0.00024152877,2.739397e-05,0.00068704266,0.0030904554,0.00012005725,0.0005390855,0.0,0.0,0.0009809288,0.0017738312,0.0049990853,0.0043137143,0.00062187575,0.000223025,0.00028204336,0.00037039458,0.002238077,0.00030571723,0.0013670891,0.0,0.0006012396,0.0007481577,0.0,0.0,0.00039552603,0.00011502222,0.0,0.0005768818,7.821862e-05,0.0006519629,0.007925653,0.00024137774,0.0012627469,0.00017473176,0.0006910531,0.00057774346,0.0013593751,0.0,0.0,0.0010623117,0.0022473596,0.0021137726,0.0,0.0,0.0,0.0014608813,0.00054264243,0.051586714,3.4125067e-05,0.0027068919,0.0,0.0,0.0005023981,0.0007085942,0.002602144,0.0026920568,0.0028327475,0.0012899742,0.00013693889,0.0,0.0006587107,0.004424999,0.0016901401,0.0,0.0004627452,0.004215735,0.0015852537,0.0,0.017228015,0.020409241,0.0,0.003370046,0.00024470408,0.12614214,0.014360297,0.054562077,0.0,0.000870144,0.30399904,0.0034174249,0.0008960982,0.008253979,0.020352481,0.025433173,0.002770742,0.0,0.0008487008,0.0032089653,0.009707762,0.0051115067,0.0043201987,0.0,0.0077484483,0.12137927,0.1216854
Ġof,0.00050015433,0.0,0.0,0.0,0.0,0.00025168151,0.0,0.00058237446,0.0,0.0,0.00074083015,0.0,0.0,0.00065125205,0.0,0.0,0.0,0.0,0.0018560955,0.0007927086,0.00026450734,0.0,0.0,0.0,0.0,0.0,0.0,0.0,0.0,0.000454235,0.00032494028,0.0,0.0,0.0,0.0,0.0,0.0043570255,0.0,0.04215671,0.03332425,0.0,0.00013397804,0.0,0.0,0.0,0.0,0.0008761882,0.0,0.0,0.0,0.000736762,0.002470819,0.0,0.0015043662,0.0,0.0,0.0,0.0003158076,0.0010432118,0.004993446,0.0,0.0,0.0,0.0,0.0,0.0010411752,0.0029706694,0.010326093,0.0,0.0007421122,0.0,0.005820893,0.0,0.0,0.0,0.0,0.0030119934,0.002245397,0.0,0.0,0.0,0.0,0.0060331747,0.0,0.33198085,0.0023197522,0.0,0.0,0.0034044115,0.0011861033,0.0,0.0,0.0016552676,0.0036738217,0.09562708,0.044089865,0.0,0.030806594,0.0,0.35473344
Ġmechanism,0.000251419,0.0,0.0,0.0,0.0,7.486658e-05,0.0,4.1138643e-05,0.0,0.0,0.00031185383,0.0,0.0,0.00096484885,0.0,0.0,0.0,0.0,0.0021614865,0.0001292897,9.188245e-05,0.0,0.0,0.0,0.0,0.0,0.0,0.0,0.0,0.00029048018,0.005281025,0.0,0.0,0.0,0.0,0.0,0.0,0.0,0.0,0.0,0.0,6.779602e-05,0.0,0.0,0.0,0.0,0.00034326155,0.0,0.0,0.0,0.001194029,0.023080343,0.0,0.011941115,0.0,0.0,0.0,0.005094582,0.0002984415,0.0,0.0,0.0,0.0,0.0,0.0,0.00024039972,0.0038886988,0.06091661,0.0,0.00063181,0.0,0.0021038693,0.0,0.0,0.0,0.0,0.0043067974,0.0074875504,0.0,0.0,0.0,0.0,0.20494013,0.0,0.0,0.3751297,0.0,0.0,0.0006773217,0.0008763276,0.0,0.0,0.008967911,0.0005177572,0.0,0.03738839,0.0,0.005360264,0.0,0.23494865
.,0.00027537844,0.00012424536,0.0,0.0,0.0,0.00020830987,0.00018470992,0.00021045646,0.0,0.0,0.0010169874,0.0,0.0,0.0016985746,0.0,0.0,0.0,0.0,0.00055845396,0.00024165821,0.000181891,0.0,0.0,0.0,0.0,0.011161355,0.0,0.0,0.0,0.0005247103,0.0035266138,0.0,0.0,0.0016111608,0.0,0.0,0.0045457236,0.0,0.0025963108,0.0038115848,0.0,0.00070632505,0.0,0.0,0.0,0.015643798,0.0008711185,0.0,0.0,0.0,0.009247014,0.002640758,0.0,0.0027143492,0.0,0.0,0.0,0.012792621,0.0011507755,0.006402374,0.0,0.0,0.009938335,0.0003116173,0.0,0.0011606504,0.0135027515,0.007914272,0.0,0.001401733,0.0,0.0012238405,0.0,0.0,0.0,0.0,0.009997785,0.022040483,0.0,0.0,0.0,0.0,0.010028,0.0,0.010315644,0.010053879,0.37918726,0.0,0.004817679,0.0042555784,0.0,0.0,0.021342697,0.007674244,0.032283343,0.04513898,0.0,0.17966378,0.0,0.14310017
Ġto,0.00011259161,0.00034948898,0.0,0.0,0.0,4.598349e-05,0.00041448613,0.00038633912,0.0,0.00773028,0.004653103,0.0,0.0,0.00072808744,0.0,0.0,0.0,0.044166155,0.0002759009,0.0008140933,3.2147756e-05,0.0,0.0,0.0,0.0,0.007435066,0.0029928675,0.0,0.0,0.0003052977,0.00030685627,0.0,0.030569917,0.002279611,0.0038358313,0.0,0.0020790177,0.0,0.0015078363,0.0026829275,0.006996422,3.492829e-05,0.0,0.0,0.0,0.007868007,0.0011961958,0.0,0.0,0.0,0.0034881057,0.0010639764,0.0,0.0009746943,0.002124459,0.0,0.0,0.0011442021,0.0050869677,0.011681718,0.0,0.016371306,0.009779351,0.0017950075,0.0,0.0036489742,0.004052135,0.0037731996,0.0,0.0021467423,0.014457989,0.00077796535,0.0,0.0,0.0,0.0,0.004432749,0.0032338123,0.0,0.039833527,0.0,0.0,0.009557865,0.0,0.015692158,0.00831782,0.021508418,0.43649998,0.003360011,0.0006126264,0.0,0.011621819,0.0053044083,0.0012707768,0.015161067,0.021308687,0.0,0.030352334,0.0,0.15976568
Ġin,0.0014455371,0.0,0.0,0.0,0.0,0.0005293687,0.0,0.0,0.0,0.0,0.0023024,0.0,0.0,0.0029388652,0.0,0.0,0.0,0.0,0.0,0.0,0.00083081477,0.0,0.0,0.0,0.0,0.0,0.0,0.0,0.0,0.0005128572,0.0,0.0,0.0,0.0,0.0,0.0,0.0,0.0,0.0,0.0,0.0,0.0018011122,0.0,0.0,0.0,0.0,0.0,0.0,0.0,0.0,0.0,0.0,0.0,0.0,0.0,0.0,0.0,0.0,0.0058612684,0.0,0.0,0.0,0.0,0.0,0.0,0.004343339,0.0,0.0,0.0,0.0016876782,0.0,0.0,0.0,0.0,0.0,0.0,0.02053089,0.0,0.0,0.0,0.0,0.0,0.0,0.0,0.0,0.0,0.0,0.0,0.514321,0.003511198,0.0,0.0,0.045850724,0.02108287,0.0,0.0,0.0,0.0,0.0,0.37245008
Ġtopical,0.0,0.0,0.0,0.0,0.0,0.0,0.0,0.0,0.0,0.0,0.0007685316,0.0,0.0,0.0,0.0,0.0,0.0,0.0,0.0,0.0,0.0,0.0,0.0,0.0,0.0,0.0,0.0,0.0,0.0,0.0027342967,0.0,0.0,0.0,0.0,0.0,0.0,0.0,0.0,0.0,0.0,0.0,0.0,0.0,0.0,0.0,0.0,0.0,0.0,0.0,0.0,0.0,0.0,0.0,0.0,0.0,0.0,0.0,0.0,0.0031586,0.0,0.0,0.0,0.0,0.0,0.0,0.0025262174,0.0,0.0,0.0,0.0014503588,0.0,0.0,0.0,0.0,0.0,0.0,0.009059026,0.0,0.0,0.0,0.0,0.0,0.0,0.0,0.0,0.0,0.0,0.0,0.0,0.27183598,0.0,0.0,0.0,0.18972722,0.0,0.0,0.0,0.0,0.0,0.5187398
Ġstudies,6.0734772e-05,2.1539645e-05,0.0052895467,0.0,0.0,3.0008372e-05,5.9893668e-05,6.712144e-05,2.3432096e-05,0.0005193244,3.2418826e-05,2.0970028e-05,0.000316505,0.00016394762,1.4414056e-05,6.816895e-05,0.001051696,0.00023033498,5.5216165e-05,9.930885e-05,3.2897926e-05,0.0011681713,3.1095635e-05,0.00038205038,0.0010190681,0.00038529988,7.251337e-05,0.0,0.0,6.89251e-05,0.00012527336,0.06606524,0.00059969374,0.00026198832,0.00022414752,2.7402968e-05,0.0001684654,9.701132e-05,0.00021104318,0.0005486865,0.0003121465,4.9360497e-05,1.46662e-05,0.0010286787,4.3285763e-05,0.00017932708,0.00037919218,0.0,0.07354945,6.0537463e-05,0.00040638223,8.655654e-05,9.586273e-05,8.753175e-05,0.0023121454,2.7633461e-05,2.1697262e-05,0.0016126492,6.7170164e-05,0.0020939936,4.7330246e-05,0.00024536974,0.0027396309,4.8421243e-05,0.0001543274,7.241221e-05,0.0031717657,0.00048671645,8.2556915e-05,0.0002228025,0.00040387944,3.400932e-05,0.00016297954,0.002093653,0.0007365948,0.00035305214,0.0045080353,0.0007607121,0.00024900044,0.00056663377,0.0005685353,0.060951553,0.001198543,3.5150188e-05,0.00057062577,0.0044359067,0.0006460538,0.0009660929,0.0010325733,0.00010318385,0.53240216,0.00076583296,0.011147658,0.000111487076,0.0007948588,0.00048468437,6.806955e-05,0.0016804814,0.006495849,0.19592783
Ġinterference,0.00022568593,4.3157455e-05,0.0,0.0,0.0,0.00011349392,0.0006141963,5.9731567e-05,0.0,0.0,0.00062530645,0.0,0.0,0.0024766196,0.0,0.0,0.0,0.0,0.0002633576,0.0001464727,7.701731e-05,0.0,0.0,0.0,0.0,0.0031403645,0.031183649,0.0,0.0,0.00016340788,0.00036466183,0.0,0.0,0.001055277,0.0,0.0,0.0026563015,0.0,0.0033795491,0.0002910142,0.0074074664,0.000119458986,0.0,0.0,0.0,0.0012316748,0.0005035885,0.0,0.0,0.0,0.002434105,0.0005471117,0.0,0.008470119,0.0022266589,0.0,0.0,0.0050936225,0.00034558497,0.0054563475,0.0,0.0,0.009107541,0.00092401955,0.0,0.00044044832,0.0044050524,0.0016250148,0.0,0.0004195715,0.010855983,0.000521739,0.0,0.0,0.0,0.0,0.0038806815,0.004016969,0.0,0.082073875,0.0,0.0,0.0052317553,0.0,0.0018957083,0.0070142047,0.018350549,0.0,0.0030654015,0.002450208,0.0,0.40644225,0.020094616,0.00076213194,0.0047035087,0.0033676228,0.0,0.008271282,0.0,0.3193649
Ġanesthesia,0.010376942,0.0,0.0,0.0,0.0,0.0029967646,0.0,0.0,0.0,0.0,0.00062190887,0.0,0.0,0.038206317,0.0,0.0,0.0,0.0,0.0,0.0,0.0015985412,0.0,0.0,0.0,0.0,0.0,0.0,0.0,0.0,0.0012880703,0.0,0.0,0.0,0.0,0.0,0.0,0.0,0.0,0.0,0.0,0.0,0.0018401465,0.0,0.0,0.0,0.0,0.0,0.0,0.0,0.0,0.0,0.0,0.0,0.0,0.0,0.0,0.0,0.0,0.0019871981,0.0,0.0,0.0,0.0,0.0,0.0,0.00425235,0.0,0.0,0.0,0.0018093765,0.0,0.0,0.0,0.0,0.0,0.0,0.082036555,0.0,0.0,0.0,0.0,0.0,0.0,0.0,0.0,0.0,0.0,0.0,0.0,0.027720606,0.0,0.0,0.59210515,0.047813885,0.0,0.0,0.0,0.0,0.0,0.18534622
Ġfollowing,0.0,0.0,0.0,0.0,0.0,0.0,0.0,0.0,0.0,0.0,0.0013718895,0.0,0.0,0.0,0.0,0.0,0.0,0.0,0.0,0.0,0.0,0.0,0.0,0.0,0.0,0.0,0.0,0.0,0.0,0.0045879027,0.0,0.0,0.0,0.0,0.0,0.0,0.0,0.0,0.0,0.0,0.0,0.0,0.0,0.0,0.0,0.0,0.0,0.0,0.0,0.0,0.0,0.0,0.0,0.0,0.0,0.0,0.0,0.0,0.0064050574,0.0,0.0,0.0,0.0,0.0,0.0,0.00323584,0.0,0.0,0.0,0.0016880527,0.0,0.0,0.0,0.0,0.0,0.0,0.01775286,0.0,0.0,0.0,0.0,0.0,0.0,0.0,0.0,0.0,0.0,0.0,0.0,0.0,0.0,0.0,0.0,0.57876515,0.0,0.0,0.0,0.0,0.0,0.38619328
Ġto,9.8176606e-05,0.0,0.0,0.0,0.0,0.000101567304,0.0,0.00042843478,0.0,0.0,0.00079213775,0.0,0.0,0.0010822868,0.0,0.0,0.0,0.0,0.0016517672,0.00053702353,0.00040793125,0.0,0.0,0.0,0.0,0.0,0.0,0.0,0.0,0.0002809366,0.0022029579,0.0,0.0,0.0,0.0,0.0,0.073437214,0.0,0.0,0.0,0.0,0.00018152698,0.0,0.0,0.0,0.0,0.0020217618,0.0,0.0,0.0,0.002913912,0.0064301603,0.0,0.005013261,0.0,0.0,0.0,0.0026283208,0.0014130085,0.083472505,0.0,0.0,0.0,0.0,0.0,0.0016958746,0.0037403114,0.010703663,0.0,0.0011930933,0.0,0.004308621,0.0,0.0,0.0,0.0,0.011091638,0.011468654,0.0,0.0,0.0,0.0,0.012761306,0.0,0.0,0.021190284,0.0,0.0,0.0037932592,0.0017023011,0.0,0.0,0.0045953323,0.0029755752,0.4810469,0.06442963,0.0,0.020977251,0.0,0.15723152
Ġof,0.0008834037,0.0,0.0,0.0,0.0,0.0006375521,0.0,0.000303373,0.0,0.0,0.0016860786,0.0,0.0,0.0044454057,0.0,0.0,0.0,0.0,0.0,0.00094377523,0.00061946135,0.0,0.0,0.0,0.0,0.0,0.0,0.0,0.0,0.0012617678,0.013251702,0.0,0.0,0.0,0.0,0.0,0.0,0.0,0.0,0.0,0.0,0.0005428884,0.0,0.0,0.0,0.0,0.0019050426,0.0,0.0,0.0,0.0049294787,0.0,0.0,0.09756478,0.0,0.0,0.0,0.004787516,0.00333134,0.0,0.0,0.0,0.0,0.0,0.0,0.004085791,0.0048935944,0.0,0.0,0.0031145816,0.0,0.0,0.0,0.0,0.0,0.0,0.00926469,0.030500725,0.0,0.0,0.0,0.0,0.0,0.0,0.0,0.0,0.0,0.0,0.0070079896,0.0041451864,0.0,0.0,0.011871752,0.009179885,0.0,0.4488134,0.0,0.036494117,0.0,0.29353473
39,4.4627177e-06,1.5159724e-05,0.0,0.0,0.0,3.2456405e-06,1.9478191e-05,6.920637e-05,2.9074416e-05,7.6421464e-05,0.0002812857,0.0002903586,0.0056605176,6.323817e-06,0.00025107604,4.128928e-05,0.0006114822,0.00017465075,1.4091377e-05,7.0621565e-05,3.8518756e-06,0.00014910987,0.0001224353,3.0798157e-05,0.0,0.00031095723,7.193627e-05,0.0,0.0,2.196103e-05,2.517069e-05,0.0,0.00039278175,6.414989e-05,1.2664745e-05,0.00030521455,5.0223275e-06,7.10271e-05,1.2977462e-05,4.5580928e-05,1.2628911e-05,5.233762e-06,0.000659514,0.0064076525,0.00011566808,0.00031035076,4.9328322e-05,0.0,0.0,0.0011007393,7.6911325e-05,0.000110213696,0.0023505806,2.5136556e-05,0.0013576394,0.0,0.0,0.00013601918,0.00013152389,4.964287e-05,0.00041129507,4.533279e-05,0.00019204715,9.196096e-05,0.0,0.00010330331,0.00025845354,2.4816662e-05,0.0,6.477769e-05,0.00013402014,9.757141e-05,0.0,0.0008900938,0.000518423,0.052097123,0.0002489236,4.6189616e-05,0.0020766547,0.00014819803,0.003261739,0.0,1.3708359e-05,0.0020080856,6.321879e-05,1.7061417e-05,0.00022344755,0.00026166154,0.000418568,1.4124717e-05,0.0,0.00015528797,5.201089e-05,0.0001445942,5.2346382e-05,0.000321708,0.7552069,0.0008405231,0.00960164,0.14397344
.,0.0005375691,0.0,0.0,0.0,0.0,0.0002474253,0.0,0.0002927346,0.0,0.0,0.0012766079,0.0,0.0,0.001927339,0.0,0.0,0.0,0.0,0.0,0.0005845885,0.00015196143,0.0,0.0,0.0,0.0,0.0,0.0,0.0,0.0,0.0017258608,0.0,0.0,0.0,0.0,0.0,0.0,0.0,0.0,0.0,0.0,0.0,0.0007298191,0.0,0.0,0.0,0.0,0.0010456579,0.0,0.0,0.0,0.0,0.0,0.0,0.0,0.0,0.0,0.0,0.0,0.0036405919,0.0,0.0,0.0,0.0,0.0,0.0,0.0032795758,0.03945839,0.0,0.0,0.002011409,0.0,0.0,0.0,0.0,0.0,0.0,0.02050044,0.0,0.0,0.0,0.0,0.0,0.0,0.0,0.0,0.0,0.0,0.0,0.014840028,0.0054335603,0.0,0.0,0.036533527,0.017949061,0.0,0.0,0.0,0.6910814,0.0,0.15675256
ers,0.00024281906,2.207786e-05,0.0,0.0,0.0,0.00014095074,5.842755e-05,0.00013691594,0.002782091,0.00027168653,0.00020072916,0.0,0.0,0.0007673301,0.0021098368,0.005635535,0.004508252,0.0003769872,0.0003188626,9.677356e-05,0.00021610044,0.0016830706,0.0005044271,0.0011687884,0.0,0.001731782,0.00025925177,0.0,0.0,0.00031650494,0.00016289794,0.0,0.0010683418,0.0005869932,0.00031768103,0.0024993124,0.00033456503,0.0006305237,0.00089659,0.00070894184,0.00042238407,7.242076e-05,0.0,0.0,0.0005752367,0.0012557973,0.0017930217,0.0,0.0,0.0,0.0006882315,0.0002625275,0.018781176,0.00010956316,0.0039515025,0.0,0.0,0.00096145354,0.0004042589,0.002855347,0.0011008742,0.0023560962,0.009134932,0.000106458734,0.0,0.0005289422,0.0047009485,0.0018766636,0.0,0.00074651587,0.0016532755,0.0010092792,0.0,0.021335626,0.0063151815,0.0,0.006351561,0.00028262706,0.0,0.003929271,0.017888952,0.0,0.0017725601,0.0,0.0015815817,0.00310516,0.004916003,0.007072027,0.0071641672,0.0010283132,0.0,0.0009740544,0.010850954,0.0025022363,0.0025004994,0.0016885295,0.0,0.0030770532,0.6481635,0.1613982
<|begin_of_text|>,0.0,0.0,0.0,0.0,0.0,0.0,0.0,0.0,0.0,0.0,0.0,0.0,0.0,0.0,0.0,0.0,0.0,0.0,0.0,0.0,0.0,0.0,0.0,0.0,0.0,0.0,0.0,0.0,0.0,0.0,0.0,0.0,0.0,0.0,0.0,0.0,0.0,0.0,0.0,0.0,0.0,0.0,0.0,0.0,0.0,0.0,0.0,0.0,0.0,0.0,0.0,0.0,0.0,0.0,0.0,0.0,0.0,0.0,0.0,0.0,0.0,0.0,0.0,0.0,0.0,0.0,0.0,0.0,0.0,0.0,0.0,0.0,0.0,0.0,0.0,0.0,0.0,0.0,0.0,0.0,0.0,0.0,0.0,0.0,0.0,0.0,0.0,0.0,0.0,0.0,0.0,0.0,0.0,0.0,0.0,0.0,0.0,0.0,0.0,1.0
