,Ġb,active,Ġthe,Ġsheep,Ġcompared,Ġto,Ġthree,Ġobtained,Ġat,Ġgroup,Ġcontrol,Ġgroup,Ġsix,Ġthree,Ġtimes,Ġnon,Ġthen,Ġsheep,Ġthey,Ġin,al,re,Ġwas,Ġwere,Ġsheep,Ġc,Ġuntil,illation,Ġincrease,Ġreactive,car,ĠRL,Ġas,Ġstable,Ġantigen,Ġanimal,Ġnine,way,Ġin,is,Ġrepeatedly,Ġto,Ġby,Ġmodel,Ġair,Ġexposing,Ġof,Ġan,ache,Ġallergic,Ġdeveloped,Ġchronic,Ġdisease,Ġtr,Ġof,we,Ġinst
Ġb,0.004417196,0.00084415614,0.00063562504,0.003565294,0.002689802,0.00065906,0.0009111949,0.0013949707,0.0013781298,0.019526096,0.0014198694,0.0032110927,0.00065768557,0.0009656314,0.0010329302,0.013401844,0.00052880857,0.0036872085,0.005899286,0.0029139763,0.0019650047,0.11389408,0.0038530813,0.0011424602,0.0028989736,0.024433794,0.001316124,0.006226682,0.010156296,0.006218172,0.006877935,0.0063978033,0.007469354,0.0025221875,0.02706944,0.00034827503,0.0022253778,0.0018574181,0.0033626843,0.009679886,0.0071829953,0.008638282,0.0067681526,0.0033568302,0.0021913364,0.005375422,0.014508498,0.0034454428,0.07338851,0.003537454,0.0031886557,0.016202332,0.025349982,0.11969103,0.026799032,0.08456817,0.286153
active,0.0,0.0071785105,0.001379527,0.0,0.0016492695,0.0017780772,0.002539871,0.001294382,0.00049742794,0.0,0.0007752673,0.0014394544,0.0025776327,0.00064591435,0.00043008543,0.0031004508,0.0013335776,0.0034506386,0.0026071717,0.0041646073,0.0015564257,0.01257365,0.0015469269,0.0018511962,0.0073674237,0.009337143,0.0012956121,0.0058997534,0.0026470947,0.009108787,0.006164695,0.0041525015,0.0056427205,0.0017762247,0.012228232,0.00035858096,0.0061152573,0.00069061824,0.0017131233,0.002827387,0.0054043955,0.00952961,0.004483983,0.003588639,0.0012129562,0.013894914,0.015249451,0.0018009489,0.03774132,0.003739419,0.0038665708,0.002439134,0.013576902,0.0858207,0.008746963,0.053451043,0.60375774
Ġthe,0.0,0.0,0.0052747484,0.0,0.002221365,0.00436952,0.0,0.0018626679,0.0024877186,0.0,0.005436382,0.0022463147,0.003370494,0.0023530612,0.0042878147,0.0,0.004694094,0.006649242,0.003822194,0.008610589,0.00431065,0.0,0.00350856,0.0061129415,0.008507342,0.027234396,0.004199026,0.0074137715,0.014503629,0.023357006,0.0150446305,0.011337825,0.010677493,0.012202509,0.013996409,0.0007310343,0.016034221,0.0045890543,0.018149802,0.007957385,0.013378726,0.018745258,0.009698035,0.0018053027,0.010054131,0.03494543,0.028359665,0.004879173,0.03023316,0.016835146,0.0029803808,0.025308471,0.01996842,0.06690782,0.05599863,0.053069733,0.33927867
Ġsheep,0.0,0.003263067,0.001512075,0.010468948,0.003038993,0.0014321071,0.0034808037,0.0014772288,0.00078422646,0.0,0.0007260902,0.0019067139,0.0035436729,0.00074753416,0.00090690196,0.00820585,0.00542559,0.003341804,0.007516928,0.0029895846,0.0015350461,0.025333077,0.0061014956,0.0067505687,0.0065184147,0.01203301,0.0013821524,0.0059153177,0.0026892754,0.0055125654,0.0024112903,0.0018394627,0.0032168159,0.001759216,0.009614836,0.0008038469,0.008165501,0.001345344,0.0015151388,0.0033880395,0.026929285,0.008756838,0.015502002,0.0023563101,0.0023714108,0.017435119,0.012072949,0.0035698502,0.03302186,0.001962129,0.003132259,0.007691016,0.01135643,0.07443948,0.01393938,0.19745252,0.39941272
Ġcompared,0.0,0.0,0.0,0.0,0.0063838456,0.0,0.0,0.004320062,0.002430251,0.0,0.0023879549,0.0049932557,0.0038439666,0.0020207022,0.0037019353,0.0,0.0048482916,0.0036026693,0.012574518,0.013520627,0.0010179293,0.0,0.011089388,0.013210735,0.004934495,0.02137088,0.0014185318,0.007745669,0.001718289,0.0028971185,0.0051227454,0.003708232,0.0025521254,0.0014835637,0.018862523,0.020479968,0.015633486,0.00095359137,0.004286632,0.00423057,0.0110128345,0.0277349,0.031741913,0.011612189,0.0007261255,0.035882987,0.040391546,0.033768624,0.035106756,0.0006945051,0.029596113,0.007540186,0.04307384,0.05209799,0.039137714,0.29224876,0.10028844
Ġto,0.0,0.0,0.0,0.0,0.0027339438,0.0068363054,0.0,0.0023205325,0.0023478637,0.0,0.004976784,0.0032034328,0.0033735707,0.0014842218,0.004993018,0.0,0.006208834,0.007923759,0.0046738335,0.012928968,0.0031516468,0.0,0.0039373334,0.0077717924,0.009932445,0.025895063,0.005246579,0.008791467,0.011456787,0.024396949,0.015581565,0.012723081,0.0134710735,0.010503352,0.01727334,0.0007854352,0.0137831615,0.003137154,0.01622943,0.006413852,0.020074535,0.025983892,0.01369252,0.002279672,0.0067597646,0.045100514,0.03905219,0.0048454115,0.025797827,0.010869625,0.0053734262,0.022030178,0.016260471,0.042645685,0.06419127,0.048018318,0.33253822
Ġthree,0.0,0.0,0.00411669,0.0,0.0019798346,0.0037246547,0.008153246,0.0023568675,0.0016715068,0.0,0.0038192146,0.0020498226,0.0040499256,0.00234174,0.004070333,0.0,0.004385264,0.0061489926,0.0038566242,0.007918152,0.0039250287,0.0,0.004147324,0.006846909,0.007486086,0.02199193,0.0030255564,0.008321455,0.010001344,0.018561834,0.02195394,0.015339671,0.0071569616,0.0060382374,0.016981622,0.0005139884,0.00803082,0.0023334136,0.012713068,0.006803608,0.0108670965,0.014415111,0.0063620103,0.0029057076,0.003957768,0.018184572,0.025483768,0.0052683223,0.03956136,0.0070707914,0.0036182932,0.008013265,0.026260646,0.11104508,0.020628264,0.0453054,0.40823695
Ġobtained,0.0,0.0,0.0,0.0,0.0,0.0,0.0,0.0035101587,0.0013424896,0.0,0.0012582835,0.0027262787,0.0022283515,0.0014621603,0.0013654936,0.0,0.0,0.0077207624,0.0,0.007922263,0.001723495,0.0,0.0062600565,0.0,0.007353573,0.019767191,0.0037286973,0.0074015516,0.0045301965,0.013444244,0.004600874,0.004569565,0.011404075,0.004157788,0.028123166,0.0009451442,0.008121622,0.0022403868,0.0060074935,0.0035237458,0.017846668,0.021500513,0.023024999,0.0064259954,0.0049329824,0.02116239,0.031250257,0.006672636,0.038063187,0.0044464357,0.009475301,0.014243805,0.034510113,0.078407526,0.04433768,0.13042408,0.3458363
Ġat,0.0,0.0,0.0,0.0,0.0,0.0,0.0,0.0,0.010596963,0.0,0.0,0.0,0.0,0.0,0.0,0.0,0.0,0.0,0.0,0.0,0.0036378107,0.0,0.0,0.0,0.0016288968,0.0,0.0070782253,0.007562554,0.0070313965,0.0,0.007097637,0.024063796,0.020841895,0.004869833,0.010049879,0.00093551935,0.006618576,0.0022916466,0.02068753,0.004029525,0.004398122,0.047100138,0.01257914,0.011019578,0.0026218756,0.021957627,0.05038148,0.02188613,0.035974726,0.0061312825,0.018639874,0.016700016,0.030345254,0.09136801,0.084979944,0.05476966,0.35012543
Ġgroup,0.0,0.002228067,0.0012544015,0.012378024,0.005546679,0.0031605454,0.0015465517,0.0029527268,0.0020457194,0.05682588,0.0031504065,0.005965794,0.0015849082,0.0013804161,0.0035685685,0.005895968,0.0014709245,0.005118938,0.012997894,0.004952168,0.0040769666,0.01115409,0.012355938,0.004172187,0.0060633444,0.017214214,0.0051390277,0.010155218,0.016177492,0.0058140266,0.009923946,0.01940798,0.0125911,0.005279213,0.021111585,0.0009842821,0.004470929,0.006816319,0.00685984,0.0039497674,0.005111558,0.01769014,0.012234302,0.009656049,0.0012557139,0.011978333,0.032982577,0.006357872,0.072943166,0.002943756,0.021733526,0.017343223,0.044373695,0.05230723,0.09105379,0.12941776,0.15287533
Ġcontrol,0.0,0.0,0.0,0.0,0.0,0.0,0.0,0.0,0.0038233437,0.0,0.009935281,0.0,0.0,0.0060323644,0.0034266675,0.0,0.0,0.0,0.0,0.0,0.00408294,0.0,0.0,0.0,0.005940789,0.0,0.0059156087,0.0063351397,0.024107032,0.0,0.016432157,0.03008024,0.016630705,0.009311437,0.01453501,0.0010538796,0.0129154045,0.0032192788,0.05051464,0.0062378356,0.0082449755,0.022532051,0.012746143,0.0054736836,0.004068182,0.021923227,0.03686201,0.013865601,0.04004686,0.006314515,0.008146001,0.008582893,0.03499112,0.17288455,0.033344593,0.14328746,0.19615641
Ġgroup,0.0,0.0,0.0,0.0,0.0,0.0,0.0,0.0,0.009694231,0.0,0.0071882284,0.022083033,0.0034026308,0.0062918435,0.006552336,0.0,0.0,0.014360643,0.0,0.007003155,0.0033952992,0.0,0.0,0.0,0.0044669146,0.0,0.01565468,0.011859755,0.03608075,0.012212669,0.0028454862,0.03803749,0.029846795,0.018296711,0.028029382,0.0014547226,0.007050999,0.012718064,0.030755712,0.003484433,0.004239683,0.026596077,0.00962226,0.01391237,0.009440777,0.01885544,0.046799332,0.011148377,0.039063867,0.007983481,0.015066168,0.03219054,0.13495235,0.05444916,0.12300885,0.020783545,0.09912171
Ġsix,0.0,0.0,0.0,0.0,0.0,0.0,0.0,0.0,0.0017912908,0.0,0.0053672707,0.0,0.016222889,0.0044244276,0.0037152227,0.0,0.0,0.0,0.0,0.014982593,0.004384371,0.0,0.0,0.0,0.022930298,0.0,0.0051351916,0.016325131,0.00773859,0.0,0.0019529978,0.016814684,0.0040497845,0.005670019,0.019143019,0.0022727232,0.023197426,0.004744215,0.009087136,0.0038905542,0.016375821,0.026342753,0.017899772,0.022611922,0.006344279,0.028800795,0.025779992,0.008277889,0.02265527,0.011114155,0.00682546,0.007311908,0.0555583,0.08773509,0.025584077,0.053725556,0.3832172
Ġthree,0.0,0.0,0.0,0.0,0.0,0.0,0.0,0.0,0.0020490983,0.0,0.0,0.0,0.0,0.019014345,0.0,0.0,0.0,0.0,0.0,0.0,0.0028470869,0.0,0.0,0.0,0.0021526467,0.0,0.0026456057,0.0054573542,0.0054023555,0.0,0.0035168952,0.018168194,0.0048890924,0.0028499733,0.0060871867,0.0009894216,0.009105084,0.0020262823,0.016027637,0.006422211,0.005550322,0.02223473,0.011004084,0.0074401284,0.004630346,0.014553993,0.026153648,0.013496299,0.028310016,0.006148682,0.005063204,0.005524857,0.024203701,0.20617528,0.02484347,0.035395756,0.4496209
Ġtimes,0.0,0.0,0.0,0.0,0.0,0.0,0.0,0.0,0.0059672403,0.0,0.0,0.0,0.0,0.017743876,0.050538506,0.0,0.0,0.0,0.0,0.0,0.0030322606,0.0,0.0,0.0,0.0025693665,0.0,0.0051007946,0.007185183,0.011512629,0.0,0.057571154,0.03679953,0.037219543,0.0031410533,0.013843418,0.003326867,0.009608304,0.0026487212,0.021863226,0.026138458,0.0043082675,0.027387287,0.016757928,0.014589597,0.007049311,0.016874604,0.046656054,0.043033168,0.052212182,0.005095279,0.027021812,0.016392738,0.027458202,0.08740418,0.09100151,0.07706955,0.12387812
Ġnon,0.0,0.0,0.002201254,0.0,0.0012665839,0.0030901297,0.003610947,0.0030895695,0.004396147,0.0,0.0049193786,0.00693077,0.0019754434,0.013579359,0.012712024,0.06478452,0.0015120769,0.008481587,0.0036819177,0.007982594,0.0035015324,0.0,0.0036489717,0.0035619375,0.001715827,0.020598564,0.01370407,0.009352491,0.011659709,0.020611996,0.005282461,0.022018246,0.004817357,0.02960023,0.021082178,0.0015667544,0.0037225117,0.007345783,0.05600276,0.0031835076,0.014819625,0.040559504,0.010738938,0.002074692,0.008567129,0.010172534,0.04249824,0.018528627,0.0064851195,0.009745167,0.011343399,0.022156198,0.04041639,0.13912821,0.045796383,0.07209856,0.117680036
Ġthen,0.0,0.0,0.0,0.0,0.0,0.0,0.0,0.00410391,0.0008292706,0.0,0.0018299412,0.0022028626,0.005902983,0.001582057,0.0025675264,0.0,0.118767165,0.00974824,0.012388845,0.006356096,0.0012985088,0.0,0.014205224,0.098955825,0.0049051833,0.010768287,0.005371346,0.011276365,0.0012747098,0.008001434,0.0010003361,0.0028577184,0.0009383032,0.008253143,0.011935804,0.0048588063,0.022357412,0.002173571,0.006345221,0.0028045438,0.19158588,0.018578485,0.100905366,0.0043025757,0.0039091976,0.07805887,0.029284868,0.026853567,0.004228827,0.0034108954,0.010349911,0.0121605825,0.00695791,0.010303152,0.03717705,0.015213684,0.06085857
Ġsheep,0.0,0.0,0.0,0.0,0.0,0.0,0.0,0.0,0.0015928318,0.0,0.0032794906,0.0,0.0053999475,0.0020658178,0.0020956707,0.0,0.0,0.00939683,0.0,0.0047394214,0.0028066542,0.0,0.0,0.0,0.005682611,0.0,0.0048635476,0.012039489,0.018179871,0.02990011,0.0025310805,0.014036765,0.0042604893,0.008530894,0.020664757,0.0004324865,0.007055538,0.005669511,0.011444053,0.0053992574,0.016799347,0.008696181,0.008763676,0.004254585,0.00996471,0.014774508,0.014348594,0.005456477,0.020664332,0.0072649126,0.003122175,0.0183381,0.04022877,0.06891823,0.037714817,0.054003995,0.48461953
Ġthey,0.0,0.0,0.0,0.0,0.0,0.0,0.0,0.007982853,0.004256871,0.0,0.005619084,0.0077461908,0.022533484,0.006468911,0.004042148,0.0,0.0,0.017450769,0.025775328,0.011000342,0.00402146,0.0,0.015135576,0.0,0.004683037,0.021762753,0.0292556,0.014290549,0.01221023,0.030913332,0.0014055966,0.009290701,0.0015997948,0.058848135,0.015441452,0.0030627993,0.03564022,0.008163892,0.030470464,0.008146358,0.11123194,0.024863945,0.08241712,0.008061644,0.018353727,0.060183123,0.033632934,0.019540705,0.007225284,0.009222589,0.0054642404,0.04309098,0.01991519,0.009014014,0.080945216,0.00725344,0.042366005
Ġin,0.0,0.0,0.0,0.0,0.0,0.0,0.0,0.0,0.003883082,0.0,0.0055498607,0.0,0.0,0.0036852546,0.004106279,0.0,0.0,0.0,0.0,0.022471217,0.0051376857,0.0,0.0,0.0,0.017543815,0.0,0.014614668,0.011937507,0.009917818,0.0,0.0063424627,0.016099973,0.0061167874,0.013015633,0.015801026,0.0018366141,0.012823247,0.00616371,0.022976423,0.003942795,0.022119269,0.03162869,0.027200704,0.0108898925,0.00353064,0.048437614,0.029799301,0.010332586,0.03175106,0.019767134,0.0098274285,0.0283959,0.036454566,0.053072173,0.11760766,0.031475317,0.28374428
al,0.0,0.0,0.0,0.0,0.0,0.0,0.0,0.0,0.0,0.0,0.0,0.0,0.0,0.0,0.0,0.0,0.0,0.0,0.0,0.0,0.024917537,0.0,0.0,0.0,0.011568653,0.0,0.0,0.0,0.0,0.0,0.0,0.0,0.0,0.0,0.0,0.001517217,0.015128467,0.019491544,0.0,0.0,0.02413989,0.045957893,0.022860484,0.06466844,0.058589526,0.033846345,0.0,0.012630699,0.034854095,0.080002375,0.025507916,0.045250632,0.16519496,0.19879876,0.07306553,0.042009044,0.0
re,0.0,0.0,0.008246422,0.0,0.0034908757,0.008736272,0.021848537,0.011155556,0.0014740418,0.0,0.0057385736,0.011959754,0.009802712,0.012144206,0.005530974,0.05178362,0.0031481213,0.010058666,0.036709957,0.0094670355,0.005629291,0.033996467,0.0053683356,0.005863738,0.003733981,0.014444934,0.032564696,0.005956595,0.010085068,0.028701717,0.017240223,0.021736123,0.0005993061,0.078095935,0.010293532,0.023678862,0.0108576035,0.0077509014,0.073891714,0.1363411,0.00533199,0.014428387,0.008388317,0.0062478506,0.004369281,0.013941089,0.015348578,0.024532236,0.0018911411,0.011146226,0.010696241,0.039062023,0.029312601,0.0070077325,0.03615318,0.027501894,0.006515781
Ġwas,0.0,0.0,0.0,0.0,0.0,0.0,0.0,0.0,0.0045870272,0.0,0.0015294193,0.008889353,0.005369098,0.003478406,0.007042474,0.0,0.0,0.011749586,0.0,0.010047603,0.0029505186,0.0,0.14146604,0.0,0.003722337,0.015838867,0.017441165,0.009279204,0.004903667,0.0028038397,0.0015717952,0.003189509,0.005046123,0.008397787,0.028447704,0.007591605,0.009660505,0.0035542103,0.011754002,0.0037907741,0.040516276,0.030514948,0.07616693,0.026061079,0.001765397,0.025930982,0.042161584,0.069067724,0.030515814,0.0029138434,0.050094083,0.04026432,0.036567714,0.01722183,0.11438004,0.051331915,0.010422966
Ġwere,0.0,0.0,0.0,0.0,0.0,0.0,0.0,0.007346003,0.0011806843,0.0,0.003414101,0.004744535,0.009321398,0.0016676452,0.0037031665,0.0,0.0,0.0124776205,0.025987687,0.011442071,0.0016179844,0.0,0.025607139,0.122378275,0.006945567,0.01738446,0.008227996,0.014446525,0.0032998032,0.015969023,0.0016148448,0.0039163977,0.0017563187,0.0107880095,0.025042446,0.0070151384,0.04017866,0.003442214,0.010495852,0.011156545,0.095761694,0.026041066,0.091060415,0.0068735117,0.0041476684,0.091682374,0.05081097,0.0234603,0.008009036,0.0034684655,0.012880119,0.013674099,0.013433855,0.009411847,0.060178377,0.018508445,0.058029667
Ġsheep,0.0,0.0,0.0,0.0,0.0,0.0,0.0,0.0,0.0,0.0,0.0,0.0,0.0,0.0,0.0,0.0,0.0,0.0,0.0,0.0,0.0,0.0,0.0,0.0,0.053217027,0.0,0.0,0.0,0.0,0.0,0.0,0.0,0.0,0.0,0.0,0.02165803,0.10698988,0.017430836,0.0,0.0,0.03594978,0.0,0.039027866,0.015679734,0.021045633,0.11621584,0.0,0.021272257,0.0,0.027561711,0.015345931,0.054897394,0.118548155,0.0,0.13423298,0.20092697,0.0
Ġc,0.0,0.0,0.0,0.0,0.0,0.0,0.0,0.0,0.002685899,0.0,0.003992113,0.0073986477,0.0038146828,0.0030511727,0.0023449168,0.0,0.0,0.012485856,0.0,0.007918042,0.0047597666,0.0,0.0,0.0,0.0073466604,0.048842654,0.008859718,0.010521899,0.01774756,0.0295333,0.0063885436,0.020411847,0.017162835,0.014067655,0.027324842,0.00066236954,0.0071982965,0.008574842,0.012427552,0.0074939257,0.012306609,0.01944734,0.016377855,0.008604468,0.015223882,0.015051857,0.029107347,0.006444688,0.036934663,0.015328148,0.0052430956,0.026288245,0.04495233,0.11503493,0.072090425,0.05586549,0.21268304
Ġuntil,0.0,0.0,0.0,0.0,0.0,0.0,0.0,0.0,0.0,0.0,0.0,0.0,0.0,0.0,0.0,0.0,0.0,0.0,0.0,0.0,0.0065403823,0.0,0.0,0.0,0.008180268,0.0,0.04081393,0.019324314,0.0,0.0,0.0038595153,0.0,0.01635921,0.0,0.025658822,0.0007050505,0.014139282,0.032726374,0.0,0.0051510236,0.019888895,0.02759744,0.016739616,0.01042689,0.03426455,0.034280885,0.04682781,0.010345552,0.013300993,0.019499892,0.008831947,0.04755973,0.069704704,0.09542403,0.12820962,0.04232945,0.20130987
illation,0.0,0.0,0.0,0.0,0.0,0.0,0.0,0.0,0.0,0.0,0.0,0.0,0.0,0.0,0.0,0.0,0.0,0.0,0.0,0.0,0.0023664723,0.0,0.0,0.0,0.002603862,0.0,0.0,0.0093297055,0.0,0.0,0.0,0.0,0.0,0.0,0.0,0.0023905882,0.00547832,0.0037075442,0.0,0.0,0.004342813,0.031511985,0.013261464,0.01399342,0.010363522,0.01568761,0.0,0.0066493466,0.041857474,0.013566879,0.015939176,0.015982222,0.068018,0.18947406,0.04186782,0.24459691,0.2470108
Ġincrease,0.0,0.0,0.0,0.0,0.0,0.0,0.0,0.0,0.0,0.0,0.0,0.0,0.0,0.0,0.0,0.0,0.0,0.0,0.0,0.0,0.004936112,0.0,0.0,0.0,0.004117453,0.0,0.014663194,0.0057789944,0.018744918,0.0,0.020821668,0.0,0.017602276,0.017969634,0.016218532,0.00082945905,0.017412383,0.013944588,0.0,0.003209299,0.0035578422,0.03250227,0.0085037835,0.0038123182,0.020371845,0.026588578,0.04024408,0.009809355,0.025021294,0.013942841,0.008134384,0.03146092,0.06890924,0.24592872,0.10203676,0.04696115,0.15596609
Ġreactive,0.0,0.0,0.0,0.0,0.0,0.0,0.0,0.0,0.0020358616,0.0,0.0035427704,0.0,0.005727604,0.004981748,0.003152373,0.0,0.0,0.0,0.0,0.004690526,0.005450491,0.0,0.0,0.0,0.003044846,0.0,0.015505108,0.014355233,0.023098852,0.10627548,0.008545184,0.02195898,0.007284641,0.02565052,0.0250233,0.00037026065,0.0034357412,0.014735965,0.030475385,0.004131596,0.0022923276,0.025046358,0.0021194278,0.0048359,0.022099148,0.010198921,0.04185386,0.0026174197,0.016714526,0.032151088,0.0050828555,0.011183157,0.09214248,0.19666871,0.038425487,0.024623536,0.13847233
car,0.0,0.0,0.0,0.0,0.0,0.0,0.0,0.0,0.0,0.0,0.0,0.0,0.0,0.0,0.0,0.0,0.0,0.0,0.0,0.0,0.006342375,0.0,0.0,0.0,0.0031954919,0.0,0.0,0.005250134,0.0,0.0,0.037284534,0.0,0.03375983,0.0,0.0,0.0057882126,0.016543267,0.0008442257,0.0,0.0,0.003668467,0.060733855,0.045786295,0.022361677,0.0015741497,0.043048166,0.14048132,0.020505367,0.0975782,0.0015905864,0.108457096,0.051500943,0.018840896,0.0056809178,0.16195375,0.09927927,0.007950977
ĠRL,0.0,0.0,0.0,0.0,0.0,0.0,0.0,0.0,0.0,0.0,0.0,0.0,0.0,0.0,0.0,0.0,0.0,0.0,0.0,0.0,0.0019787853,0.0,0.0,0.0,0.0007204302,0.0,0.007547017,0.0043285214,0.012993138,0.0,0.011526383,0.034535304,0.004063039,0.017890275,0.0061188415,0.00045264183,0.0037181517,0.0012046953,0.060090806,0.0005531553,0.004575102,0.0372788,0.014142746,0.0028620372,0.0010733878,0.018317798,0.034891132,0.0074797,0.011613954,0.001531887,0.0134338355,0.008689309,0.023522507,0.07796603,0.049633827,0.052553892,0.4727129
Ġas,0.0,0.0,0.0,0.0,0.0,0.0,0.0,0.0,0.0,0.0,0.0,0.0,0.0,0.0,0.0,0.0,0.0,0.0,0.0,0.0,0.012588459,0.0,0.0,0.0,0.0008591737,0.0,0.0,0.030889126,0.0,0.0,0.0,0.0,0.05150093,0.0,0.0,0.0024825963,0.0019009266,0.0064138887,0.0,0.0,0.004124479,0.03170967,0.012683275,0.03186298,0.0058524376,0.011789778,0.14981294,0.011785442,0.21380654,0.012364859,0.039786104,0.017465882,0.06024268,0.10245175,0.079504,0.05274772,0.055374365
Ġstable,0.0,0.0,0.0,0.0,0.0,0.0,0.0,0.0,0.0,0.0,0.0,0.0,0.0,0.0,0.0,0.0,0.0,0.0,0.0,0.0,0.0057707415,0.0,0.0,0.0,0.006070283,0.0,0.03445373,0.0120905265,0.0,0.0,0.0054459204,0.0,0.015954092,0.07403749,0.018835016,0.0005066577,0.009041784,0.024994658,0.0,0.00092079537,0.00504127,0.04144701,0.011311129,0.0040530465,0.035224453,0.031188995,0.060485393,0.003291688,0.011009281,0.021410488,0.007988074,0.03363174,0.055542286,0.11061836,0.14938335,0.042964797,0.16728695
Ġantigen,0.0,0.0,0.0,0.0,0.0,0.0,0.0,0.0,0.0,0.0,0.0,0.0,0.0,0.0,0.0,0.0,0.0,0.0,0.0,0.0,0.004053061,0.0,0.0,0.0,0.005363076,0.0,0.0,0.012822386,0.0,0.0,0.018231433,0.0,0.04134619,0.0,0.037739713,0.0015283719,0.005499502,0.004875448,0.0,0.014570027,0.004859703,0.038960982,0.012461177,0.011582488,0.0081137,0.016000705,0.08318721,0.0077631827,0.045794327,0.011403666,0.021060755,0.016624903,0.09010257,0.08440824,0.050128646,0.21289508,0.13862348
Ġanimal,0.0,0.0,0.0,0.0,0.0,0.0,0.0,0.0,0.0,0.0,0.0,0.0,0.0,0.0,0.0,0.0,0.0,0.0,0.0,0.0,0.0,0.0,0.0,0.0,0.0,0.0,0.0,0.0,0.0,0.0,0.0,0.0,0.0,0.0,0.0,0.2488102,0.0,0.0,0.0,0.0,0.0,0.0,0.0,0.0,0.0,0.0,0.0,0.12727743,0.0,0.0,0.05163161,0.0,0.0,0.0,0.0,0.57228076,0.0
Ġnine,0.0,0.0,0.0,0.0,0.0,0.0,0.0,0.0,0.0,0.0,0.0,0.0,0.0,0.0,0.0,0.0,0.0,0.0,0.0,0.0,0.0,0.0,0.0,0.0,0.0,0.0,0.0,0.0,0.0,0.0,0.0,0.0,0.0,0.0,0.0,0.0145516,0.05379122,0.015400972,0.0,0.0,0.017392157,0.0,0.044241924,0.030632848,0.0091414405,0.08568568,0.0,0.028182428,0.0,0.042065866,0.045174323,0.033043943,0.16328406,0.0,0.22295424,0.1944573,0.0
way,0.0,0.0,0.0,0.0,0.0,0.0,0.0,0.0,0.0,0.0,0.0,0.0,0.0,0.0,0.0,0.0,0.0,0.0,0.0,0.0,0.0,0.0,0.0,0.0,0.0,0.0,0.0,0.0,0.0,0.0,0.0,0.0,0.0,0.0,0.0,0.0015554532,0.0,0.19242896,0.0,0.0,0.0,0.0,0.0,0.041844744,0.16684799,0.0,0.0,0.00318231,0.0,0.2603209,0.01133273,0.09948512,0.0,0.0,0.17176439,0.051237352,0.0
Ġin,0.0,0.0,0.0,0.0,0.0,0.0,0.0,0.0,0.0,0.0,0.0,0.0,0.0,0.0,0.0,0.0,0.0,0.0,0.0,0.0,0.006066036,0.0,0.0,0.0,0.002023369,0.0,0.014162174,0.0056902617,0.06478653,0.0,0.044066712,0.0,0.018399874,0.050459474,0.009983587,0.0003226262,0.010995328,0.009655174,0.17181262,0.007498141,0.0028552888,0.020752024,0.004799991,0.0018530629,0.017962215,0.024103666,0.03469783,0.0047076307,0.011436013,0.014496574,0.0042284327,0.019063711,0.032823738,0.07150486,0.0869268,0.025879888,0.20598634
is,0.0,0.0,0.0,0.0,0.0,0.0,0.0,0.0,0.0,0.0,0.0,0.0,0.0,0.0,0.0,0.0,0.0,0.0,0.0,0.0,0.0080614,0.0,0.0,0.0,0.0016628572,0.0,0.0,0.00509296,0.0,0.0,0.033259604,0.0,0.0049693957,0.0,0.0,0.0024264038,0.002724324,0.004540572,0.0,0.5559619,0.00046466506,0.007242795,0.0029111488,0.009894376,0.0030273206,0.006122461,0.025574757,0.006026681,0.016478796,0.02022361,0.009366127,0.051025726,0.030151727,0.0029483915,0.16799863,0.019832138,0.002011263
Ġrepeatedly,0.0,0.0,0.0,0.0,0.0,0.0,0.0,0.0,0.0,0.0,0.0,0.0,0.0,0.0,0.0,0.0,0.0,0.0,0.0,0.0,0.0,0.0,0.0,0.0,0.0,0.0,0.0,0.0,0.0,0.0,0.0,0.0,0.0,0.0,0.0,0.020544887,0.0,0.018264804,0.0,0.0,0.14238074,0.0,0.09423781,0.019000897,0.035533957,0.0,0.0,0.080019034,0.0,0.0124404095,0.051460873,0.050471712,0.07165409,0.0,0.102107935,0.30188283,0.0
Ġto,0.0,0.0,0.0,0.0,0.0,0.0,0.0,0.0,0.0,0.0,0.0,0.0,0.0,0.0,0.0,0.0,0.0,0.0,0.0,0.0,0.0,0.0,0.0,0.0,0.009732971,0.0,0.0,0.0,0.0,0.0,0.0,0.0,0.0,0.0,0.0,0.0030021332,0.018915704,0.022259193,0.0,0.0,0.013633261,0.10297007,0.0274839,0.016166398,0.04619284,0.05431606,0.0,0.026279543,0.0,0.043866564,0.03709619,0.06894564,0.098485954,0.0,0.27205443,0.13859905,0.0
Ġby,0.0,0.0,0.0,0.0,0.0,0.0,0.0,0.0,0.0,0.0,0.0,0.0,0.0,0.0,0.0,0.0,0.0,0.0,0.0,0.0,0.0,0.0,0.0,0.0,0.0,0.0,0.0,0.0,0.0,0.0,0.0,0.0,0.0,0.0,0.0,0.024686592,0.0,0.0068872366,0.0,0.0,0.0,0.0,0.12785049,0.030928781,0.011360674,0.0,0.0,0.13415362,0.0,0.005510039,0.06454999,0.062925465,0.08223262,0.0,0.19725735,0.2516571,0.0
Ġmodel,0.0,0.0,0.0,0.0,0.0,0.0,0.0,0.0,0.0,0.0,0.0,0.0,0.0,0.0,0.0,0.0,0.0,0.0,0.0,0.0,0.0,0.0,0.0,0.0,0.0,0.0,0.0,0.0,0.0,0.0,0.0,0.0,0.0,0.0,0.0,0.11926583,0.0,0.0,0.0,0.0,0.0,0.0,0.0,0.1234164,0.0,0.0,0.0,0.077603266,0.0,0.0,0.06978946,0.0,0.0,0.0,0.0,0.6099251,0.0
Ġair,0.0,0.0,0.0,0.0,0.0,0.0,0.0,0.0,0.0,0.0,0.0,0.0,0.0,0.0,0.0,0.0,0.0,0.0,0.0,0.0,0.0,0.0,0.0,0.0,0.0,0.0,0.0,0.0,0.0,0.0,0.0,0.0,0.0,0.0,0.0,0.0002816956,0.0,0.0,0.0,0.0,0.0,0.0,0.0,0.0027160647,0.5888072,0.0,0.0,0.0016854076,0.0,0.18019569,0.0072460864,0.101083316,0.0,0.0,0.03498137,0.083003186,0.0
Ġexposing,0.0,0.0,0.0,0.0,0.0,0.0,0.0,0.0,0.0,0.0,0.0,0.0,0.0,0.0,0.0,0.0,0.0,0.0,0.0,0.0,0.0,0.0,0.0,0.0,0.0,0.0,0.0,0.0,0.0,0.0,0.0,0.0,0.0,0.0,0.0,0.010533988,0.0,0.018873315,0.0,0.0,0.021503145,0.0,0.04263773,0.017915392,0.014739245,0.09435323,0.0,0.024306545,0.0,0.05340658,0.039158348,0.053665403,0.12888274,0.0,0.23816302,0.24186133,0.0
Ġof,0.0,0.0,0.0,0.0,0.0,0.0,0.0,0.0,0.0,0.0,0.0,0.0,0.0,0.0,0.0,0.0,0.0,0.0,0.0,0.0,0.0057760524,0.0,0.0,0.0,0.002103923,0.0,0.0,0.013657756,0.0,0.0,0.0,0.0,0.0,0.0,0.0,0.0010182114,0.0054134103,0.0033979812,0.0,0.0,0.0021102356,0.037790615,0.007926269,0.011894667,0.007791111,0.018070092,0.12826803,0.010718255,0.055058587,0.015375332,0.027098652,0.01808948,0.041958794,0.1582289,0.12553506,0.0665155,0.23620316
Ġan,0.0,0.0,0.0,0.0,0.0,0.0,0.0,0.0,0.0,0.0,0.0,0.0,0.0,0.0,0.0,0.0,0.0,0.0,0.0,0.0,0.0,0.0,0.0,0.0,0.0,0.0,0.0,0.0,0.0,0.0,0.0,0.0,0.0,0.0,0.0,0.0,0.0,0.0,0.0,0.0,0.0,0.0,0.0,0.0,0.0,0.0,0.0,0.38666332,0.0,0.0,0.4477881,0.0,0.0,0.0,0.0,0.16554862,0.0
ache,0.0,0.0,0.0,0.0,0.0,0.0,0.0,0.0,0.0,0.0,0.0,0.0,0.0,0.0,0.0,0.0,0.0,0.0,0.0,0.0,0.0,0.0,0.0,0.0,0.03168427,0.0,0.0,0.0,0.0,0.0,0.0,0.0,0.0,0.0,0.0,0.016648287,0.041404236,0.017030898,0.0,0.0,0.04400794,0.042218726,0.07961062,0.066835955,0.008429218,0.1176659,0.0,0.031474985,0.059980173,0.028831126,0.029584,0.113335386,0.047896266,0.033281773,0.15062842,0.03945181,0.0
Ġallergic,0.0,0.0,0.0,0.0,0.0,0.0,0.0,0.0,0.0,0.0,0.0,0.0,0.0,0.0,0.0,0.0,0.0,0.0,0.0,0.0,0.0,0.0,0.0,0.0,0.0,0.0,0.0,0.0,0.0,0.0,0.0,0.0,0.0,0.0,0.0,0.00041720908,0.0,0.0,0.0,0.0,0.0,0.0,0.0,0.020949902,0.0,0.0,0.0,0.0043923054,0.0,0.50055665,0.015954077,0.13706937,0.0,0.0,0.2915373,0.02912312,0.0
Ġdeveloped,0.0,0.0,0.0,0.0,0.0,0.0,0.0,0.0,0.0,0.0,0.0,0.0,0.0,0.0,0.0,0.0,0.0,0.0,0.0,0.0,0.0,0.0,0.0,0.0,0.0,0.0,0.0,0.0,0.0,0.0,0.0,0.0,0.0,0.0,0.0,0.0,0.0,0.0,0.0,0.0,0.0,0.0,0.0,0.0,0.0,0.0,0.0,0.0,0.0,0.0,0.45009238,0.0,0.0,0.0,0.0,0.5499076,0.0
Ġchronic,0.0,0.0,0.0,0.0,0.0,0.0,0.0,0.0,0.0,0.0,0.0,0.0,0.0,0.0,0.0,0.0,0.0,0.0,0.0,0.0,0.0,0.0,0.0,0.0,0.0,0.0,0.0,0.0,0.0,0.0,0.0,0.0,0.0,0.0,0.0,0.0054425364,0.0,0.0,0.0,0.0,0.0,0.0,0.0,0.026318358,0.0,0.0,0.0,0.007772892,0.0,0.0,0.0065039,0.37123513,0.0,0.0,0.48532626,0.097400956,0.0
Ġdisease,0.0,0.0,0.0,0.0,0.0,0.0,0.0,0.0,0.0,0.0,0.0,0.0,0.0,0.0,0.0,0.0,0.0,0.0,0.0,0.0,0.0,0.0,0.0,0.0,0.0,0.0,0.0,0.0,0.0,0.0,0.0,0.0,0.0,0.0,0.0,0.0030450656,0.0,0.06831033,0.0,0.0,0.0,0.0,0.0,0.012114403,0.018962877,0.0,0.0,0.009573156,0.0,0.03827446,0.022081455,0.059290517,0.25803223,0.0,0.32539108,0.18492442,0.0
Ġtr,0.0,0.0,0.0,0.0,0.0,0.0,0.0,0.0,0.0,0.0,0.0,0.0,0.0,0.0,0.0,0.0,0.0,0.0,0.0,0.0,0.0,0.0,0.0,0.0,0.0061483076,0.0,0.0,0.0,0.0,0.0,0.0,0.0,0.0,0.0,0.0,0.006986195,0.0013948285,0.015572588,0.0,0.0,0.0052805427,0.019048331,0.015112557,0.2461372,0.021420605,0.004064782,0.0,0.059228305,0.0,0.008851405,0.09509705,0.031278484,0.12843986,0.1885946,0.04904498,0.0982994,0.0
Ġof,0.0,0.0,0.0,0.0,0.0,0.0,0.0,0.0,0.0,0.0,0.0,0.0,0.0,0.0,0.0,0.0,0.0,0.0,0.0,0.0,0.0,0.0,0.0,0.0,0.0,0.0,0.0,0.0,0.0,0.0,0.0,0.0,0.0,0.0,0.0,0.0052610775,0.0,0.0,0.0,0.0,0.0,0.0,0.0,0.029737694,0.0,0.0,0.0,0.016759109,0.0,0.0,0.02015762,0.0,0.0,0.0,0.82167983,0.10640465,0.0
we,0.0,0.0,0.0,0.0,0.0,0.0,0.0,0.0,0.0,0.0,0.0,0.0,0.0,0.0,0.0,0.0,0.0,0.0,0.0,0.0,0.0,0.0,0.0,0.0,0.0,0.0,0.0,0.0,0.0,0.0,0.0,0.0,0.0,0.0,0.0,0.0,0.0,0.0,0.0,0.0,0.0,0.0,0.0,0.0,0.0,0.0,0.0,0.0,0.0,0.0,0.0,0.0,0.0,0.0,0.0,1.0,0.0
Ġinst,0.0,0.0,0.0,0.0,0.0,0.0,0.0,0.0,0.0,0.0,0.0,0.0,0.0,0.0,0.0,0.0,0.0,0.0,0.0,0.0,0.013360828,0.0,0.0,0.0,0.005152136,0.0,0.0,0.0,0.0,0.0,0.0,0.0,0.0,0.0,0.0,0.004685829,0.0022110336,0.006192719,0.0,0.0,0.003628622,0.0065004844,0.014940979,0.19896798,0.0108399335,0.0080526015,0.0,0.010109014,0.22699845,0.0070306305,0.02718689,0.031044917,0.06411312,0.025658447,0.09896872,0.13093503,0.10342161
