,ils,Ġincrease,Ġnot,sec,Ġsix,Ġat,Ġobtained,Ġdiffer,Ġa,Ġchronic,ĠUP,Ġgroup,Ġc,Ġwere,Ġby,Ġin,Ġsheep,illation,Ġcompared,Ġstable,Ġin,Ġbal,Ġb,Ġc,Ġat,Ġand,Ġpulmonary,Ġantigen,Ġallergic,is,Ġhelium,Ġresistance,Ġa,Ġwas,in,Ġa,Ġc,Ġto,Ġcontrol,Ġc,Ġa,Ġof,Ġin,Ġc,Ġin,Ġof,Ġbal,Ġa,Ġgroup,RC,Ġin,Ġthree,Ġin,Ġand,Ġby,Ġin,age,Ġtechnique,Ġthen,ography,ages,Ġthe,Ġa,ĠRL,Ġwas,Ġbetween,Ġb,Ġin,abstract,Ġwas,Ġmodel,Ġcm,Ġanalyses,Ġexposing,Ġsheep,Ġvolume,Ġby,Ġin,Ġtrapping,Ġwere,Ġwas,Ġuntil,Ġc,Ġof,Ġof,Ġvolume,Ġsheep,Ġbut,Ġcells,Ġtests,Ġa,Ġproteins,Ġwere,Ġc,Ġto,Ġin,Ġto,Ġresistance,Ġthey,<|begin_of_text|>
ils,0.23861325,2.7946877e-05,0.0016583588,0.010731293,0.0003444454,0.0010865715,0.0005630327,0.00069291267,0.0012615821,4.3585453e-05,0.006058529,0.00046277448,0.010352049,0.019134628,0.0005528005,0.008779081,0.00014296491,4.6321802e-05,5.128412e-05,7.885963e-05,0.0035758107,0.027444644,0.0014344278,0.019538673,0.00026238634,0.00026311877,0.0003795456,0.00036427553,6.437576e-05,0.0005144531,0.00036386098,0.008475874,0.0010929663,0.013082398,0.0,0.0045762886,0.0,0.0004429469,0.00030255714,0.0,0.0,0.00016013265,0.00061907526,0.0,0.00032659055,0.0008222513,0.011570063,0.0024022704,0.00040925268,0.005125369,0.004130709,0.00069940765,0.0013524491,0.0035609426,0.0019336651,0.000912935,0.0006717795,0.0035447672,0.0007086394,0.0017189535,0.04841015,0.00058461586,0.0037105433,0.0013860025,0.0071853246,0.0014639418,0.0025611524,0.004242697,0.0,0.006169538,0.00010859003,0.016415052,0.005432168,0.00016813773,0.00065146806,0.020287275,0.00017880963,0.0008280209,0.005319305,0.0013906703,0.0031653217,0.0005254432,0.018723385,0.00076026894,0.00067408016,0.009550605,0.0011154758,0.010715684,0.043113496,0.0027669843,0.0046425997,0.0,0.03378747,0.16025978,0.0013978644,0.00345458,0.0009790519,0.00949697,0.014205864,0.042599563
Ġincrease,0.0,0.2028531,0.0,0.0,0.0,0.0,0.0,0.0,0.0,0.0014473919,0.0,0.0,0.0,0.0,0.0,0.0,0.0068526017,0.0054215146,0.0,0.19675401,0.0,0.0,0.0,0.0,0.0,0.0,0.0,0.015597944,0.0052339616,0.012362356,0.0,0.0,0.0,0.0,0.0,0.0,0.0,0.0,0.0,0.0,0.0,0.0014648422,0.0,0.0,0.0,0.0,0.0,0.0,0.0,0.0,0.0,0.0,0.0,0.0,0.0,0.0,0.0,0.0,0.0,0.0,0.0,0.0,0.0,0.0,0.0,0.0,0.0,0.0,0.0,0.0,0.001589919,0.0,0.0,0.004044262,0.0,0.0,0.0032416226,0.0,0.0,0.0,0.0,0.1872143,0.0,0.009589324,0.0,0.0,0.0,0.0,0.0,0.0,0.0,0.0,0.0,0.0,0.015186777,0.0,0.0,0.0,0.0,0.31596196
Ġnot,0.0,0.003337414,0.45068607,0.0,0.00032615193,0.0025187905,0.0035726177,0.0,0.0015982436,0.00016196568,0.0,0.00045792587,0.0,0.0,0.0006459447,0.0,0.00045036184,0.00084642164,0.0014579832,0.002067017,0.0,0.0,0.00060416304,0.0,0.0005789943,0.0007049337,0.0031465027,0.0017572918,0.00034983587,0.0007988586,0.0007664677,0.0,0.0012171378,0.0,0.0,0.0,0.0,0.0001310594,4.9763894e-05,0.0,0.0,0.00019711889,0.0003482557,0.0,0.00082127313,4.0322637e-05,0.0,0.0,0.0088074785,0.0055899858,0.00013616135,0.00022851868,0.0,0.0019468374,0.00055057113,0.00019751518,0.00044847518,0.01178885,0.0006604973,0.0055876295,0.0,0.0003687431,0.0,0.011749714,0.012324223,0.0,0.0017997483,0.0,0.0,0.0043672347,0.003138902,0.0,0.0009319055,6.794449e-05,0.009489336,0.0,0.0005927236,0.0013123768,0.0063500605,0.00095707824,0.008809414,0.0013113597,0.009917023,0.00019233626,0.0036818916,0.008750098,0.0003270081,0.0,0.0,0.0049713193,0.0006307329,0.0,0.0,0.0,0.00015858431,0.00048081198,0.00050870486,0.07755113,0.019904258,0.15269715
sec,0.0,1.3739334e-05,0.0017059136,0.18143673,0.00026524597,0.004970206,0.0012092032,0.027571317,0.003922922,0.00023540089,0.011353111,0.000829808,0.0,0.0,0.0015127406,0.0,0.0004250252,0.00028512944,0.0007544019,5.48295e-05,0.0,0.0,0.0018898721,0.0,0.00011083058,0.001508888,0.00092610234,0.0002751205,0.0003587108,0.00037035844,0.00064085517,0.024720648,0.003397223,0.049254116,0.0,0.0,0.0,0.005229561,0.00023800692,0.0,0.0,0.0005003843,0.0005261679,0.0,9.289457e-05,0.0013230843,0.0,0.0,0.0003859448,0.005042522,0.002928803,0.0012065365,0.0,0.0065666134,0.0030664962,0.0022260726,0.001437087,0.014445162,0.00041926265,0.009193453,0.0,0.00072128227,0.0,0.0015118098,0.0015174034,0.0101980325,0.0017682248,0.0,0.0,0.008592247,0.00025492944,0.09349686,0.007923921,0.00042535286,0.00037654967,0.13678737,0.00040613473,0.0073482664,0.0029648307,0.00065569073,0.0013817874,0.00033978754,0.051320545,0.0014809372,0.0059887483,0.004492337,0.0011250969,0.08473007,0.0,0.010474842,0.008387016,0.0,0.0,0.0,0.0026402876,0.009819858,0.002265659,0.029280249,0.0049263146,0.03935901
Ġsix,0.0,0.004719794,0.0,0.0,0.2898973,0.0,0.0,0.0,0.0,0.0028444119,0.0,0.0,0.0,0.0,0.0,0.0,0.01681012,0.008680355,0.0,0.011582959,0.0,0.0,0.0,0.0,0.02036294,0.0,0.0,0.011318548,0.0042894445,0.012521908,0.0,0.0,0.0,0.0,0.0,0.0,0.0,0.0,0.0,0.0,0.0,0.0019321766,0.13272443,0.0,0.014029295,0.0,0.0,0.0,0.0,0.0,0.0,0.0,0.0,0.0,0.0,0.0,0.0,0.0,0.0,0.0,0.0,0.0,0.0,0.0,0.0,0.0,0.0,0.0,0.0,0.0,0.004336966,0.0,0.0,0.017018879,0.0,0.0,0.00963558,0.0,0.0,0.0,0.0,0.034512375,0.0,0.0173449,0.0,0.0,0.0,0.0,0.0,0.0,0.0,0.0,0.0,0.0,0.022458285,0.0,0.0,0.0,0.0,0.26730037
Ġat,0.0,0.00026755917,0.0,0.0,0.0013658823,0.3716795,0.0005353909,0.0,0.00040509625,0.0011648115,0.0,0.0017550424,0.0,0.0,0.008543647,0.0,0.00023390111,0.00026663466,0.0003424047,0.0006406691,0.0,0.0,0.00035263674,0.0,0.0055717286,0.0019539816,0.0016810038,0.0007881036,0.0013463745,0.0012684055,0.0035713464,0.0,0.0006164175,0.0,0.0,0.0,0.0,0.008720472,5.157497e-05,0.0,0.0,0.0013988034,0.0033818777,0.0,0.0014931973,0.00086735777,0.0,0.0,0.0004510353,0.003616868,0.002652337,0.00056886964,0.0,0.0077709267,0.0068403725,0.0044920794,0.00016066254,0.001396343,0.0019343597,0.0004780879,0.0,0.0007992661,0.0,0.0010100245,0.0008204654,0.0,0.0006755752,0.0,0.0,0.00095147296,0.00054861134,0.0,0.00018857015,0.000304879,0.0007546547,0.0,0.00058097456,0.006152734,0.0028013526,0.0019829764,0.0011698363,0.0028096507,0.0073239934,0.0011378771,0.004284453,0.0028219845,2.8578426e-05,0.0,0.0,0.0020443813,0.0010458435,0.0,0.0,0.0,0.0019779208,0.006196787,0.0020774512,0.044167195,0.0023757024,0.38633883
Ġobtained,0.0,0.009489642,0.0,0.0,0.0052778376,0.0,0.45338583,0.0,0.0,0.000783026,0.0,0.0,0.0,0.0,0.0,0.0,0.0065808995,0.0038446751,0.0,0.0042411867,0.0,0.0,0.0,0.0,0.0051498,0.0,0.0,0.017751597,0.0005484161,0.0043942044,0.0,0.0,0.0,0.0,0.0,0.0,0.0,0.0,0.0,0.0,0.0,0.0022405772,0.02259973,0.0,0.0089388285,0.0,0.0,0.0,0.07524872,0.0,0.0,0.0,0.0,0.0,0.0,0.0,0.0,0.0,0.0,0.0,0.0,0.0,0.0,0.0,0.06662478,0.0,0.0,0.0,0.0,0.0,0.027210562,0.0,0.0,0.0033826514,0.07537746,0.0,0.0046305694,0.0,0.0,0.0,0.0,0.023050575,0.0,0.01046185,0.0,0.0,0.0,0.0,0.0,0.0,0.0,0.0,0.0,0.0,0.007968898,0.0,0.0,0.0,0.0,0.10547768
Ġdiffer,0.0,0.0005673216,0.020008406,0.0,0.00080347224,0.0061375,0.0042268727,0.30263707,0.008894782,0.00019559116,0.0,0.0021857424,0.0,0.0,0.0017930097,0.0,0.00020215353,0.00020669143,0.0019186818,0.0010019134,0.0,0.0,0.006553259,0.0,0.00063601363,0.0040187165,0.0029554162,0.0006427312,0.00031626035,0.00034452468,0.0006051679,0.0,0.0056329067,0.0,0.0,0.0,0.0,0.0012035327,0.00020096905,0.0,0.0,0.00057235686,0.0013325767,0.0,0.0014403748,0.0007359388,0.0,0.0,0.0037952801,0.0054332977,0.0021048554,0.0021483873,0.0,0.008760221,0.0014645134,0.0067868796,0.0014347846,0.023300704,0.0010301932,0.00919456,0.0,0.0027592243,0.0,0.0047732284,0.006300665,0.0,0.014089586,0.0,0.0,0.00848065,0.0012200642,0.0,0.009724843,0.00024995505,0.0037074243,0.0,0.00056743744,0.020924002,0.0064787483,0.0017141533,0.0064335368,0.0019278288,0.0907663,0.00046373793,0.013603465,0.007385152,0.0023523497,0.0,0.0,0.017713694,0.01289825,0.0,0.0,0.0,0.0003189479,0.008033574,0.006811107,0.085544795,0.009841284,0.119122915
Ġa,0.0,0.00040104854,0.0,0.0,0.00017120763,0.0,0.009535297,0.0,0.25304878,0.00017062353,0.0,0.0,0.0,0.0,0.0,0.0,0.002338806,0.00048433943,0.0042736465,0.0008334394,0.0,0.0,0.06395527,0.0,0.00017529962,0.0,0.0,0.006529707,0.00021661805,0.002996279,0.0,0.0,0.0,0.0,0.0,0.0,0.0,0.0031601563,0.006152368,0.0,0.0,0.000550117,0.00095820724,0.0,0.0006245115,0.0034668294,0.0,0.0,0.011600384,0.0,0.0,0.005196422,0.0,0.0,0.0,0.0,0.0,0.0,0.010625218,0.0,0.0,0.009211409,0.0,0.0,0.017632442,0.0,0.0,0.0,0.0,0.0,0.0023328213,0.0,0.0,0.0012022802,0.021282174,0.0,0.00449758,0.0,0.0,0.024493527,0.0,0.006112693,0.0,0.001556154,0.0,0.0,0.053272642,0.0,0.0,0.0,0.0,0.0,0.0,0.0,0.00072616077,0.0,0.024542836,0.0,0.28767556,0.008708881
Ġchronic,0.0,0.0,0.0,0.0,0.0,0.0,0.0,0.0,0.0,0.2468397,0.0,0.0,0.0,0.0,0.0,0.0,0.0,0.0,0.0,0.0,0.0,0.0,0.0,0.0,0.0,0.0,0.0,0.0,0.0,0.0,0.0,0.0,0.0,0.0,0.0,0.0,0.0,0.0,0.0,0.0,0.0,0.1822065,0.0,0.0,0.0,0.0,0.0,0.0,0.0,0.0,0.0,0.0,0.0,0.0,0.0,0.0,0.0,0.0,0.0,0.0,0.0,0.0,0.0,0.0,0.0,0.0,0.0,0.0,0.0,0.0,0.0153839765,0.0,0.0,0.0,0.0,0.0,0.0,0.0,0.0,0.0,0.0,0.0,0.0,0.0,0.0,0.0,0.0,0.0,0.0,0.0,0.0,0.0,0.0,0.0,0.0,0.0,0.0,0.0,0.0,0.54035014
ĠUP,0.0,0.0005236644,0.016369259,0.0,0.00015306112,0.0045001237,0.00037608278,0.008352288,0.00041203716,0.00012395756,0.3115066,0.0002006012,0.0,0.0,0.0029451603,0.0,0.00065556075,0.00062541966,0.00016371507,0.0016478861,0.0,0.0,0.00037953627,0.0,0.00056288444,0.002255507,0.018195128,0.0030668313,0.0010026239,0.0015779664,0.014304546,0.0,0.0011683363,0.0,0.0,0.0,0.0,0.0006906473,0.00027623074,0.0,0.0,4.9987062e-05,0.0004956946,0.0,0.0008005382,9.521771e-05,0.0,0.0,0.0016467314,0.015796235,0.0002715229,0.0001777472,0.0,0.004912792,0.0029962594,0.0001492961,0.0022709307,0.00486059,0.0010321477,0.0046277214,0.0,0.0002668826,0.0,0.011935529,0.002162903,0.0021083138,0.0005749609,0.0,0.0,0.004222446,0.00018167963,0.0,0.0011309705,0.00017517901,0.0013030738,0.0,0.0014249112,0.00035622678,0.0194785,0.0009886577,0.0034493017,0.00061050785,0.007771428,0.0003892234,0.003940215,0.006062342,0.0002463743,0.06267542,0.0,0.0020650248,0.00023986735,0.0,0.0,0.0,0.0016144504,0.00032823332,0.00031088054,0.07857454,0.0038207243,0.2419041
Ġgroup,0.0,0.00011805941,0.0,0.0,0.0024998484,0.0,0.00048143233,0.0,0.003744873,0.004448829,0.0,0.37116256,0.0,0.0,0.0,0.0,0.0007315534,0.00024213374,0.00047020527,0.0010743124,0.0,0.0,0.007726573,0.0,0.0024156545,0.0032129225,0.0020065394,0.0010548912,0.0022216467,0.007365381,0.0,0.0,0.0,0.0,0.0,0.0,0.0,0.0064962977,0.00078711304,0.0,0.0,0.0053741937,0.0051756585,0.0,0.0020602283,0.0054779695,0.0,0.0,0.00064898696,0.0,0.0,0.010217208,0.0,0.0,0.0,0.0,0.001672053,0.0,0.0008021046,0.0,0.0,0.0073771398,0.0,0.009064408,0.0014343037,0.0,0.0,0.0,0.0,0.0,0.0017608972,0.0,0.011866575,0.0013622487,0.0005030636,0.0,0.0010132069,0.018874932,0.0,0.0012440975,0.0050570862,0.004337042,0.0,0.004716832,0.006387496,0.0,0.004232621,0.0,0.0,0.0099605,0.0,0.0,0.0,0.0,0.0035240687,0.21646304,0.0135691445,0.0,0.0059600784,0.10612034
Ġc,0.0,3.0075982e-05,0.0009499346,0.025810817,4.7753892e-05,0.00044226038,0.0010813696,0.009062936,0.011335849,0.00015357362,0.004997719,0.00017749859,0.21589662,0.0,0.00062335795,0.0,0.0010539525,0.00010723037,0.0008072031,0.00019963793,0.0,0.0,0.010430034,0.0,6.419704e-05,0.0052577993,0.0025890958,0.0005892974,0.00033185887,0.00018139834,0.0011775302,0.010773798,0.0011323658,0.009877021,0.0,0.0,0.0,0.0015015708,0.00041515403,0.0,0.0,0.0004070113,0.0002161301,0.0,0.00016539788,0.0005634511,0.0,0.0,0.00055420457,0.0020029356,0.0007457875,0.002073315,0.0030257693,0.0052565923,0.00040164404,0.0038167536,0.0020157592,0.027457293,0.001168643,0.009097791,0.0,0.0014770249,0.04420129,0.0022245718,0.0010231381,0.0032525011,0.005388194,0.0,0.0,0.009828459,0.0005078179,0.007398243,0.032261014,0.0004642524,0.0006583743,0.05475014,0.002012799,0.017249318,0.0034529937,0.001324604,0.0024897833,0.0013294187,0.077606246,0.00045110966,0.026133398,0.00295067,0.0029612242,0.13450222,0.0,0.03833944,0.010345223,0.0,0.0,0.0,0.0011189929,0.021069922,0.0042511127,0.017286489,0.011254341,0.007860252
Ġwere,0.0,2.866175e-05,0.009424402,0.007855772,0.000115117786,0.001993998,0.0001798062,0.0056019872,0.0004571187,0.0002318541,0.0008275066,0.0005625075,0.0055162576,0.29392615,0.00090337865,0.018778684,0.00010224259,9.920462e-05,0.0002600252,0.00034751373,0.0,0.10562267,0.00046799937,0.016623156,0.00026712264,0.00052998384,0.00059114053,0.0011090921,0.00013955288,0.00088194245,0.0011481747,0.0035364067,0.0026980666,0.03734786,0.0,0.0,0.0,0.0011563246,0.00012474056,0.0,0.0,0.0005187511,0.00019535955,0.0,0.00029351198,0.0003993952,0.010024573,0.0064676693,0.00022476849,0.00209974,0.0030684904,0.0013774688,0.00228955,0.0039475067,0.00054005097,0.0018064936,0.001155154,0.005517853,0.0016039698,0.002383605,0.090574555,0.0008390035,0.0054476545,0.0017899993,0.009715413,0.0018680099,0.003146101,0.0034279425,0.0,0.030862417,6.184453e-05,0.016269032,0.0024496499,0.00013975371,0.0003625862,0.011223408,0.00015762047,0.0014105972,0.0011264128,0.002590012,0.011114889,0.0011598615,0.0036245016,0.0017950987,0.001405043,0.003987876,0.00030353124,0.009737042,0.028335987,0.0031926702,0.007113776,0.0,0.04816798,0.0,0.00059820793,0.0066164224,0.003051947,0.006829292,0.003747335,0.033992704
Ġby,0.0,3.396687e-05,0.0,0.0,5.693976e-05,0.0,0.0001329886,0.0,0.00040986226,0.00066024734,0.0,0.00021830831,0.0,0.0,0.34069195,0.0,0.000507516,0.00032450695,6.257845e-05,0.00048820348,0.0,0.0,8.2637125e-05,0.0,0.0011908549,0.0059904596,0.0013700789,0.0008218526,0.0006122179,0.0009960313,0.0,0.0,0.0,0.0,0.0,0.0,0.0,0.001550047,3.15035e-05,0.0,0.0,0.0006850842,0.0017609736,0.0,0.0016075016,8.373051e-05,0.0,0.0,0.00010807112,0.008019944,0.0,0.00020807635,0.0,0.10534493,0.041499857,0.001642064,0.00045900978,0.0,0.0022966964,0.007616313,0.0,0.00053240254,0.0,0.0015711507,0.0006583583,0.0,0.0009017461,0.0,0.0,0.0,0.0005427474,0.0,0.0007410911,0.0006877967,0.00011645126,0.0,0.009359688,0.0033472474,0.010642589,0.0029032328,0.002793022,0.0020841716,0.0,0.0015854423,0.0038863297,0.004717637,2.454134e-05,0.0,0.0,0.0024452333,0.00036590145,0.0,0.0,0.0,0.0032159449,0.0018204831,0.0013261402,0.0,0.0017807392,0.38909578
Ġin,0.0,6.886232e-05,0.0015760781,0.0052779047,0.002493481,0.029544309,0.00085478235,0.003011745,0.00066116935,0.0006998475,0.001755131,0.0022115416,0.004276632,0.0,0.010234605,0.33031052,0.00031610485,0.0005328131,0.00051048375,0.0005521614,0.0,0.0,0.00028163684,0.014411985,0.002209578,0.002963014,0.001404816,0.0010673389,0.00042294138,0.002253823,0.001996193,0.002397709,0.00057452376,0.0030339048,0.0,0.0,0.0,0.008751826,0.00034474596,0.0,0.0,0.0029610086,0.004315337,0.0,0.002253041,0.0036716873,0.00493134,0.005126995,0.00043597393,0.0017411007,0.011870532,0.005662186,0.022209574,0.015639653,0.011929687,0.0072705336,0.0007537265,0.0027660346,0.0020707527,0.000628316,0.04012125,0.0070018093,0.005185974,0.0011637841,0.004785178,0.03326725,0.0004688263,0.029400028,0.0,0.0033888174,0.0003083046,0.0072723175,0.0011539854,0.0006586969,0.00054266705,0.0044709453,0.0009432136,0.01168091,0.0010799142,0.002825774,0.0021150094,0.0011176434,0.004281582,0.00612825,0.0042379475,0.0007989978,0.00019978559,0.006463436,0.011412783,0.004320475,0.002229459,0.0,0.0104028005,0.0,0.003062597,0.018443506,0.0139154345,0.005464087,0.00510237,0.10295778
Ġsheep,0.0,0.0,0.0,0.0,0.0,0.0,0.0,0.0,0.0,0.0026106024,0.0,0.0,0.0,0.0,0.0,0.0,0.25202242,0.0,0.0,0.0,0.0,0.0,0.0,0.0,0.0,0.0,0.0,0.0,0.0038015244,0.0,0.0,0.0,0.0,0.0,0.0,0.0,0.0,0.0,0.0,0.0,0.0,0.0020871072,0.0,0.0,0.0,0.0,0.0,0.0,0.0,0.0,0.0,0.0,0.0,0.0,0.0,0.0,0.0,0.0,0.0,0.0,0.0,0.0,0.0,0.0,0.0,0.0,0.0,0.0,0.0,0.0,0.0040769996,0.0,0.0,0.321471,0.0,0.0,0.02797334,0.0,0.0,0.0,0.0,0.0,0.0,0.0,0.0,0.0,0.0,0.0,0.0,0.0,0.0,0.0,0.0,0.0,0.0,0.0,0.0,0.0,0.0,0.20341727
illation,0.0,0.0,0.0,0.0,0.0,0.0,0.0,0.0,0.0,0.00706607,0.0,0.0,0.0,0.0,0.0,0.0,0.03800774,0.34930882,0.0,0.0,0.0,0.0,0.0,0.0,0.0,0.0,0.0,0.0,0.011742926,0.0,0.0,0.0,0.0,0.0,0.0,0.0,0.0,0.0,0.0,0.0,0.0,0.0049137413,0.0,0.0,0.0,0.0,0.0,0.0,0.0,0.0,0.0,0.0,0.0,0.0,0.0,0.0,0.0,0.0,0.0,0.0,0.0,0.0,0.0,0.0,0.0,0.0,0.0,0.0,0.0,0.0,0.004084114,0.0,0.0,0.028091142,0.0,0.0,0.022905003,0.0,0.0,0.0,0.0,0.0,0.0,0.0,0.0,0.0,0.0,0.0,0.0,0.0,0.0,0.0,0.0,0.0,0.2202361,0.0,0.0,0.0,0.0,0.19617222
Ġcompared,0.0,0.002656217,0.0,0.0,0.0015661133,0.0,0.033293366,0.0,0.0,0.0016248483,0.0,0.0,0.0,0.0,0.0,0.0,0.0060227886,0.0024998472,0.40391463,0.003324606,0.0,0.0,0.0,0.0,0.0013146219,0.0,0.0,0.0017462362,0.0025537647,0.000798123,0.0,0.0,0.0,0.0,0.0,0.0,0.0,0.0,0.0,0.0,0.0,0.0019517716,0.007740176,0.0,0.0036455062,0.0,0.0,0.0,0.013731708,0.0,0.0,0.0,0.0,0.0,0.0,0.0,0.0,0.0,0.072033636,0.0,0.0,0.0,0.0,0.0,0.014248967,0.0,0.0,0.0,0.0,0.0,0.011449284,0.0,0.0,0.001474254,0.010558964,0.0,0.005020635,0.0,0.0,0.0661218,0.0,0.0058564646,0.0,0.0032003997,0.0,0.0,0.0,0.0,0.0,0.0,0.0,0.0,0.0,0.0,0.0034206065,0.0,0.0,0.0,0.091193505,0.19971733
Ġstable,0.0,0.0,0.0,0.0,0.0,0.0,0.0,0.0,0.0,0.003437586,0.0,0.0,0.0,0.0,0.0,0.0,0.014371049,0.004090873,0.0,0.25264704,0.0,0.0,0.0,0.0,0.0,0.0,0.0,0.012478243,0.012979318,0.0072905933,0.0,0.0,0.0,0.0,0.0,0.0,0.0,0.0,0.0,0.0,0.0,0.0029590568,0.0,0.0,0.0,0.0,0.0,0.0,0.0,0.0,0.0,0.0,0.0,0.0,0.0,0.0,0.0,0.0,0.0,0.0,0.0,0.0,0.0,0.0,0.0,0.0,0.0,0.0,0.0,0.0,0.0040946314,0.0,0.0,0.005369813,0.0,0.0,0.0061566588,0.0,0.0,0.0,0.0,0.28962335,0.0,0.010326375,0.0,0.0,0.0,0.0,0.0,0.0,0.0,0.0,0.0,0.0,0.024275653,0.0,0.0,0.0,0.0,0.32398912
Ġin,0.0,2.4160285e-05,0.0012505953,0.0054172548,0.0009394854,0.0041500577,0.0002893885,0.0031631566,0.00029920376,0.0003497906,0.00050991785,0.0028786715,0.0020985156,0.056586113,0.0014677128,0.05155467,0.00019185066,0.00020994994,0.0014578946,0.00062468223,0.36456528,0.036530867,0.0004329441,0.013272927,0.0006205952,0.0007405597,0.00038806195,0.00070278527,0.0006028498,0.0009222023,0.00031023246,0.00070252595,0.0021342747,0.003312463,0.0,0.0,0.0,0.0053451248,0.00033449955,0.0,0.0,0.0013078894,0.0013094288,0.0,0.00035728762,0.00084569334,0.00567199,0.018869039,0.0006352013,0.0005973686,0.009300575,0.0032341136,0.018129835,0.0036412105,0.0014799996,0.0061041634,0.0007239605,0.0008886962,0.0039979885,0.0005185808,0.012101613,0.0034405512,0.01291128,0.0003861946,0.0032803179,0.022976246,0.0012337207,0.034433674,0.0,0.0009823302,0.00011009506,0.0067708055,0.0012934856,0.00028000172,0.0010127088,0.0014732874,0.0004638465,0.0075588,0.00032880413,0.004547346,0.00068078196,0.0012888004,0.0014026118,0.0018962268,0.0023727873,0.00030318587,0.001061209,0.0065190014,0.0040308964,0.0012473061,0.0040914975,0.0,0.0029056463,0.0,0.00090042385,0.017537061,0.018765107,0.0010267127,0.004670527,0.08379631
Ġbal,0.0,4.284599e-05,0.0061599333,0.0020730076,0.000105956045,0.005178082,0.00041787204,0.002002932,0.00079850486,9.355365e-05,0.0010419812,0.00030674413,0.0032420296,0.0,0.005765762,0.06354481,0.0001879421,0.00021756336,0.0001463844,0.00023844137,0.0,0.26667544,0.00025645326,0.022083627,0.00035399594,0.0006418921,0.0011139885,0.0022660862,7.80589e-05,0.0029638815,0.007094078,0.004942295,0.00025407935,0.007833738,0.0,0.0,0.0,0.00092572154,0.00016500236,0.0,0.0,0.00025155224,0.00026253014,0.0,0.000613632,0.0003966482,0.008312525,0.0012748486,0.0003544177,0.003179656,0.0008223458,0.0014020721,0.00077902543,0.0136539545,0.0020107788,0.00043117866,0.0008867899,0.009593884,0.0017716956,0.0023580773,0.22110602,0.0014611466,0.00088316365,0.003298147,0.014099514,0.0015934749,0.00042341353,0.0011530117,0.0,0.018047897,0.000143035,0.0034315225,0.0013939565,6.7261084e-05,0.0006693761,0.013740887,0.00022153862,0.0019938934,0.0024078267,0.0029653502,0.013642689,0.00043922648,0.0039179637,0.0020232946,0.0012692312,0.0031719436,0.00014227905,0.004994041,0.029042551,0.004993443,0.0009612166,0.0,0.023013538,0.0,0.0005307221,0.0026965854,0.002951769,0.012880018,0.011763493,0.0757013
Ġb,0.0,0.00011904117,0.0,0.0,0.00020395231,0.0,0.00890874,0.0,0.0,0.00013831217,0.0,0.0,0.0,0.0,0.0,0.0,0.0036472343,0.00053188263,0.01957153,0.00029232365,0.0,0.0,0.148715,0.0,0.0002576445,0.0,0.0,0.0032394482,0.0002905471,0.0007789839,0.0,0.0,0.0,0.0,0.0,0.0,0.0,0.0,0.0,0.0,0.0,8.964305e-05,0.0022886472,0.0,0.0005463872,0.0,0.0,0.0,0.006118847,0.0,0.0,0.02438849,0.0,0.0,0.0,0.0,0.0,0.0,0.05043228,0.0,0.0,0.03141454,0.0,0.0,0.009049664,0.0,0.0,0.0,0.0,0.0,0.00089414907,0.0,0.0,0.0015314873,0.007940941,0.0,0.0069792913,0.0,0.0,0.06684645,0.0,0.0025547268,0.0,0.0011553639,0.0,0.0,0.34623224,0.0,0.0,0.0,0.0,0.0,0.0,0.0,0.0027504156,0.0,0.07820608,0.0,0.094270766,0.0047765807
Ġc,0.0,7.566931e-05,0.0011485441,0.0057854992,0.0002700346,0.0009263435,0.0011155352,0.0053035086,0.006539028,5.518859e-05,0.003650644,7.142955e-05,0.037355736,0.0,0.0017164442,0.0,0.0009693282,0.00021360403,0.0001905355,0.0006801049,0.0,0.0,0.0009686901,0.30192614,0.0001752771,0.0040926742,0.002687153,0.0026697563,0.00011778472,0.0011892417,0.0011404287,0.005154234,0.0008578788,0.0055101025,0.0,0.0,0.0,0.0017762149,0.00029504806,0.0,0.0,0.00046934327,0.0013162562,0.0,0.00053540786,0.0010375623,0.04228449,0.021579519,0.001013974,0.008936275,0.00055690494,0.00028135686,0.0006815365,0.014496349,0.004617305,0.0011532478,0.0054311994,0.003485381,0.00062953995,0.0034724867,0.0,0.00039552606,0.00677825,0.0024278269,0.003619163,0.0008126429,0.0020393762,0.0066764667,0.0,0.0032434016,0.0003578863,0.005102443,0.017623603,0.00039818254,0.002070186,0.01031286,0.002056976,0.003355759,0.0026847362,0.0011540753,0.005570416,0.0021833715,0.06680465,0.0025682682,0.009763352,0.0021794187,0.00039420786,0.034374077,0.08803845,0.017989572,0.0033811305,0.0,0.042763475,0.0,0.0029560658,0.007923413,0.0021690151,0.015235094,0.012314193,0.029584771
Ġat,0.0,0.0106437495,0.0,0.0,0.0,0.0,0.0,0.0,0.0,0.0019276815,0.0,0.0,0.0,0.0,0.0,0.0,0.0031096607,0.0025111753,0.0,0.011540896,0.0,0.0,0.0,0.0,0.27341735,0.0,0.0,0.0048512565,0.0025459023,0.005625522,0.0,0.0,0.0,0.0,0.0,0.0,0.0,0.0,0.0,0.0,0.0,0.0012664567,0.0,0.0,0.03918126,0.0,0.0,0.0,0.0,0.0,0.0,0.0,0.0,0.0,0.0,0.0,0.0,0.0,0.0,0.0,0.0,0.0,0.0,0.0,0.0,0.0,0.0,0.0,0.0,0.0,0.002578019,0.0,0.0,0.005802988,0.0,0.0,0.004370265,0.0,0.0,0.0,0.0,0.06061524,0.0,0.007239962,0.0,0.0,0.0,0.0,0.0,0.0,0.0,0.0,0.0,0.0,0.015688075,0.0,0.0,0.0,0.0,0.44930097
Ġand,0.0,0.00015952245,0.0,0.0,0.00047460024,0.0,0.0011562896,0.0,0.0028242462,0.0011327473,0.0,0.0,0.0,0.0,0.0,0.0,0.00077430636,0.0002529857,0.0013583275,0.0012019611,0.0,0.0,0.00083482737,0.0,0.0019295721,0.3411061,0.035090256,0.0005534523,0.002235642,0.0005672007,0.0,0.0,0.0,0.0,0.0,0.0,0.0,0.0029949422,0.0007094922,0.0,0.0,0.0014841006,0.004228967,0.0,0.0028397976,0.0010511222,0.0,0.0,0.0011516816,0.0,0.0,0.0008167522,0.0,0.0,0.0,0.0,0.0,0.0,0.0024952926,0.0,0.0,0.0018914876,0.0,0.0,0.0032871212,0.0,0.0,0.0,0.0,0.0,0.00079387246,0.0,0.0,0.0011721395,0.0014927452,0.0,0.0044332063,0.007992909,0.0,0.003694569,0.0,0.0018989252,0.0,0.000846788,0.08326972,0.0,0.00022706999,0.0,0.0,0.056046553,0.0,0.0,0.0,0.0,0.0021733816,0.0,0.004383298,0.0,0.013846274,0.36781937
Ġpulmonary,0.0,0.00069642323,0.0,0.0,0.00019125466,0.0,0.002607869,0.0,0.0019274855,0.0033103805,0.0,0.0,0.0,0.0,0.0,0.0,0.0030842675,0.00022092293,0.0012347416,0.0042748023,0.0,0.0,0.0010411578,0.0,0.0013252505,0.0,0.3214934,0.0022378955,0.0051016496,0.003223868,0.0,0.0,0.0,0.0,0.0,0.0,0.0,0.0019341402,0.0007274035,0.0,0.0,0.003826476,0.003005321,0.0,0.007753408,0.00074995286,0.0,0.0,0.0016294845,0.0,0.0,0.00040199433,0.0,0.0,0.0,0.0,0.0,0.0,0.00088334107,0.0,0.0,0.0014858133,0.0,0.0,0.0024284227,0.0,0.0,0.0,0.0,0.0,0.0011569451,0.0,0.0,0.0007572584,0.0011041332,0.0,0.0011820084,0.004087349,0.0,0.0012688859,0.0,0.001572186,0.0,0.0011590224,0.14545816,0.0,0.0005661325,0.0,0.0,0.0,0.0,0.0,0.0,0.0,0.0045899064,0.0,0.0026294985,0.0,0.007003829,0.40222198
Ġantigen,0.0,0.0,0.0,0.0,0.0,0.0,0.0,0.0,0.0,0.0041582473,0.0,0.0,0.0,0.0,0.0,0.0,0.026760949,0.12172528,0.0,0.0,0.0,0.0,0.0,0.0,0.0,0.0,0.0,0.3332631,0.005120583,0.06358815,0.0,0.0,0.0,0.0,0.0,0.0,0.0,0.0,0.0,0.0,0.0,0.0023167958,0.0,0.0,0.0,0.0,0.0,0.0,0.0,0.0,0.0,0.0,0.0,0.0,0.0,0.0,0.0,0.0,0.0,0.0,0.0,0.0,0.0,0.0,0.0,0.0,0.0,0.0,0.0,0.0,0.006888535,0.0,0.0,0.010603318,0.0,0.0,0.008114973,0.0,0.0,0.0,0.0,0.0,0.0,0.13243882,0.0,0.0,0.0,0.0,0.0,0.0,0.0,0.0,0.0,0.0,0.04789658,0.0,0.0,0.0,0.0,0.1893449
Ġallergic,0.0,0.0,0.0,0.0,0.0,0.0,0.0,0.0,0.0,0.19072738,0.0,0.0,0.0,0.0,0.0,0.0,0.0,0.0,0.0,0.0,0.0,0.0,0.0,0.0,0.0,0.0,0.0,0.0,0.21332873,0.0,0.0,0.0,0.0,0.0,0.0,0.0,0.0,0.0,0.0,0.0,0.0,0.08366199,0.0,0.0,0.0,0.0,0.0,0.0,0.0,0.0,0.0,0.0,0.0,0.0,0.0,0.0,0.0,0.0,0.0,0.0,0.0,0.0,0.0,0.0,0.0,0.0,0.0,0.0,0.0,0.0,0.013205009,0.0,0.0,0.0,0.0,0.0,0.0,0.0,0.0,0.0,0.0,0.0,0.0,0.0,0.0,0.0,0.0,0.0,0.0,0.0,0.0,0.0,0.0,0.0,0.0,0.0,0.0,0.0,0.0,0.4833472
is,0.0,0.0,0.0,0.0,0.0,0.0,0.0,0.0,0.0,0.004400592,0.0,0.0,0.0,0.0,0.0,0.0,0.013134996,0.030006696,0.0,0.0,0.0,0.0,0.0,0.0,0.0,0.0,0.0,0.0,0.0065102987,0.3923729,0.0,0.0,0.0,0.0,0.0,0.0,0.0,0.0,0.0,0.0,0.0,0.0034482514,0.0,0.0,0.0,0.0,0.0,0.0,0.0,0.0,0.0,0.0,0.0,0.0,0.0,0.0,0.0,0.0,0.0,0.0,0.0,0.0,0.0,0.0,0.0,0.0,0.0,0.0,0.0,0.0,0.0011708623,0.0,0.0,0.0075137024,0.0,0.0,0.005978817,0.0,0.0,0.0,0.0,0.0,0.0,0.22539958,0.0,0.0,0.0,0.0,0.0,0.0,0.0,0.0,0.0,0.0,0.035517078,0.0,0.0,0.0,0.0,0.20667149
Ġhelium,0.0,6.9723724e-06,0.0,0.0,6.1547166e-06,0.0,1.8938003e-05,0.0,5.395707e-05,0.000268721,0.0,4.8126574e-05,0.0,0.0,0.2704121,0.0,0.00012902537,0.000107125874,6.119565e-06,0.00014103847,0.0,0.0,2.1638627e-05,0.0,0.00015021981,0.00061988557,0.0012136075,0.0007078053,0.00046389268,0.0011071605,0.39761364,0.0,0.0,0.0,0.0,0.0,0.0,0.0001483603,1.4197103e-05,0.0,0.0,8.1933234e-05,0.000121114295,0.0,0.00024763047,5.2957694e-06,0.0,0.0,3.6192014e-05,0.0042551425,0.0,4.614158e-05,0.0,0.039257865,0.011912755,0.00020112187,0.0003018017,0.0,0.0005087821,0.012288409,0.0,9.4627096e-05,0.0,0.00132714,0.00030460145,0.0,0.00022371869,0.0,0.0,0.0,2.9444505e-05,0.0,0.00035910882,0.00010442278,3.921053e-05,0.0,0.00080707116,0.00027761084,0.008357936,0.00070935884,0.0008968103,0.00020333717,0.0,0.0002682586,0.00045155777,0.00360774,1.658384e-05,0.0,0.0,0.0010614919,0.00011022747,0.0,0.0,0.0,0.00054832204,0.00021487707,0.00013757477,0.0,0.00037583205,0.22570135
Ġresistance,0.0,0.00028384698,0.014322175,0.0,0.00035242853,0.005501027,0.0017845661,0.022051403,0.0014458997,6.649394e-05,0.070716925,0.0005189853,0.0,0.0,0.0011772594,0.0,0.00037284556,0.00033618897,0.00020965743,0.0005472656,0.0,0.0,0.00087811693,0.0,0.00077387015,0.0025165936,0.005562505,0.0017073076,0.00013216637,0.00035206674,0.001619974,0.24243125,0.0024160724,0.0,0.0,0.0,0.0,0.0010538654,0.00036895854,0.0,0.0,9.168535e-05,0.0009802219,0.0,0.0004366545,0.00045005503,0.0,0.0,0.0027561223,0.010769875,0.0014098621,0.00032117334,0.0,0.0035866208,0.0024852755,0.0007306195,0.0025367136,0.0092179775,0.00040070357,0.006504542,0.0,0.0005454508,0.0,0.012734786,0.0051220553,0.0075053065,0.0019059558,0.0,0.0,0.010835558,0.00031557973,0.0,0.0036613639,0.00021477326,0.0017510937,0.0,0.00045087023,0.0016630748,0.020455811,0.00068031345,0.006718056,0.0005419389,0.020122593,0.00032082954,0.004361946,0.015032903,0.00046296156,0.10943477,0.0,0.0070659653,0.0013391644,0.0,0.0,0.0,0.0016743292,0.0015872653,0.00062085566,0.11511675,0.0049522445,0.13445598
Ġa,0.0,8.798922e-05,0.0,0.0,0.0008498901,0.0,0.0006269874,0.0,0.0012103717,3.4045243e-05,0.0,0.0022285583,0.0,0.0,0.007374136,0.0,0.00034862527,0.0005409832,0.00013684559,0.000695619,0.0,0.0,0.0011967954,0.0,0.0015430289,0.00078949257,0.00083780533,0.0015200811,6.441826e-05,0.00080595695,0.0011474119,0.0,0.41688532,0.0,0.0,0.0,0.0,0.004897866,0.0005559308,0.0,0.0,9.8632e-05,0.009082274,0.0,0.0011015984,0.0045570107,0.0,0.0,0.0005381862,0.022239704,0.07248689,0.0009722986,0.0,0.03303918,0.011991341,0.0050037806,0.0017473956,0.056963343,0.0005095563,0.021373196,0.0,0.0015073421,0.0,0.002880787,0.0029709802,0.0,0.016510705,0.0,0.0,0.059461232,3.891591e-05,0.0,0.012522639,0.0004004038,0.0007018903,0.0,0.0003165131,0.003367915,0.003912833,0.0010907353,0.0059960387,0.0027805406,0.0,0.0048776236,0.0021894313,0.008323743,0.00065565715,0.0,0.0,0.003070884,0.04359272,0.0,0.0,0.0,0.0062912363,0.019421581,0.007891223,0.0,0.0040709847,0.03282176
Ġwas,0.0,0.000114765724,0.02302205,0.0,0.0002003624,0.00087847246,0.002294124,0.027604144,0.000751846,0.00010527067,0.014416873,0.00033216513,0.0,0.0,0.00023189904,0.0,0.0006902479,0.0004671547,0.00085108547,0.0002799179,0.0,0.0,0.00058676244,0.0,0.00021553037,0.00034917032,0.00069909805,0.0005395196,0.00013372915,0.00015946398,0.00020011813,0.06983449,0.003400041,0.333894,0.0,0.0,0.0,0.0007152721,0.0002680501,0.0,0.0,0.00015241749,0.00028627162,0.0,0.0001437224,0.000558602,0.0,0.0,0.0014789958,0.004259307,0.00075336406,0.00051976985,0.0,0.0014274131,0.0009904469,0.00019108831,0.00080063054,0.0063911574,0.0005947189,0.0036149407,0.0,0.00038367993,0.0,0.0042782067,0.012948786,0.0014434583,0.0013966282,0.0,0.0,0.023672963,0.00043194284,0.0,0.0024302416,0.00025535352,0.0009978615,0.10311503,0.00032194334,0.0006160497,0.0033814057,0.00095401984,0.012061454,0.0004722081,0.009421646,0.00097238773,0.0013608285,0.0063031283,0.00031852382,0.044622764,0.0,0.0014838048,0.0020483793,0.0,0.0,0.0,0.002140838,0.0008830742,0.0007838507,0.018555678,0.004732685,0.16205242
in,0.0055064433,3.0822608e-05,0.0011094923,0.0007115885,3.540603e-05,0.0025479996,3.124741e-05,0.00041076104,0.00046976775,0.00011773849,0.0004970162,0.0002700935,0.0020672134,0.01285323,0.00015197333,0.005227906,1.9522697e-05,1.743746e-05,9.245063e-06,0.00017048488,0.0023618971,0.0035895153,0.0005029779,0.000844554,5.1778883e-05,0.0001895705,0.00063214306,0.00020923544,0.000105113955,0.0011850479,0.00017805258,0.0004220304,0.0005015964,0.001135712,0.28089035,0.0010771636,0.00566687,0.000761707,3.072734e-05,0.008738875,0.049890224,0.0004812647,6.512489e-05,0.009729494,0.00016075764,0.00013470525,0.002934306,0.0002421768,4.9174785e-05,0.00020446112,0.0003178826,7.619493e-05,0.002665041,0.00041278638,8.640293e-05,0.00029502003,0.00030669328,0.0013776891,7.192167e-05,0.00013351491,0.008368314,0.00014504661,0.0018790602,0.0009757155,0.00082316983,0.00039336414,0.00024367037,0.00059863407,0.0,0.001969008,7.2557855e-06,0.0026592817,0.001195734,4.579845e-05,6.7109875e-05,0.0020864832,3.7366204e-05,0.0002296902,6.0578965e-05,0.00010724982,0.0022472157,0.0010091835,0.00227302,0.0008444255,0.0008080913,0.00021820483,6.4864435e-05,0.0017137837,0.0085406825,0.0019084453,0.0012071332,0.31286448,0.009953192,0.0045251874,0.0002800443,0.001847747,0.00060802524,0.010601512,0.0014348137,0.086374395
Ġa,0.0,1.8997296e-05,0.0046006925,0.008359929,0.0006470406,0.00090585457,0.0001773013,0.003617031,0.0004013381,0.00012490811,0.0011752836,0.0012345142,0.0022062855,0.04530218,0.0010486522,0.019553568,0.00012508548,5.5482586e-05,0.0005833156,0.0005453281,0.09180071,0.046287403,0.0005099858,0.018328011,0.00024062481,0.0005053571,0.00042260383,0.0003996406,0.00013090357,0.0006554058,0.000372627,0.002643929,0.002802028,0.005890364,0.0,0.4359142,0.0,0.0012127085,0.00015008255,0.0,0.0,0.0006168002,0.0012039873,0.0,0.00031489163,0.00059263065,0.0040285606,0.018489065,0.0003516683,0.0019067413,0.002826792,0.002522929,0.0016469068,0.004179637,0.001151482,0.0049800933,0.00047802282,0.0022494688,0.005740447,0.0013233622,0.026079094,0.0033023783,0.006370508,0.0010382306,0.0069317203,0.0054225074,0.003529085,0.0044342536,0.0,0.0040174304,6.577018e-05,0.0070682107,0.0021263245,0.00018955518,0.00095616875,0.0034899067,0.00067451637,0.0022172322,0.00041871492,0.005512112,0.0032253205,0.001323924,0.0015681905,0.001061614,0.0011958824,0.0007957035,0.0011544297,0.00977817,0.010663984,0.002478973,0.013957735,0.0,0.008688353,0.0,0.0007101649,0.011013459,0.013171851,0.001568557,0.012022757,0.023544926
Ġc,0.01872733,2.1087466e-05,0.0010577554,0.005916725,0.00030636223,0.003336328,0.00044010225,0.0027838936,0.0016379993,0.0001725001,0.003054915,0.00045361984,0.010724198,0.006469754,0.0032962044,0.009152266,0.00016320584,9.963071e-05,0.00018017794,0.00021121916,0.0030503226,0.015716676,0.0012800886,0.011094426,0.00021807263,0.0014920534,0.0004089088,0.00038722222,0.00023828725,0.0011152494,0.000502337,0.0024890027,0.000680668,0.007318984,0.0,0.0041448637,0.2196148,0.0022415768,0.00020784537,0.0,0.0,0.00082781963,0.0011083453,0.0,0.0007436382,0.00117831,0.013969199,0.0012907019,0.00040973068,0.0035630579,0.0020830764,0.0021457742,0.0040218993,0.01949355,0.005826492,0.00224762,0.00095993327,0.0029909208,0.0018607613,0.0011452611,0.0134878,0.002624681,0.0076586874,0.0010948646,0.005379997,0.0031058565,0.002801223,0.0026691987,0.0,0.002671176,0.0002507211,0.007125232,0.005517749,0.00021143098,0.0007328727,0.005270543,0.0011121454,0.0025372214,0.0021911478,0.002809651,0.0061030257,0.0014248628,0.023775822,0.0037376008,0.0027253765,0.0015456212,0.000703845,0.011002266,0.020551773,0.0028922583,0.0057851356,0.0,0.010582335,0.23634645,0.0015045482,0.010224122,0.005876073,0.0063340794,0.014068163,0.06259925
Ġto,0.0,0.00024546674,0.0,0.0,0.0021163048,0.0,0.00049141806,0.0,0.0,0.0041323598,0.0,0.0,0.0,0.0,0.0,0.0,0.0021263473,0.0023330406,0.0011759325,0.0041649924,0.0,0.0,0.0008419994,0.0,0.0046993755,0.0,0.0,0.007164124,0.006876621,0.021136248,0.0,0.0,0.0,0.0,0.0,0.0,0.0,0.44724992,0.005607343,0.0,0.0,0.0060056457,0.02164445,0.0,0.0035127988,0.026090268,0.0,0.0,0.0011723922,0.0,0.0,0.0019752108,0.0,0.0,0.0,0.0,0.0,0.0,0.002738224,0.0,0.0,0.003264017,0.0,0.0,0.0006134056,0.0,0.0,0.0,0.0,0.0,0.00036733242,0.0,0.0,0.0029059425,0.0011463455,0.0,0.0038245206,0.0,0.0,0.0019762488,0.0,0.0071225925,0.0,0.03366947,0.0,0.0,0.0010634824,0.0,0.0,0.0,0.0,0.0,0.0,0.0,0.025372801,0.0,0.022278976,0.0,0.0016619195,0.21430548
Ġcontrol,0.0,0.0011683514,0.0,0.0,0.0053391904,0.0,0.0034831085,0.0,0.0,0.0010544737,0.0,0.0,0.0,0.0,0.0,0.0,0.013356526,0.003856428,0.00849672,0.0026880244,0.0,0.0,0.009382142,0.0,0.0041032187,0.0,0.0,0.0054500834,0.002506199,0.0026295646,0.0,0.0,0.0,0.0,0.0,0.0,0.0,0.0,0.34961343,0.0,0.0,0.0006335951,0.011028786,0.0,0.0014651832,0.0,0.0,0.0,0.008415826,0.0,0.0,0.016131444,0.0,0.0,0.0,0.0,0.0,0.0,0.01519583,0.0,0.0,0.017513653,0.0,0.0,0.003057638,0.0,0.0,0.0,0.0,0.0,0.0030705435,0.0,0.0,0.0052980445,0.0059395353,0.0,0.005689767,0.0,0.0,0.012939804,0.0,0.003264857,0.0,0.005931138,0.0,0.0,0.025553772,0.0,0.0,0.0,0.0,0.0,0.0,0.0,0.011920593,0.0,0.02974267,0.0,0.015821893,0.21150845
Ġc,0.004728006,3.9995e-05,0.00057730475,0.0027586778,0.00029053868,0.0019869907,0.0007590655,0.003170775,0.00236599,0.00037150734,0.0037001066,0.00025120715,0.0064982176,0.0023664732,0.00305821,0.0042878864,0.00049216277,0.00012712702,0.0002523891,0.00043095398,0.0018524958,0.007812702,0.0020488848,0.010428154,0.0007847129,0.0063168174,0.0018126278,0.0004721657,0.0006087078,0.0007877962,0.0010869267,0.0014948419,0.000456402,0.0018631981,0.0,0.0008593189,0.07733317,0.0010076528,0.00046148273,0.16964298,0.0,0.0009462647,0.002709601,0.0,0.0028162352,0.0010160316,0.03168413,0.001551117,0.0005787976,0.004240393,0.002659288,0.0050336476,0.001678532,0.014905877,0.004051838,0.00260944,0.00048218115,0.0065356474,0.001973581,0.002032228,0.007451867,0.006215671,0.0031669778,0.0004344844,0.0042921165,0.012121963,0.0018920061,0.0040024277,0.0,0.004135056,0.00046959144,0.0048695346,0.0040021096,0.0005377091,0.00079512974,0.0024866522,0.0033361656,0.005289454,0.0050159367,0.0030726008,0.0015023006,0.0020699746,0.029370012,0.001474922,0.0079875905,0.0021667157,0.0014967633,0.024456957,0.031102898,0.010782282,0.0018331298,0.0,0.015858795,0.20581795,0.0016171446,0.006069932,0.008812098,0.0046815267,0.012788269,0.05697388
Ġa,0.0012874565,5.5479904e-06,0.0001453087,0.0018592854,3.9142404e-05,0.0008019198,0.0003413998,0.0005941406,0.0030700674,0.00011766346,0.0012152517,2.1464617e-05,0.002542075,0.0014427652,0.0004381384,0.0010118188,0.00020520149,6.293737e-05,4.089882e-05,6.8971785e-05,0.0003764441,0.0030075344,0.00059651094,0.0049758838,0.00011830076,0.0005699658,0.0003182193,0.00020225655,0.00010952138,0.0005331874,0.0005990633,0.0005926031,0.0005746879,0.0017881426,0.0,0.00024277004,0.023632988,0.00046740155,0.00028951105,0.083624,0.4079703,0.00035183792,0.00027976616,0.20597272,0.000121532765,0.0003601738,0.0032473768,0.0005277957,0.0002718382,0.0005026382,0.0005977159,0.00063757395,0.0014019018,0.00219958,0.00052102824,0.00014976988,0.00045422482,0.005791282,0.00040716762,0.0042063035,0.0032038924,0.0007015264,0.00443627,0.00026087658,0.004497075,0.0013901434,0.00033015796,0.0010551576,0.0,0.003355984,2.211219e-05,0.004482859,0.0035982244,0.0005040281,0.00027403008,0.005161029,0.00060149835,0.002230381,0.0005778928,0.0011493971,0.0005158497,0.00066677673,0.015990976,0.0007159814,0.0021129108,0.00048689268,0.0006009246,0.017340787,0.0030180444,0.0050493693,0.00055786566,0.0,0.002828524,0.024464233,0.0010881178,0.0010198168,0.0016440034,0.0030129517,0.0094478,0.019484336
Ġof,0.0,0.0,0.0,0.0,0.0,0.0,0.0,0.0,0.0,0.0,0.0,0.0,0.0,0.0,0.0,0.0,0.0,0.0,0.0,0.0,0.0,0.0,0.0,0.0,0.0,0.0,0.0,0.0,0.0,0.0,0.0,0.0,0.0,0.0,0.0,0.0,0.0,0.0,0.0,0.0,0.0,0.39595416,0.0,0.0,0.0,0.0,0.0,0.0,0.0,0.0,0.0,0.0,0.0,0.0,0.0,0.0,0.0,0.0,0.0,0.0,0.0,0.0,0.0,0.0,0.0,0.0,0.0,0.0,0.0,0.0,0.034763776,0.0,0.0,0.0,0.0,0.0,0.0,0.0,0.0,0.0,0.0,0.0,0.0,0.0,0.0,0.0,0.0,0.0,0.0,0.0,0.0,0.0,0.0,0.0,0.0,0.0,0.0,0.0,0.0,0.5428438
Ġin,0.0,0.013831523,0.0,0.0,0.0,0.0,0.0,0.0,0.0,0.0008214557,0.0,0.0,0.0,0.0,0.0,0.0,0.005779699,0.0044930833,0.0,0.011087226,0.0,0.0,0.0,0.0,0.03364806,0.0,0.0,0.013043405,0.0012826754,0.0066849613,0.0,0.0,0.0,0.0,0.0,0.0,0.0,0.0,0.0,0.0,0.0,0.0010521519,0.25207615,0.0,0.031960186,0.0,0.0,0.0,0.0,0.0,0.0,0.0,0.0,0.0,0.0,0.0,0.0,0.0,0.0,0.0,0.0,0.0,0.0,0.0,0.0,0.0,0.0,0.0,0.0,0.0,0.0029535922,0.0,0.0,0.0038574636,0.0,0.0,0.007410809,0.0,0.0,0.0,0.0,0.03767494,0.0,0.017843332,0.0,0.0,0.0,0.0,0.0,0.0,0.0,0.0,0.0,0.0,0.024318026,0.0,0.0,0.0,0.0,0.3935812
Ġc,0.0033262586,7.455977e-05,0.0009947121,0.00320716,0.00066760386,0.000614137,0.00068514014,0.0020129,0.0050756764,0.00027831743,0.009874382,6.368082e-05,0.0017983025,0.0009756066,0.00067489385,0.0009588024,0.0016457428,0.00038916228,0.0001419324,0.00081684947,0.00045279795,0.004117543,0.0015719859,0.009030536,0.00026096738,0.0017714972,0.0019993728,0.0013427007,0.00041878922,0.0014330967,0.0009081265,0.0029219268,0.0010664978,0.0022718357,0.0,0.00089823065,0.03281429,0.0008159023,0.0011154923,0.13230692,0.0,0.0009599561,0.0019061852,0.33382615,0.00074399705,0.0011649627,0.010042962,0.0013989015,0.0020627028,0.003634493,0.00067624485,0.001567725,0.0010770347,0.0040071094,0.0020779276,0.00040660938,0.0019677728,0.007153451,0.0019768728,0.0050482084,0.005890884,0.002436472,0.004306114,0.002004589,0.008646232,0.0036582877,0.0015540526,0.0017014589,0.0,0.0035060633,0.0003151433,0.007520537,0.009783217,0.001947133,0.0026741836,0.006183096,0.0059640966,0.0018172406,0.0018475151,0.0033591983,0.0021483693,0.003027484,0.023044463,0.0019040277,0.0039395243,0.0013004076,0.004770902,0.032886464,0.014332317,0.010661683,0.0014300221,0.0,0.0077537904,0.03760843,0.004069869,0.0019531979,0.004446414,0.005876388,0.034146797,0.03662256
Ġin,0.0,0.045577537,0.0,0.0,0.0,0.0,0.0,0.0,0.0,0.0023168237,0.0,0.0,0.0,0.0,0.0,0.0,0.0056991302,0.004576254,0.0,0.06399191,0.0,0.0,0.0,0.0,0.0,0.0,0.0,0.009128435,0.0062227678,0.020370705,0.0,0.0,0.0,0.0,0.0,0.0,0.0,0.0,0.0,0.0,0.0,0.0027769145,0.0,0.0,0.35711473,0.0,0.0,0.0,0.0,0.0,0.0,0.0,0.0,0.0,0.0,0.0,0.0,0.0,0.0,0.0,0.0,0.0,0.0,0.0,0.0,0.0,0.0,0.0,0.0,0.0,0.0017688487,0.0,0.0,0.0050991056,0.0,0.0,0.0045712427,0.0,0.0,0.0,0.0,0.06742213,0.0,0.032671962,0.0,0.0,0.0,0.0,0.0,0.0,0.0,0.0,0.0,0.0,0.02285882,0.0,0.0,0.0,0.0,0.32737398
Ġof,0.0,0.00029812436,0.0,0.0,0.004581719,0.0,0.0013631774,0.0,0.0,0.0020944877,0.0,0.0,0.0,0.0,0.0,0.0,0.007404756,0.0009772354,0.0021092829,0.0016798251,0.0,0.0,0.0045943186,0.0,0.006769105,0.0,0.0,0.0021652852,0.0022259725,0.007900303,0.0,0.0,0.0,0.0,0.0,0.0,0.0,0.0,0.089399636,0.0,0.0,0.0027128474,0.0157487,0.0,0.0041099205,0.37471446,0.0,0.0,0.0010364294,0.0,0.0,0.01872271,0.0,0.0,0.0,0.0,0.0,0.0,0.0071747047,0.0,0.0,0.015335259,0.0,0.0,0.0029626128,0.0,0.0,0.0,0.0,0.0,0.00090124295,0.0,0.0,0.0071683074,0.0009837772,0.0,0.0027205397,0.0,0.0,0.007936143,0.0,0.0045774477,0.0,0.01915587,0.0,0.0,0.0040475912,0.0,0.0,0.0,0.0,0.0,0.0,0.0,0.026633726,0.0,0.038816728,0.0,0.008328481,0.18141142
Ġbal,0.0,0.00031474192,0.0047408063,0.0044379435,0.000100856814,0.0022666778,0.00028749852,0.0033924442,0.0011677152,0.00022916768,0.015900271,0.00033742233,0.014264659,0.0,0.0039100414,0.0,0.0011141428,0.00037650886,0.0002817392,0.0016850183,0.0,0.0,0.0012772273,0.0,0.00067171897,0.013854774,0.022584286,0.0018821503,0.0011594929,0.00042004802,0.011215754,0.021988587,0.00075165916,0.009352828,0.0,0.0,0.0,0.0011508674,0.0007889395,0.0,0.0,0.00015432469,0.0005705912,0.0,0.0014118558,0.0002600498,0.30255318,0.0,0.0004917378,0.0146146035,0.0012213875,0.0007336668,0.00081578764,0.013479203,0.0020255372,0.0022795447,0.006087157,0.017355843,0.002171724,0.0061767357,0.0,0.0006016876,0.0031546883,0.010305438,0.0015105593,0.0024848557,0.002482713,0.0,0.0,0.013849396,0.0007623691,0.0037322636,0.0058312793,0.0002903038,0.00052686734,0.029899845,0.0019390095,0.0036187675,0.038241625,0.0028719355,0.010209709,0.0028287694,0.024457134,0.00057596597,0.024661368,0.020025875,0.0009935622,0.040852226,0.0,0.015882358,0.0016331577,0.0,0.0,0.0,0.0011698608,0.00501223,0.0009923871,0.056981977,0.0086512705,0.054759502
Ġa,0.0,1.4731683e-05,0.0008154531,0.007169431,0.0009660072,0.00049345876,0.00022878847,0.0026006813,0.0029568756,2.301389e-05,0.0011606318,0.00043321605,0.011042365,0.0,0.00024485955,0.0,0.0003480209,0.0001409613,6.3260595e-05,0.00027545725,0.0,0.0,0.0002550552,0.0,0.00072673097,0.0011130956,0.00046410508,0.0005756785,5.1153926e-05,0.000577536,0.00012443801,0.0018190474,0.0033416185,0.0034249253,0.0,0.0,0.0,0.0037840288,0.0006422773,0.0,0.0,0.00025758805,0.002820498,0.0,0.00026952717,0.004175737,0.008436055,0.4308846,0.000411179,0.0035168228,0.0020274003,0.0005801109,0.0024843968,0.0015968576,0.0032743493,0.0037542584,0.0010325098,0.00070078473,0.0003211094,0.0012021185,0.0,0.00045195088,0.016366018,0.0004384366,0.002135819,0.0027707864,0.002796153,0.17063816,0.0,0.0023204114,9.337921e-05,0.006514859,0.0020276417,0.0005385626,0.0006816625,0.0052431524,0.0011125029,0.0042684698,0.0005446154,0.0004842443,0.0012987604,0.0011433944,0.0070298263,0.0026956433,0.0025131274,0.0010733096,0.0003641769,0.0101826275,0.044684052,0.002588954,0.008473908,0.0,0.055758476,0.0,0.0020157911,0.010944159,0.0019583392,0.0030412527,0.004834887,0.018462256
Ġgroup,0.0,0.03607134,0.0,0.0,0.03094545,0.0,0.0,0.0,0.0,0.00019784259,0.0,0.0,0.0,0.0,0.0,0.0,0.014797212,0.023398755,0.0,0.009327193,0.0,0.0,0.0,0.0,0.0032704764,0.0,0.0,0.04156164,0.0004433918,0.003353301,0.0,0.0,0.0,0.0,0.0,0.0,0.0,0.0,0.0,0.0,0.0,0.00021505338,0.025973508,0.0,0.003149465,0.0,0.0,0.0,0.2429014,0.0,0.0,0.0,0.0,0.0,0.0,0.0,0.0,0.0,0.0,0.0,0.0,0.0,0.0,0.0,0.0,0.0,0.0,0.0,0.0,0.0,0.013981783,0.0,0.0,0.002599983,0.3475057,0.0,0.0060559814,0.0,0.0,0.0,0.0,0.01726924,0.0,0.006278955,0.0,0.0,0.0,0.0,0.0,0.0,0.0,0.0,0.0,0.0,0.0052318615,0.0,0.0,0.0,0.0,0.08516035
RC,0.0,7.7637254e-05,0.0,0.0,0.00014574251,0.0,0.00028950133,0.0,0.002014271,9.029108e-05,0.0,0.00045218584,0.0,0.0,0.0,0.0,0.00033691485,0.00015557132,5.7953628e-05,0.00038976097,0.0,0.0,0.00023450603,0.0,0.00070042885,0.0015613069,0.001086941,0.00056726113,0.00012654361,0.0005607828,0.0,0.0,0.0,0.0,0.0,0.0,0.0,0.00076583395,0.00031034232,0.0,0.0,9.940833e-05,0.0014122018,0.0,0.00050211325,0.0003577968,0.0,0.0,0.00052146957,0.3115744,0.0,0.00014200462,0.0,0.0,0.0,0.001111719,0.002523524,0.0,0.00037897355,0.0,0.0,0.00017829986,0.0,0.014945212,0.0021407078,0.0,0.021782925,0.0,0.0,0.0,0.00026104317,0.0,0.010900258,0.00012434303,0.000571599,0.0,0.00029666087,0.0008121209,0.14433534,0.00081644993,0.013403485,0.0020420486,0.0,0.0012671384,0.0026765738,0.28304133,0.00017338393,0.0,0.0,0.010324111,0.015508112,0.0,0.0,0.0,0.0027115683,0.0055874945,0.00043386372,0.0,0.008108519,0.071733035
Ġin,0.0,7.022604e-05,0.0,0.0,0.004389414,0.0,0.00067939365,0.0,0.00094008446,0.00053683296,0.0,0.007299884,0.0,0.0,0.0030299393,0.0,0.00077368924,0.00095437426,0.00029211567,0.00055887847,0.0,0.0,0.00086435163,0.0,0.0072208573,0.0030744844,0.0010934215,0.0012590186,0.0010054605,0.0012448663,0.0016747674,0.0,0.0,0.0,0.0,0.0,0.0,0.0064201592,0.0009794182,0.0,0.0,0.0005846516,0.008706602,0.0,0.0013080689,0.005490639,0.0,0.0,0.00038319634,0.0024575556,0.5061092,0.0064337137,0.0,0.0052830684,0.0048229094,0.050749972,0.0014944382,0.0130279455,0.0005452468,0.002405306,0.0,0.0034258696,0.0,0.0009047682,0.0016918704,0.0,0.007332824,0.0,0.0,0.030256342,0.00042768478,0.0,0.0032877342,0.0013908766,0.0005030527,0.0,0.00057911564,0.016803173,0.0038057198,0.001362316,0.0026977973,0.0022063109,0.0,0.0028002202,0.004381817,0.002810093,0.00052950555,0.0,0.0,0.0025387632,0.017641813,0.0,0.0,0.0,0.0042954795,0.04818075,0.007431214,0.0,0.0036427872,0.08149064
Ġthree,0.0,0.0010107815,0.0,0.0,0.0064620585,0.0,0.0021814273,0.0,0.0,0.008140418,0.0,0.0,0.0,0.0,0.0,0.0,0.0061334195,0.0063757766,0.023286706,0.006325809,0.0,0.0,0.0,0.0,0.005527783,0.0,0.0,0.0031713485,0.0077590197,0.011732967,0.0,0.0,0.0,0.0,0.0,0.0,0.0,0.0,0.0,0.0,0.0,0.0029810423,0.0124914115,0.0,0.01039929,0.0,0.0,0.0,0.0020780247,0.0,0.0,0.18519513,0.0,0.0,0.0,0.0,0.0,0.0,0.03628826,0.0,0.0,0.18018584,0.0,0.0,0.005841563,0.0,0.0,0.0,0.0,0.0,0.0015419597,0.0,0.0,0.0066852462,0.0014985469,0.0,0.012441644,0.0,0.0,0.023570169,0.0,0.0076417364,0.0,0.020240998,0.0,0.0,0.0,0.0,0.0,0.0,0.0,0.0,0.0,0.0,0.016484646,0.0,0.20296098,0.0,0.010002487,0.12632237
Ġin,0.0,2.5339421e-05,0.00055836915,0.038405195,0.0015850527,0.008619626,0.00034053382,0.003837355,0.0011958599,0.0007095791,0.0026497631,0.0017119818,0.0,0.0,0.0015026031,0.0,0.0009879681,0.0005651434,0.0005585282,0.00047779342,0.0,0.0,0.0018179211,0.0,0.00063367886,0.0017988341,0.0004879681,0.0009027591,0.0020714446,0.0011410208,0.0010846972,0.0036316905,0.002189203,0.0082188,0.0,0.0,0.0,0.019914348,0.0007746298,0.0,0.0,0.0011471953,0.0014112964,0.0,0.00034346757,0.003009105,0.0,0.0,0.0005044508,0.0003706994,0.015336848,0.008317678,0.43178898,0.0025052605,0.0014205156,0.030240776,0.0008460821,0.00082705065,0.0010066751,0.00046372967,0.0,0.0045565874,0.0,0.00032889927,0.00060498744,0.043644648,0.001966364,0.0,0.0,0.0019200586,0.00042335462,0.009325132,0.0016145225,0.0018763758,0.00065789546,0.0081792055,0.0020908825,0.023015372,0.0005665308,0.0009415613,0.0008467012,0.0022096126,0.0034009246,0.0023462493,0.0054105734,0.0002712736,0.0016078402,0.019880816,0.0,0.0010931477,0.0036812078,0.0,0.0,0.0,0.0033634154,0.02795833,0.01077989,0.0019075248,0.0017800011,0.08769952
Ġand,0.0,8.351209e-05,0.0,0.0,0.00015139834,0.0,0.00036863852,0.0,0.0017347545,0.00064661936,0.0,0.00057335716,0.0,0.0,0.0,0.0,0.0011561651,0.0004784292,0.00024022748,0.0012357334,0.0,0.0,0.00022726652,0.0,0.0009741543,0.0112552615,0.0054850504,0.0012623606,0.0007067405,0.0017079731,0.0,0.0,0.0,0.0,0.0,0.0,0.0,0.0018097258,0.00011223524,0.0,0.0,0.00077992934,0.0023301882,0.0,0.003438631,0.0003548859,0.0,0.0,0.0003959458,0.078560315,0.0,0.0006267662,0.0,0.38085636,0.037162468,0.0018302395,0.003507626,0.0,0.0022086208,0.045215312,0.0,0.001227242,0.0,0.0117639955,0.0022278249,0.0,0.003790493,0.0,0.0,0.0,0.0007406294,0.0,0.005131575,0.00065440557,0.00038639727,0.0,0.004124048,0.0050080055,0.032794185,0.0033323222,0.010128457,0.0035288075,0.0,0.00339113,0.017249959,0.02164333,0.00017752583,0.0,0.0,0.010160363,0.002130449,0.0,0.0,0.0,0.0034986725,0.0061683813,0.002459189,0.0,0.0072332043,0.21414551
Ġby,0.0,1.8609728e-05,0.0,0.0,0.0002885396,0.0,0.00038555232,0.0,0.0021810303,0.0004621878,0.0,0.0017570581,0.0,0.0,0.0,0.0,0.00057503994,0.0014968645,0.00017241914,0.00011793046,0.0,0.0,0.0001309923,0.0,0.0012333026,0.005869078,0.000562534,0.00021835256,0.00042532608,0.00043020555,0.0,0.0,0.0,0.0,0.0,0.0,0.0,0.008649731,0.00027703683,0.0,0.0,0.0012689424,0.0039643957,0.0,0.0005852265,0.0013932764,0.0,0.0,0.0001793048,0.04311413,0.0,0.00043074728,0.0,0.0,0.36930385,0.0053994562,0.0006706098,0.0,0.0010057824,0.0,0.0,0.0006689347,0.0,0.0030219448,0.0009741445,0.0,0.0037813096,0.0,0.0,0.0,0.0025649285,0.0,0.0034876042,0.0006961239,0.00013241025,0.0,0.007600988,0.005047122,0.011658164,0.0010616577,0.004612488,0.0008544891,0.0,0.006649169,0.0025202597,0.015709743,5.524496e-05,0.0,0.0,0.006497103,0.0067362892,0.0,0.0,0.0,0.0066691427,0.008227538,0.0021964915,0.0,0.003272048,0.38695043
Ġin,0.0,3.7618047e-05,0.0,0.0,0.0023141133,0.0,0.0003380188,0.0,0.0036519612,0.0026674988,0.0,0.04761471,0.0,0.0,0.0,0.0,0.00032067136,0.00013154541,0.00047852535,0.0005390225,0.0,0.0,0.0031481683,0.0,0.0036502483,0.006795139,0.0010983,0.0004248937,0.0027634227,0.0022059102,0.0,0.0,0.0,0.0,0.0,0.0,0.0,0.0086528985,0.00036394186,0.0,0.0,0.0032764315,0.0038452612,0.0,0.0013447761,0.0027044949,0.0,0.0,0.00034273238,0.0,0.0,0.0071075456,0.0,0.0,0.0,0.38583073,0.0019177512,0.0,0.0013299738,0.0,0.0,0.005015269,0.0,0.004340687,0.0014312132,0.0,0.0,0.0,0.0,0.0,0.0035819786,0.0,0.0047285683,0.0015535866,0.0003561403,0.0,0.0026609867,0.045459867,0.0,0.0017956761,0.011944319,0.0031694071,0.0,0.0017232894,0.0072339275,0.0,0.0010709126,0.0,0.0,0.005464238,0.094675794,0.0,0.0,0.0,0.0024574548,0.14467178,0.0075553902,0.0,0.0037249045,0.090003625
age,0.0,0.00013409322,0.0,0.0,0.00035562762,0.0,0.006817503,0.0,0.020147366,7.8411926e-05,0.0,0.0,0.0,0.0,0.0,0.0,0.00077232905,0.0005699573,0.0016020499,0.00065348204,0.0,0.0,0.0017303699,0.0,0.00017477699,0.05387358,0.010656088,0.0018075673,0.00013685354,0.00049747655,0.0,0.0,0.0,0.0,0.0,0.0,0.0,0.0011610353,0.0015717557,0.0,0.0,0.000291513,0.0013520623,0.0,0.0003011775,0.00063291553,0.0,0.0,0.00623733,0.0,0.0,0.0002007728,0.0,0.0,0.0,0.0,0.38424805,0.0,0.0006626871,0.0,0.0,0.00037155996,0.0,0.0,0.012228284,0.0,0.0,0.0,0.0,0.0,0.00044730256,0.0,0.0,0.0008831166,0.004612124,0.0,0.0012049605,0.0062040216,0.0,0.0021170748,0.0,0.00075513124,0.0,0.00158095,0.041556638,0.0,0.0041020475,0.0,0.0,0.18866318,0.0,0.0,0.0,0.0,0.0020320818,0.0,0.0021912947,0.0,0.023149012,0.065052204
Ġtechnique,0.0,0.00012235083,0.0,0.0,9.770457e-05,0.0,0.0007051569,0.0,0.002784105,8.823868e-05,0.0,0.00024178495,0.0,0.0,0.011784074,0.0,0.0009693116,0.00033056454,0.00015259441,0.00055889634,0.0,0.0,0.0009161119,0.0,0.0004407695,0.0023786041,0.002442872,0.0010636529,0.00016417989,0.0011294249,0.01948944,0.0,0.0,0.0,0.0,0.0,0.0,0.00013458989,0.0002713597,0.0,0.0,4.9598537e-05,0.0011726433,0.0,0.00106271,0.00011802147,0.0,0.0,0.00094376435,0.05084491,0.0,0.0010047416,0.0,0.035786524,0.0034843856,0.0012613862,0.0014130055,0.25546315,0.0009448531,0.17591807,0.0,0.0015657201,0.0,0.010843004,0.0050446684,0.0,0.011033974,0.0,0.0,0.0,0.00025168466,0.0,0.019362386,0.00034477643,0.0014190812,0.0,0.0012121422,0.0018836113,0.06925234,0.0016406431,0.0132393,0.0016572153,0.0,0.0005332164,0.0031620169,0.073772065,0.0017890596,0.0,0.0,0.04250149,0.006702115,0.0,0.0,0.0,0.001157846,0.0024640413,0.0019003663,0.0,0.0150968535,0.06280753
Ġthen,0.0,0.001975672,0.0,0.0,0.0011154407,0.0,0.0049095615,0.0,0.0,0.0017289041,0.0,0.0,0.0,0.0,0.0,0.0,0.020343114,0.0054421243,0.0,0.0031183376,0.0,0.0,0.0,0.0,0.0013661374,0.0,0.0,0.006351122,0.0016124082,0.0005471629,0.0,0.0,0.0,0.0,0.0,0.0,0.0,0.0,0.0,0.0,0.0,0.000463311,0.00222131,0.0,0.00070148037,0.0,0.0,0.0,0.0052190856,0.0,0.0,0.0,0.0,0.0,0.0,0.0,0.0,0.0,0.3372161,0.0,0.0,0.0,0.0,0.0,0.008766219,0.0,0.0,0.0,0.0,0.0,0.0043763784,0.0,0.0,0.0037107766,0.00346632,0.0,0.014460827,0.0,0.0,0.26093203,0.0,0.0068447785,0.0,0.0033405079,0.0,0.0,0.0,0.0,0.0,0.0,0.0,0.0,0.0,0.0,0.008843445,0.0,0.0,0.0,0.022203295,0.24399471
ography,0.0,2.2659757e-05,0.0,0.0,5.83997e-05,0.0,0.0003286874,0.0,0.005109023,0.00017776682,0.0,0.00059212086,0.0,0.0,0.0,0.0,0.00022662904,0.00028431884,0.00012517374,0.0001302756,0.0,0.0,0.00016320504,0.0,0.00028707602,0.0006482664,0.0003299045,0.00032291756,0.000107903776,0.0008689542,0.0,0.0,0.0,0.0,0.0,0.0,0.0,0.00063007046,0.00016705813,0.0,0.0,0.00023367265,0.00055923883,0.0,0.00025904295,0.00018326235,0.0,0.0,0.0005158784,0.14498448,0.0,0.00066265935,0.0,0.0,0.019630484,0.001411365,0.0004955933,0.0,0.0008217253,0.29537442,0.0,0.00088848535,0.0,0.006241506,0.0050528822,0.0,0.017602388,0.0,0.0,0.0,0.00067714375,0.0,0.004765956,0.000120982455,0.0005361621,0.0,0.0004251301,0.0041569285,0.0863736,0.0015184619,0.0074898005,0.0006173313,0.0,0.0011926576,0.00170323,0.23388615,0.00049799535,0.0,0.0,0.02133198,0.01657514,0.0,0.0,0.0,0.00055591064,0.0045226174,0.001377792,0.0,0.013154697,0.036784314
ages,0.0,4.081234e-05,0.005015226,0.0033924864,0.00012703874,0.0017071838,0.0003533259,0.002580629,0.0013584816,2.5745274e-05,0.0014805497,0.00023475055,0.006728549,0.0,0.0014295677,0.0,8.329275e-05,8.975004e-05,3.843087e-05,0.00016907617,0.0,0.0,0.00025445057,0.0652364,0.00016903391,0.00043514383,0.00053496123,0.0010729792,2.720213e-05,0.0016880445,0.0010309563,0.010554249,0.00046171373,0.011435626,0.0,0.0,0.0,0.0008101412,4.4138174e-05,0.0,0.0,0.0002091802,0.00024462034,0.0,0.00047122204,0.00026430274,0.008096253,0.0047956454,0.0003343404,0.0036518418,0.00058280036,0.00019058347,0.0009903181,0.0050959396,0.0019483548,0.00047016493,0.00059176196,0.0022374946,0.00032860524,0.0014211697,0.45807853,0.00025274794,0.0020300434,0.0021345692,0.006878127,0.0008258874,0.0010160662,0.0027245658,0.0,0.005492787,6.978524e-05,0.0045174137,0.0025332961,8.899608e-05,0.00060594827,0.018850751,0.0002191711,0.0008091355,0.0015029939,0.00047038533,0.009550575,0.00048584348,0.004588931,0.0019633183,0.0008273513,0.0030168735,6.119137e-05,0.012681588,0.071097784,0.0041233613,0.0016367729,0.0,0.07475926,0.0,0.00077169534,0.0022524449,0.0009914808,0.012754814,0.0050460044,0.056479845
Ġthe,0.0,0.0019875823,0.0,0.0,0.0049872105,0.0,0.005358799,0.0,0.0,0.006056819,0.0,0.0,0.0,0.0,0.0,0.0,0.0057419604,0.0049493834,0.046650022,0.008798895,0.0,0.0,0.0,0.0,0.005248694,0.0,0.0,0.002907756,0.0066883494,0.009929581,0.0,0.0,0.0,0.0,0.0,0.0,0.0,0.0,0.0,0.0,0.0,0.004069307,0.020031853,0.0,0.01432236,0.0,0.0,0.0,0.0040003536,0.0,0.0,0.0,0.0,0.0,0.0,0.0,0.0,0.0,0.025919316,0.0,0.0,0.2516468,0.0,0.0,0.008547006,0.0,0.0,0.0,0.0,0.0,0.003663622,0.0,0.0,0.0032166287,0.0030984313,0.0,0.011415408,0.0,0.0,0.019916294,0.0,0.00858625,0.0,0.01569457,0.0,0.0,0.0,0.0,0.0,0.0,0.0,0.0,0.0,0.0,0.009992196,0.0,0.23480152,0.0,0.018133784,0.18731925
Ġa,0.0,8.959699e-06,0.0014087105,0.06804848,0.00045158275,0.005180096,0.00015800683,0.0048766425,0.0015283886,0.00018557793,0.0051949974,0.00079752924,0.0,0.0,0.0010198998,0.0,0.00026570293,0.0002762216,0.00054368126,0.00017397484,0.0,0.0,0.0014191703,0.0,0.00015822986,0.0018804199,0.00041363479,0.00027443768,0.0005030122,0.00038992253,0.00061997154,0.011494108,0.0029766625,0.0251802,0.0,0.0,0.0,0.017100766,0.00037862503,0.0,0.0,0.00037794857,0.0005127141,0.0,9.746065e-05,0.0014894444,0.0,0.0,0.00025943594,0.0007487515,0.0032657017,0.0036756021,0.22720376,0.0024999825,0.0012357447,0.008483942,0.00057632534,0.002266848,0.0017465003,0.0011826775,0.0,0.0023919854,0.31033382,0.00055418134,0.00076002284,0.013314696,0.0017728053,0.0,0.0,0.003348284,7.023617e-05,0.01703495,0.0019145194,0.00056659314,0.000416656,0.04641195,0.0016369522,0.009362649,0.00039008394,0.00117674,0.0014601799,0.00092510466,0.0048203846,0.00157116,0.0043279342,0.00036754986,0.0009372073,0.056047454,0.0,0.0023241376,0.0062024095,0.0,0.0,0.0,0.0018118303,0.013753378,0.007727966,0.0041735196,0.004165881,0.017711569
ĠRL,0.0,0.004159429,0.0,0.0,0.0004069069,0.0,0.0059167054,0.0,0.010088639,0.0007254744,0.0,0.0,0.0,0.0,0.0,0.0,0.0026051716,0.0019024865,0.0020168216,0.011035398,0.0,0.0,0.0060284077,0.0,0.0008996709,0.011078,0.012299844,0.0070981663,0.0008095289,0.0045136423,0.0,0.0,0.0,0.0,0.0,0.0,0.0,0.0033452979,0.0015912896,0.0,0.0,0.001679025,0.0025834169,0.0,0.004674628,0.0010232361,0.0,0.0,0.010111687,0.0,0.0,0.0008155927,0.0,0.0,0.0,0.0,0.026617656,0.0,0.0018292161,0.0,0.0,0.0034918978,0.0,0.32301122,0.013302622,0.0,0.0,0.0,0.0,0.0,0.0022615762,0.0,0.112871535,0.0010045881,0.0060008387,0.0,0.002420036,0.0069189314,0.0,0.0031859288,0.0,0.015886854,0.0,0.0064644087,0.033739824,0.0,0.0023417426,0.0,0.0,0.040150955,0.0,0.0,0.0,0.0,0.008581953,0.0,0.0067522023,0.0,0.026673872,0.18292446
Ġwas,0.0,0.045982797,0.0,0.0,0.004745584,0.0,0.0,0.0,0.0,0.0002417167,0.0,0.0,0.0,0.0,0.0,0.0,0.006742976,0.011086764,0.0,0.0076746363,0.0,0.0,0.0,0.0,0.0032971539,0.0,0.0,0.01820278,0.00018522645,0.0014195197,0.0,0.0,0.0,0.0,0.0,0.0,0.0,0.0,0.0,0.0,0.0,0.00036653335,0.011305868,0.0,0.0034740167,0.0,0.0,0.0,0.105819285,0.0,0.0,0.0,0.0,0.0,0.0,0.0,0.0,0.0,0.0,0.0,0.0,0.0,0.0,0.0,0.37433696,0.0,0.0,0.0,0.0,0.0,0.0148573145,0.0,0.0,0.0013184346,0.05970734,0.0,0.00732237,0.0,0.0,0.0,0.0,0.016354255,0.0,0.005386531,0.0,0.0,0.0,0.0,0.0,0.0,0.0,0.0,0.0,0.0,0.005970591,0.0,0.0,0.0,0.0,0.23722813
Ġbetween,0.0,0.00012534077,0.0042485986,0.0,0.010662987,0.012851129,0.0019245596,0.028074212,0.0024497646,0.0025675343,0.0,0.0036033716,0.0,0.0,0.004541146,0.0,0.0019581453,0.0005676704,0.0009907596,0.0013892852,0.0,0.0,0.0011533253,0.0,0.0033069884,0.0051465803,0.0028160526,0.0019566042,0.0030127335,0.0019816675,0.0019137436,0.0,0.00087099365,0.0,0.0,0.0,0.0,0.009343066,0.000640655,0.0,0.0,0.0050649424,0.007011679,0.0,0.0028297207,0.0053429636,0.0,0.0,0.0029439542,0.0010657811,0.005842815,0.019313063,0.0,0.0060589714,0.004137994,0.01855719,0.0010463739,0.0012509257,0.0027480396,0.0012799135,0.0,0.012496933,0.0,0.001184434,0.004125245,0.37354204,0.0019084228,0.0,0.0,0.0015089994,0.0040996973,0.0,0.0009571867,0.006485643,0.002214942,0.0,0.007626753,0.06372329,0.003266099,0.00349589,0.00091976975,0.0015799487,0.0053664055,0.0019936513,0.016440565,0.0008134035,0.002245849,0.0,0.0,0.0030818689,0.0023435014,0.0,0.0,0.0,0.004283448,0.01642994,0.013907375,0.005613097,0.0054118973,0.14314678
Ġb,0.0,0.00020801244,0.0,0.0,0.000813616,0.0,0.0007170911,0.0,0.004949923,0.0006839064,0.0,0.009248964,0.0,0.0,0.0,0.0,0.0009803638,0.00039756912,0.00024324826,0.0034308243,0.0,0.0,0.005425935,0.0,0.002761302,0.007610822,0.003521134,0.001508482,0.0011445301,0.0016274997,0.0,0.0,0.0,0.0,0.0,0.0,0.0,0.002633297,0.0008086945,0.0,0.0,0.0009832894,0.0039117737,0.0,0.0038285549,0.0011882557,0.0,0.0,0.0016908897,0.0,0.0,0.0023407964,0.0,0.0,0.0,0.029223355,0.00890623,0.0,0.00085408683,0.0,0.0,0.0026353982,0.0,0.03517972,0.002741826,0.0,0.3138276,0.0,0.0,0.0,0.0009503181,0.0,0.048319142,0.0016670905,0.0016888084,0.0,0.0020601756,0.0064428695,0.0,0.0012191061,0.031824052,0.012368366,0.0,0.00454516,0.014110967,0.0,0.0021913408,0.0,0.0,0.027223086,0.21107008,0.0,0.0,0.0,0.0084443325,0.07408909,0.0055215303,0.0,0.0100569185,0.029265229
Ġin,0.0,3.725245e-05,0.00040289125,0.0025130948,0.0030356469,0.0034970536,0.00043327035,0.0028688814,0.0016130188,0.00016621438,0.0009051725,0.0014951164,0.003565044,0.0,0.0009149885,0.0,0.0010913019,0.0007205104,0.00014873633,0.0008791029,0.0,0.0,0.00025972506,0.0,0.0047640996,0.0022570074,0.00091757113,0.0019772537,0.0005856856,0.0015548189,0.00051220704,0.0005388392,0.0029795251,0.00090247276,0.0,0.0,0.0,0.010672353,0.0016043204,0.0,0.0,0.0007433393,0.0071379594,0.0,0.0011245613,0.0050086556,0.008570206,0.0,0.0011286635,0.0020698116,0.015390869,0.0019669333,0.013777938,0.0024697646,0.00709951,0.0128006255,0.0011757079,0.00051430915,0.0002683582,0.0007160674,0.0,0.0014488761,0.012188566,0.00019058789,0.0010577049,0.030640759,0.0018651618,0.44349182,0.0,0.0010563943,0.00033473564,0.004519808,0.0010622871,0.00133203,0.0012683285,0.0012422986,0.0012971475,0.015751755,0.0009025244,0.0003672296,0.0002630632,0.0013874281,0.0046008117,0.0035931917,0.0048988652,0.00054267165,0.0004133863,0.0072974293,0.011129329,0.0016668631,0.00281618,0.0,0.01411949,0.0,0.0027414833,0.018288687,0.005070156,0.0016676206,0.0012566068,0.09993079
abstract,5.288141e-05,2.0446965e-05,0.00016609552,0.0003492384,0.0012222945,0.0003934534,0.00034298626,0.0010019727,0.00036677788,0.0068196584,0.00023040781,0.00013747273,0.00010586862,0.00011061646,0.00019908645,0.000406917,0.0008043518,0.0003176548,0.00059156463,0.0007662365,0.00030526228,0.00016028581,0.00016036486,8.235014e-05,0.00059030764,0.0024177858,0.0008256633,0.00014123756,0.0060808347,0.00049407827,5.9231206e-05,0.000119162025,2.5876172e-05,0.00044679648,0.00015309508,3.722134e-05,0.0007265309,0.00404424,0.00015913692,0.0015860007,0.00052321603,0.020630611,0.0033826646,0.0007126285,0.0010393334,0.0010120864,0.0010822549,2.9985156e-05,0.00017152786,0.00038856242,0.00050957385,0.002294524,0.0007498234,0.00065136346,0.0010304877,0.0008719898,0.000675977,0.00022501417,0.00321799,0.00014885697,9.256271e-05,0.0021363823,0.00029132108,0.0002959522,0.0017153538,0.0035575584,0.00023671139,0.0006239638,0.6616257,0.000157227,0.0023379773,0.0011747476,0.0012695557,0.0032111874,0.00016700565,0.00030971333,0.007204791,0.005630341,0.0008313279,0.0043708626,0.00091424974,0.0038186219,0.00076855614,0.007938778,0.005943063,0.0002676902,0.00041026904,0.0014491593,0.0004871332,0.0026162025,0.00045083527,0.00086937746,0.00018417757,0.00093729893,0.014678702,0.0036032544,0.00996779,0.00046904516,0.0048911325,0.11639357
Ġwas,0.0,0.00046620067,0.0,0.0,0.0002446446,0.0,0.0013706059,0.0,0.0013713461,0.00036986393,0.0,0.00067956117,0.0,0.0,0.0055973725,0.0,0.0011500117,0.000905315,0.00035372132,0.0010092162,0.0,0.0,0.0013098648,0.0,0.0012242261,0.0012187887,0.003276019,0.0015970992,0.00025207872,0.0006330532,0.011352711,0.0,0.0,0.0,0.0,0.0,0.0,0.0002575959,0.00043167165,0.0,0.0,0.00017078423,0.00095311226,0.0,0.0012338414,0.0004494479,0.0,0.0,0.00101195,0.013714027,0.0,0.0020038455,0.0,0.008894296,0.003070514,0.0018614944,0.0008419581,0.10351797,0.0016409842,0.029434713,0.0,0.0016858293,0.0,0.013863011,0.01747461,0.0,0.008825017,0.0,0.0,0.35305625,0.00092355994,0.0,0.0038422057,0.0005506021,0.000752314,0.0,0.0012341932,0.0014309778,0.024625558,0.00311533,0.054916337,0.0019750367,0.0,0.0010199572,0.0016883207,0.04952438,0.00095535454,0.0,0.0,0.00737439,0.0075709885,0.0,0.0,0.0,0.0017588626,0.0019288922,0.0016535581,0.0,0.007430015,0.15206903
Ġmodel,0.0,0.0,0.0,0.0,0.0,0.0,0.0,0.0,0.0,0.0,0.0,0.0,0.0,0.0,0.0,0.0,0.0,0.0,0.0,0.0,0.0,0.0,0.0,0.0,0.0,0.0,0.0,0.0,0.0,0.0,0.0,0.0,0.0,0.0,0.0,0.0,0.0,0.0,0.0,0.0,0.0,0.0,0.0,0.0,0.0,0.0,0.0,0.0,0.0,0.0,0.0,0.0,0.0,0.0,0.0,0.0,0.0,0.0,0.0,0.0,0.0,0.0,0.0,0.0,0.0,0.0,0.0,0.0,0.0,0.0,0.47849402,0.0,0.0,0.0,0.0,0.0,0.0,0.0,0.0,0.0,0.0,0.0,0.0,0.0,0.0,0.0,0.0,0.0,0.0,0.0,0.0,0.0,0.0,0.0,0.0,0.0,0.0,0.0,0.0,0.39154074
Ġcm,0.0,1.29735035e-05,0.002829437,0.0,0.0002460143,0.0043570353,0.000346293,0.016469402,0.00026540091,0.00021010796,0.01593012,0.000845176,0.0,0.0,0.000972351,0.0,0.0004668173,0.00040954354,0.00028672858,7.0560105e-05,0.0,0.0,0.0001542175,0.0,0.0002582838,0.00030609165,0.00090040313,0.00020203929,0.0002907868,0.00028707058,0.000315877,0.020205267,0.002907679,0.10068398,0.0,0.0,0.0,0.0038392278,0.0002842016,0.0,0.0,0.00046311025,0.00065528625,0.0,0.00015082864,0.0019073471,0.0,0.0,0.00012515018,0.009227919,0.0041716993,0.0006832978,0.0,0.004208887,0.0066346726,0.00080760085,0.0004794643,0.007955582,0.00020677893,0.0029803552,0.0,0.00038607873,0.0,0.0008202553,0.00091247796,0.0070689362,0.0005200594,0.0,0.0,0.007647874,0.00016677161,0.41255122,0.0017511292,0.000328679,7.218808e-05,0.10292275,0.00017797617,0.0011052025,0.0024306702,0.00022406406,0.0007057714,0.00016604911,0.017463408,0.0040408205,0.00161894,0.003469735,0.00017864643,0.029882977,0.0,0.0017119917,0.0042643966,0.0,0.0,0.0,0.0066531575,0.008423798,0.0011963367,0.019282576,0.00076888606,0.062654756
Ġanalyses,0.0,0.00017065681,0.0,0.0,0.00048520465,0.0,0.007400347,0.0,0.035188727,0.00039217237,0.0,0.0,0.0,0.0,0.0,0.0,0.0010026615,0.00017356743,0.0032214217,0.0008399907,0.0,0.0,0.0071549197,0.0,0.00015726089,0.026454108,0.005722593,0.00067328155,0.00028050243,0.0015230763,0.0,0.0,0.0,0.0,0.0,0.0,0.0,0.0022998233,0.0011080451,0.0,0.0,0.0024120973,0.002276565,0.0,0.0008790589,0.0016898152,0.0,0.0,0.002730837,0.0,0.0,0.0012575713,0.0,0.0,0.0,0.0,0.033311043,0.0,0.0024017745,0.0,0.0,0.0039347666,0.0,0.0,0.011608196,0.0,0.0,0.0,0.0,0.0,0.001153086,0.0,0.3663158,0.0023184128,0.0022480527,0.0,0.0025028414,0.022348221,0.0,0.005910219,0.0,0.0027763837,0.0,0.0036724028,0.047794815,0.0,0.005480071,0.0,0.0,0.223954,0.0,0.0,0.0,0.0,0.0053734365,0.0,0.019590126,0.0,0.040161937,0.039729774
Ġexposing,0.0,0.0,0.0,0.0,0.0,0.0,0.0,0.0,0.0,0.010722193,0.0,0.0,0.0,0.0,0.0,0.0,0.0,0.0,0.0,0.0,0.0,0.0,0.0,0.0,0.0,0.0,0.0,0.0,0.008164099,0.0,0.0,0.0,0.0,0.0,0.0,0.0,0.0,0.0,0.0,0.0,0.0,0.015855422,0.0,0.0,0.0,0.0,0.0,0.0,0.0,0.0,0.0,0.0,0.0,0.0,0.0,0.0,0.0,0.0,0.0,0.0,0.0,0.0,0.0,0.0,0.0,0.0,0.0,0.0,0.0,0.0,0.0052277646,0.0,0.0,0.42953125,0.0,0.0,0.038911004,0.0,0.0,0.0,0.0,0.0,0.0,0.0,0.0,0.0,0.0,0.0,0.0,0.0,0.0,0.0,0.0,0.0,0.0,0.0,0.0,0.0,0.0,0.43219256
Ġsheep,0.0,0.0627667,0.0,0.0,0.050497524,0.0,0.0,0.0,0.0,0.00018166793,0.0,0.0,0.0,0.0,0.0,0.0,0.012657048,0.034868896,0.0,0.009232139,0.0,0.0,0.0,0.0,0.0028611154,0.0,0.0,0.053500853,0.00054131466,0.0029066897,0.0,0.0,0.0,0.0,0.0,0.0,0.0,0.0,0.0,0.0,0.0,0.00012949885,0.026165904,0.0,0.002239436,0.0,0.0,0.0,0.0,0.0,0.0,0.0,0.0,0.0,0.0,0.0,0.0,0.0,0.0,0.0,0.0,0.0,0.0,0.0,0.0,0.0,0.0,0.0,0.0,0.0,0.017417522,0.0,0.0,0.0017426164,0.5100879,0.0,0.0025784061,0.0,0.0,0.0,0.0,0.026586544,0.0,0.003348535,0.0,0.0,0.0,0.0,0.0,0.0,0.0,0.0,0.0,0.0,0.0023015023,0.0,0.0,0.0,0.0,0.08817007
Ġvolume,0.0,1.3474563e-05,0.009917964,0.0,0.000106518346,0.0008487755,0.0005097535,0.012016858,0.00081818923,6.29357e-06,0.026693204,0.00011888852,0.0,0.0,9.3973955e-05,0.0,8.72627e-05,5.4693748e-05,6.52775e-05,2.8572345e-05,0.0,0.0,0.00016166455,0.0,8.187117e-05,0.00034483487,0.0004704922,8.943939e-05,1.5219036e-05,3.3421155e-05,9.46794e-05,0.21169758,0.0009339942,0.0,0.0,0.0,0.0,0.00029748445,0.00010888723,0.0,0.0,1.4325405e-05,0.00012140438,0.0,1.6703541e-05,0.00015168957,0.0,0.0,0.0006886389,0.0040291967,0.0004527744,5.4682692e-05,0.0,0.0005148816,0.0005931308,0.00014620624,0.0005245455,0.004630277,8.2311e-05,0.004022837,0.0,6.367031e-05,0.0,0.003109513,0.001881451,0.0014787776,0.0004077759,0.0,0.0,0.00458211,5.5428623e-05,0.0,0.0016208724,6.075417e-05,0.00046761704,0.43439513,6.984698e-05,0.0005076015,0.0038236198,0.00014626404,0.0024460466,5.5489552e-05,0.008400655,7.4170486e-05,0.0007411149,0.0050690537,0.00014519578,0.0947024,0.0,0.0020167131,0.0007174762,0.0,0.0,0.0,0.00038883113,0.000451511,0.00010837214,0.045149866,0.003269288,0.049250875
Ġby,0.0,0.0,0.0,0.0,0.0,0.0,0.0,0.0,0.0,0.00598058,0.0,0.0,0.0,0.0,0.0,0.0,0.0,0.0,0.0,0.0,0.0,0.0,0.0,0.0,0.0,0.0,0.0,0.0,0.004773532,0.0,0.0,0.0,0.0,0.0,0.0,0.0,0.0,0.0,0.0,0.0,0.0,0.0072703697,0.0,0.0,0.0,0.0,0.0,0.0,0.0,0.0,0.0,0.0,0.0,0.0,0.0,0.0,0.0,0.0,0.0,0.0,0.0,0.0,0.0,0.0,0.0,0.0,0.0,0.0,0.0,0.0,0.035542887,0.0,0.0,0.0,0.0,0.0,0.5704054,0.0,0.0,0.0,0.0,0.0,0.0,0.0,0.0,0.0,0.0,0.0,0.0,0.0,0.0,0.0,0.0,0.0,0.0,0.0,0.0,0.0,0.0,0.3126882
Ġin,0.0,0.0003600797,0.0,0.0,0.00086207665,0.0,0.013221699,0.0,0.044656888,0.0016751525,0.0,0.0,0.0,0.0,0.0,0.0,0.0038376027,0.0005582571,0.007820211,0.0016192296,0.0,0.0,0.010625048,0.0,0.0055278107,0.0,0.0,0.006074413,0.0015408226,0.0047118156,0.0,0.0,0.0,0.0,0.0,0.0,0.0,0.021199571,0.0051093674,0.0,0.0,0.0048810286,0.0058174613,0.0,0.0027155345,0.010121979,0.0,0.0,0.0071222056,0.0,0.0,0.008843718,0.0,0.0,0.0,0.0,0.0,0.0,0.0058311257,0.0,0.0,0.012670806,0.0,0.0,0.014228763,0.0,0.0,0.0,0.0,0.0,0.0050015585,0.0,0.0,0.0034371158,0.0058912924,0.0,0.007286016,0.39856738,0.0,0.011889618,0.0,0.0063245394,0.0,0.0023186696,0.0,0.0,0.003622298,0.0,0.0,0.0,0.0,0.0,0.0,0.0,0.0036488406,0.0,0.032690383,0.0,0.024407465,0.18053754
Ġtrapping,0.0,0.00020047667,0.0,0.0,0.0008298496,0.0,0.0021136377,0.0,0.004336514,0.0005562539,0.0,0.001262529,0.0,0.0,0.0,0.0,0.0009537352,0.0006788076,0.0002209672,0.0005288619,0.0,0.0,0.0008164987,0.0,0.0021021862,0.004550782,0.002705892,0.0017354967,0.0008208757,0.00076022913,0.0,0.0,0.0,0.0,0.0,0.0,0.0,0.0018215214,0.0012933932,0.0,0.0,0.00045541444,0.0023535802,0.0,0.0006959755,0.00077764323,0.0,0.0,0.0018979267,0.0,0.0,0.0006163791,0.0,0.0,0.0,0.0027196803,0.011379663,0.0,0.00037427913,0.0,0.0,0.00033745114,0.0,0.01907868,0.0036771472,0.0,0.026322588,0.0,0.0,0.0,0.0016626403,0.0,0.016327973,0.00073779776,0.0014130926,0.0,0.0005579634,0.0028826469,0.49842337,0.0011217697,0.007897571,0.0017538638,0.0,0.0015147221,0.005833145,0.0,0.00072492304,0.0,0.0,0.013473679,0.01649769,0.0,0.0,0.0,0.0062669287,0.007184641,0.0005637351,0.0,0.009434567,0.18338946
Ġwere,0.0,0.0025052077,0.0,0.0,0.0014757107,0.0,0.022473618,0.0,0.0,0.0015338642,0.0,0.0,0.0,0.0,0.0,0.0,0.015566951,0.0038970148,0.0,0.0021796273,0.0,0.0,0.0,0.0,0.0017054945,0.0,0.0,0.009476284,0.0009682502,0.0009771476,0.0,0.0,0.0,0.0,0.0,0.0,0.0,0.0,0.0,0.0,0.0,0.000499341,0.003055385,0.0,0.00094303815,0.0,0.0,0.0,0.012382971,0.0,0.0,0.0,0.0,0.0,0.0,0.0,0.0,0.0,0.0,0.0,0.0,0.0,0.0,0.0,0.030133957,0.0,0.0,0.0,0.0,0.0,0.008141699,0.0,0.0,0.0031806766,0.008762551,0.0,0.009572146,0.0,0.0,0.41140985,0.0,0.007464924,0.0,0.003118635,0.0,0.0,0.0,0.0,0.0,0.0,0.0,0.0,0.0,0.0,0.005348063,0.0,0.0,0.0,0.07138302,0.3334283
Ġwas,0.0,0.0007208259,0.0,0.0,0.00014160764,0.0,0.0034163897,0.0,0.003187356,0.00055594067,0.0,0.0,0.0,0.0,0.0,0.0,0.00096613384,0.0007842749,0.0014064125,0.0015023072,0.0,0.0,0.0023069496,0.0,0.00029866392,0.0024817043,0.0038225953,0.0021714643,0.0002983337,0.00089200895,0.0,0.0,0.0,0.0,0.0,0.0,0.0,0.00056000927,0.00037747636,0.0,0.0,0.00060027477,0.00054417225,0.0,0.0007485474,0.00035752825,0.0,0.0,0.0017039435,0.0,0.0,0.00044121186,0.0,0.0,0.0,0.0,0.009393441,0.0,0.006175505,0.0,0.0,0.00091465435,0.0,0.12627335,0.032038305,0.0,0.0,0.0,0.0,0.0,0.0029856553,0.0,0.018308412,0.00044760003,0.0014121709,0.0,0.0019272722,0.0012508563,0.0,0.011671212,0.42310542,0.0033228644,0.0,0.0019111382,0.0032413292,0.0,0.0006608844,0.0,0.0,0.012417419,0.0,0.0,0.0,0.0,0.0029001173,0.0,0.001612789,0.0,0.015686847,0.25649595
Ġuntil,0.0,0.0,0.0,0.0,0.0,0.0,0.0,0.0,0.0,0.0055539166,0.0,0.0,0.0,0.0,0.0,0.0,0.026347566,0.0066566356,0.0,0.0,0.0,0.0,0.0,0.0,0.0,0.0,0.0,0.025870042,0.014774562,0.015967198,0.0,0.0,0.0,0.0,0.0,0.0,0.0,0.0,0.0,0.0,0.0,0.004517443,0.0,0.0,0.0,0.0,0.0,0.0,0.0,0.0,0.0,0.0,0.0,0.0,0.0,0.0,0.0,0.0,0.0,0.0,0.0,0.0,0.0,0.0,0.0,0.0,0.0,0.0,0.0,0.0,0.004177631,0.0,0.0,0.021870786,0.0,0.0,0.016748762,0.0,0.0,0.0,0.0,0.40833575,0.0,0.020722212,0.0,0.0,0.0,0.0,0.0,0.0,0.0,0.0,0.0,0.0,0.06666641,0.0,0.0,0.0,0.0,0.3200574
Ġc,0.0,0.00054716674,0.0,0.0,0.0002685784,0.0,0.0031221164,0.0,0.006694026,6.41556e-05,0.0,0.00027963019,0.0,0.0,0.011087437,0.0,0.00076609873,0.00046762926,0.00077357254,0.0012716927,0.0,0.0,0.0025112533,0.0,0.00023691541,0.0031000674,0.0036673069,0.0017448644,9.4692405e-05,0.0008243673,0.0032372973,0.0,0.0050197104,0.0,0.0,0.0,0.0,0.0011009796,0.0004035344,0.0,0.0,0.00012896994,0.001956589,0.0,0.0013858728,0.0009582848,0.0,0.0,0.0014030305,0.018678559,0.0016631838,0.00082502165,0.0,0.08759586,0.004077308,0.0010894409,0.007198599,0.09206126,0.0015036623,0.028622454,0.0,0.0016863755,0.0,0.01863705,0.006001219,0.0,0.005669258,0.0,0.0,0.020759901,0.00037302644,0.0,0.043559857,0.00019716534,0.0019363406,0.0,0.0006256664,0.005425151,0.011689526,0.0037219052,0.027057238,0.0035261787,0.35657272,0.001949209,0.012565285,0.009287488,0.0011985074,0.0,0.0,0.019685328,0.008514413,0.0,0.0,0.0,0.001408216,0.0073630307,0.0062695304,0.0,0.024849571,0.046590615
Ġof,0.0,0.0,0.0,0.0,0.0,0.0,0.0,0.0,0.0,0.0071900394,0.0,0.0,0.0,0.0,0.0,0.0,0.008603557,0.038450953,0.0,0.0,0.0,0.0,0.0,0.0,0.0,0.0,0.0,0.0,0.011007187,0.0,0.0,0.0,0.0,0.0,0.0,0.0,0.0,0.0,0.0,0.0,0.0,0.011215681,0.0,0.0,0.0,0.0,0.0,0.0,0.0,0.0,0.0,0.0,0.0,0.0,0.0,0.0,0.0,0.0,0.0,0.0,0.0,0.0,0.0,0.0,0.0,0.0,0.0,0.0,0.0,0.0,0.0011307738,0.0,0.0,0.018961946,0.0,0.0,0.018598238,0.0,0.0,0.0,0.0,0.0,0.0,0.38936228,0.0,0.0,0.0,0.0,0.0,0.0,0.0,0.0,0.0,0.0,0.1101123,0.0,0.0,0.0,0.0,0.33906487
Ġof,0.0,0.0022968003,0.0,0.0,0.00029070198,0.0,0.004251049,0.0,0.007220207,0.0034532386,0.0,0.0,0.0,0.0,0.0,0.0,0.004033525,0.0004148924,0.002959846,0.011915423,0.0,0.0,0.0025497586,0.0,0.004093076,0.0,0.0,0.003762643,0.004868373,0.0038418602,0.0,0.0,0.0,0.0,0.0,0.0,0.0,0.005560235,0.0019222653,0.0,0.0,0.0054001124,0.0065281973,0.0,0.014597605,0.0021596702,0.0,0.0,0.0038667815,0.0,0.0,0.0012135223,0.0,0.0,0.0,0.0,0.0,0.0,0.0033854845,0.0,0.0,0.004364734,0.0,0.0,0.00678354,0.0,0.0,0.0,0.0,0.0,0.0021662235,0.0,0.0,0.0015271105,0.0032055646,0.0,0.0039116903,0.021380927,0.0,0.005445958,0.0,0.012844894,0.0,0.0022667632,0.42839924,0.0,0.000971141,0.0,0.0,0.0,0.0,0.0,0.0,0.0,0.0066146776,0.0,0.008656152,0.0,0.022546427,0.26647708
Ġvolume,0.0,0.00015646151,0.0,0.0,0.0003247271,0.0,0.0011435617,0.0,0.0044044186,0.00013489486,0.0,0.00093638443,0.0,0.0,0.0,0.0,0.000795866,0.00054521137,0.000151049,0.00057051657,0.0,0.0,0.0008632723,0.0,0.0015006302,0.0020698183,0.0015010767,0.0017647052,0.00019519342,0.00076513056,0.0,0.0,0.0,0.0,0.0,0.0,0.0,0.0012697476,0.0012546774,0.0,0.0,0.00014383892,0.001986658,0.0,0.00065972656,0.0005901632,0.0,0.0,0.0017232373,0.0,0.0,0.00034723067,0.0,0.0,0.0,0.0015623779,0.005597161,0.0,0.00055532885,0.0,0.0,0.00032636698,0.0,0.016633024,0.004698869,0.0,0.034343377,0.0,0.0,0.0,0.00056020176,0.0,0.01768337,0.00035807843,0.0015254506,0.0,0.00038318473,0.0018296053,0.20465156,0.0014028056,0.015779035,0.0025597054,0.0,0.0019291127,0.0033278624,0.42436355,0.00091304374,0.0,0.0,0.01465333,0.019748466,0.0,0.0,0.0,0.0049884976,0.0062956535,0.0007158854,0.0,0.012117941,0.09665492
Ġsheep,0.0,0.00021059086,0.0,0.0,0.0007709307,0.0,0.004401502,0.0,0.0,0.00045361242,0.0,0.0,0.0,0.0,0.0,0.0,0.007806568,0.001414868,0.023426594,0.0007701522,0.0,0.0,0.0,0.0,0.00044594865,0.0,0.0,0.002304682,0.0012385832,0.00074288674,0.0,0.0,0.0,0.0,0.0,0.0,0.0,0.0,0.0,0.0,0.0,0.00016898784,0.0021110545,0.0,0.0006962587,0.0,0.0,0.0,0.009217718,0.0,0.0,0.048510026,0.0,0.0,0.0,0.0,0.0,0.0,0.030751506,0.0,0.0,0.05284991,0.0,0.0,0.0047787493,0.0,0.0,0.0,0.0,0.0,0.002020375,0.0,0.0,0.0020648753,0.0070771347,0.0,0.0040992447,0.0,0.0,0.028189057,0.0,0.0010459066,0.0,0.0009864295,0.0,0.0,0.50874597,0.0,0.0,0.0,0.0,0.0,0.0,0.0,0.0014095086,0.0,0.06986006,0.0,0.027664732,0.029517407
Ġbut,0.0,0.00033128285,0.03328311,0.0,0.00043919942,0.0042723664,0.0009663591,0.04837659,0.0014778787,4.3816228e-05,0.0,0.00035204375,0.0,0.0,0.0010888068,0.0,0.0003389589,0.00015692564,0.00029444852,0.00053244416,0.0,0.0,0.000827125,0.0,0.000502727,0.004047021,0.0034980252,0.00086498505,0.00011947584,0.00023389525,0.0009104925,0.0,0.0044028056,0.0,0.0,0.0,0.0,0.0012429721,0.00014674445,0.0,0.0,8.321808e-05,0.0015843427,0.0,0.00063177105,0.0006895815,0.0,0.0,0.002335493,0.010169963,0.001268507,0.00051375263,0.0,0.007853459,0.0016616253,0.0011213217,0.00094745064,0.014685764,0.0024010586,0.007572891,0.0,0.00082739914,0.0,0.0044093654,0.0044412212,0.014588312,0.003849307,0.0,0.0,0.007868339,0.000297333,0.0,0.0036374368,0.00017783295,0.0025381802,0.0,0.00094169163,0.0025495426,0.011707914,0.0029727826,0.0058208085,0.0008722932,0.09648642,0.00030543478,0.010155077,0.0068938886,0.00030438288,0.29884976,0.0,0.006378149,0.0020237535,0.0,0.0,0.0,0.00077893474,0.0027060732,0.0017502197,0.15182568,0.01780227,0.07822253
Ġcells,0.0,0.00014682535,0.004931165,0.0038943284,9.971044e-05,0.000809251,0.0001868651,0.0017376167,0.00080927415,4.7086403e-05,0.010096284,0.0004940878,0.007718923,0.0,0.0009623731,0.0,0.0004957639,0.00012863829,3.6017045e-05,0.0007198962,0.0,0.0,0.0011052334,0.0,0.00049737445,0.005060931,0.009590126,0.0012220106,0.00017302761,0.00046025842,0.0014517527,0.013963174,0.0016706784,0.008642826,0.0,0.0,0.0,0.00072583905,0.00021191793,0.0,0.0,9.76731e-05,0.0010202104,0.0,0.0013857287,0.00045443204,0.07879489,0.0,0.00023028157,0.017336464,0.0014258256,0.00018299164,0.00037274035,0.00526759,0.001673508,0.0020684102,0.0011888199,0.009116326,0.00028191056,0.0019747727,0.0,0.00025920986,0.0017287547,0.0032474687,0.0010192847,0.00090532546,0.0028432019,0.0,0.0,0.020841952,0.0001187703,0.006318021,0.0057055866,0.00016954896,0.00033613993,0.018422745,0.0006012518,0.0005776015,0.0064561064,0.00029285825,0.005754399,0.0016614144,0.015692253,0.0009319429,0.0065356395,0.011651332,0.00025402458,0.034135215,0.4389656,0.015588813,0.0038292424,0.0,0.0,0.0,0.0019467336,0.0052506295,0.00075203436,0.029858556,0.0030926364,0.061465368
Ġtests,0.0,0.00034671702,0.0,0.0,0.0004788034,0.0,0.0030757922,0.0,0.01906561,0.0009743186,0.0,0.0,0.0,0.0,0.0,0.0,0.0008547405,0.00010851665,0.0015666336,0.0014693361,0.0,0.0,0.006555611,0.0,0.0021731062,0.0,0.042437777,0.0015329279,0.0013755591,0.0018334414,0.0,0.0,0.0,0.0,0.0,0.0,0.0,0.005278997,0.00095166045,0.0,0.0,0.0018290649,0.0063935956,0.0,0.003301567,0.0021873957,0.0,0.0,0.0019032656,0.0,0.0,0.0014041029,0.0,0.0,0.0,0.0,0.0,0.0,0.0034957987,0.0,0.0,0.0028919233,0.0,0.0,0.0059753507,0.0,0.0,0.0,0.0,0.0,0.00069509994,0.0,0.0,0.0017114303,0.0022200092,0.0,0.003785444,0.032374587,0.0,0.0068267747,0.0,0.0046465346,0.0,0.0012075289,0.24058512,0.0,0.0012723663,0.0,0.0,0.39121625,0.0,0.0,0.0,0.0,0.003833241,0.0,0.009336635,0.0,0.030354574,0.079487205
Ġa,0.0,4.0812014e-05,0.0,0.0,0.00043372464,0.0,0.000571778,0.0,0.0034494677,0.00087776815,0.0,0.019309537,0.0,0.0,0.0,0.0,0.0003768626,0.00015117225,0.00032463088,0.0005514326,0.0,0.0,0.0048812567,0.0,0.0016850601,0.004618346,0.0011423351,0.0006392443,0.0004694601,0.001149737,0.0,0.0,0.0,0.0,0.0,0.0,0.0,0.0028130722,0.00030922185,0.0,0.0,0.001502917,0.0019798146,0.0,0.00093006616,0.0014208464,0.0,0.0,0.00034119314,0.0,0.0,0.00289218,0.0,0.0,0.0,0.0,0.0030405687,0.0,0.0010492944,0.0,0.0,0.0025425202,0.0,0.016282972,0.0019465319,0.0,0.0,0.0,0.0,0.0,0.00057600153,0.0,0.030815031,0.0011859362,0.00036256658,0.0,0.0012423001,0.008057151,0.0,0.0015873159,0.033188865,0.0050094617,0.0,0.004076874,0.006156362,0.0,0.00092440634,0.0,0.0,0.026514808,0.55317533,0.0,0.0,0.0,0.0062843,0.17647108,0.0069093327,0.0,0.008026723,0.017715225
Ġproteins,0.0130778635,0.00010514926,0.0012566781,0.0014726784,8.275272e-05,0.003253254,0.00024175717,0.0007586199,0.0010874129,0.00013003557,0.001279537,0.00021198661,0.0034933307,0.019549405,0.00041649013,0.008059486,0.00018257699,9.5497926e-05,3.814931e-05,0.0003577931,0.0038525565,0.008534899,0.00092635845,0.003211589,0.00020781884,0.00036383222,0.0014108476,0.0011084119,0.00014247901,0.0016701077,0.00046106646,0.0014531614,0.0010140734,0.004101297,0.0,0.0012342867,0.011676121,0.001214933,0.00014361388,0.015672423,0.06435353,0.0005463159,0.00023513703,0.02277202,0.00044400856,0.00030173195,0.009483357,0.0006989087,0.00038152025,0.00074310193,0.00075558084,0.00013519624,0.002665561,0.0017151759,0.00028200893,0.00024121616,0.0010941663,0.0035952057,0.000291954,0.0008898877,0.019386208,0.00021588379,0.0022673295,0.00172273,0.0031775695,0.0012455331,0.00055445026,0.0020347242,0.0,0.0032571221,3.556446e-05,0.0071127834,0.0037122618,0.00019647201,0.00038758485,0.005403486,0.00012526882,0.0008406217,0.00045966395,0.0005638541,0.002670179,0.0025129921,0.01126763,0.0019607155,0.0027029272,0.0011415324,0.00035212512,0.009253823,0.018451648,0.003627286,0.0009608025,0.36985,0.012881486,0.018242663,0.0014908472,0.0030779564,0.00089891546,0.015441936,0.005230832,0.082023434
Ġwere,0.0,0.00020789086,0.006535347,0.0048767244,0.0007838454,0.00092345633,0.0003324752,0.0036479512,0.0011649221,0.00016388678,0.004932734,0.00037511933,0.0026123233,0.0,0.00077980827,0.0,0.0004007316,0.00022618502,0.00016116542,0.00075403095,0.0,0.0,0.0009058581,0.0,0.0007375905,0.0040085944,0.006243969,0.0009661149,0.00020390021,0.0004840739,0.0011244917,0.0058383364,0.0010928214,0.0069503323,0.0,0.0,0.0,0.0012580842,0.00030881263,0.0,0.0,0.00023302487,0.0021491756,0.0,0.001368567,0.0015397487,0.014586363,0.0,0.00028876748,0.011723808,0.000985817,0.0006715178,0.0005065785,0.0016969022,0.003602188,0.002481714,0.00059241493,0.0028805302,0.0009876614,0.0010100981,0.0,0.0005964696,0.001249344,0.0021744596,0.003485048,0.0010565681,0.002026168,0.0,0.0,0.027130255,0.00025523306,0.009881692,0.0017744673,0.00035701698,0.00047077367,0.004657594,0.0012661642,0.0006271902,0.0030067067,0.0009846012,0.009463376,0.0013901626,0.004849958,0.0012020692,0.0021665122,0.008114915,0.0002506006,0.010566776,0.17567535,0.011181299,0.0038253122,0.0,0.45055273,0.0,0.0018068444,0.0016799484,0.0014210528,0.012081369,0.0026036182,0.06558052
Ġc,0.0,4.0299823e-05,0.0018493148,0.0032694982,0.00028803252,0.0010871955,0.0010381325,0.004747773,0.0011153528,0.00011611114,0.0052872784,0.00026430766,0.004367943,0.01386961,0.0034721342,0.007584384,0.00033396046,7.732752e-05,0.00025020188,0.0006896549,0.0055393134,0.026771743,0.0013313637,0.027267512,0.00035545175,0.0070129875,0.0024587235,0.0014285791,0.00023846985,0.0015641556,0.0010619985,0.0048089935,0.00060435064,0.0054582604,0.0,0.010361011,0.0,0.00064099097,0.00011440415,0.0,0.0,0.0005444291,0.0016464137,0.0,0.0018842431,0.00044109777,0.016540743,0.002463144,0.00096526433,0.0024918271,0.0015543954,0.0013966378,0.00065225165,0.016540818,0.0025334137,0.001984094,0.0031571328,0.003489602,0.0015741655,0.001473131,0.02560504,0.002299888,0.0025786536,0.0016213291,0.008683029,0.0035878974,0.0019404601,0.0019512158,0.0,0.004652164,0.00018485512,0.0028013384,0.008853629,0.00039602697,0.001916811,0.0041606785,0.0023300217,0.0024481432,0.0024803057,0.0027072593,0.00707868,0.0014162409,0.0104396595,0.0016828466,0.006832313,0.00088997616,0.0006713403,0.031806525,0.017535986,0.0072853016,0.0023203867,0.0,0.009326818,0.43537948,0.0016205531,0.006390543,0.006149023,0.0044859736,0.013492403,0.08025182
Ġto,0.0,0.0,0.0,0.0,0.0,0.0,0.0,0.0,0.0,0.014669729,0.0,0.0,0.0,0.0,0.0,0.0,0.031648707,0.0,0.0,0.0,0.0,0.0,0.0,0.0,0.0,0.0,0.0,0.0,0.00875729,0.0,0.0,0.0,0.0,0.0,0.0,0.0,0.0,0.0,0.0,0.0,0.0,0.019721875,0.0,0.0,0.0,0.0,0.0,0.0,0.0,0.0,0.0,0.0,0.0,0.0,0.0,0.0,0.0,0.0,0.0,0.0,0.0,0.0,0.0,0.0,0.0,0.0,0.0,0.0,0.0,0.0,0.0034558168,0.0,0.0,0.034399,0.0,0.0,0.030353293,0.0,0.0,0.0,0.0,0.0,0.0,0.0,0.0,0.0,0.0,0.0,0.0,0.0,0.0,0.0,0.0,0.0,0.45401734,0.0,0.0,0.0,0.0,0.36724868
Ġin,0.0,0.0002459513,0.0,0.0,0.0014622485,0.0,0.0011277704,0.0,0.0044433405,0.004695073,0.0,0.0,0.0,0.0,0.0,0.0,0.002521889,0.00066949264,0.0028304434,0.00228893,0.0,0.0,0.0042395173,0.0,0.0026352582,0.0044536004,0.0034874699,0.0007166142,0.003868977,0.0027833092,0.0,0.0,0.0,0.0,0.0,0.0,0.0,0.022534363,0.0034923574,0.0,0.0,0.013112561,0.0036566984,0.0,0.0028526483,0.013583743,0.0,0.0,0.0009897376,0.0,0.0,0.014810669,0.0,0.0,0.0,0.0,0.0022660117,0.0,0.0047023096,0.0,0.0,0.01771326,0.0,0.0107348105,0.003916893,0.0,0.0,0.0,0.0,0.0,0.007681717,0.0,0.016515138,0.0025699593,0.00064016384,0.0,0.0028381567,0.047222923,0.0,0.004536462,0.014159254,0.00680664,0.0,0.011096472,0.02759723,0.0,0.0031157513,0.0,0.0,0.0074545443,0.0,0.0,0.0,0.0,0.011541732,0.41345316,0.03578106,0.0,0.013712265,0.11545532
Ġto,0.0,0.0013289033,0.0,0.0,0.0041838917,0.0,0.008897428,0.0,0.0,0.0034346748,0.0,0.0,0.0,0.0,0.0,0.0,0.007398098,0.0050477283,0.11028103,0.003810194,0.0,0.0,0.0,0.0,0.004507752,0.0,0.0,0.002708376,0.0034488037,0.004165204,0.0,0.0,0.0,0.0,0.0,0.0,0.0,0.0,0.0,0.0,0.0,0.004482293,0.020371156,0.0,0.0061683836,0.0,0.0,0.0,0.004411838,0.0,0.0,0.0,0.0,0.0,0.0,0.0,0.0,0.0,0.0752263,0.0,0.0,0.0,0.0,0.0,0.012703892,0.0,0.0,0.0,0.0,0.0,0.0053259246,0.0,0.0,0.004779948,0.0033209817,0.0,0.01957557,0.0,0.0,0.050490547,0.0,0.00738073,0.0,0.018873686,0.0,0.0,0.0,0.0,0.0,0.0,0.0,0.0,0.0,0.0,0.015091635,0.0,0.3520797,0.0,0.036972936,0.16578549
Ġresistance,0.0,0.00054314156,0.0,0.0,5.832053e-05,0.0,0.00057486293,0.0,0.0024785707,9.1231304e-05,0.0,0.0011371204,0.0,0.0,0.0063910927,0.0,0.00010723381,0.00019843441,0.00016047028,0.00031000027,0.0,0.0,0.0015726232,0.0,0.00018702765,0.0007529297,0.0025192287,0.0012131742,9.741994e-05,0.00045405477,0.004178603,0.0,0.005009919,0.0,0.0,0.0,0.0,0.0017469049,0.00021078059,0.0,0.0,0.00014540038,0.0002632494,0.0,0.00030560483,0.00035151193,0.0,0.0,0.0007655609,0.008179088,0.0014032299,0.0002652243,0.0,0.016347086,0.0014905493,0.0014120409,0.0010832639,0.043658417,0.00068257906,0.015881788,0.0,0.0005563464,0.0,0.013712367,0.0028035948,0.0,0.0045079705,0.0,0.0,0.017474633,0.00028175281,0.0,0.00478597,3.6777386e-05,0.0006248961,0.0,9.352769e-05,0.0031288697,0.014275422,0.0011876965,0.010287154,0.0010583083,0.07566012,0.0003703091,0.004443159,0.029527828,0.00060586416,0.0,0.0,0.007044803,0.005678493,0.0,0.0,0.0,0.00024316914,0.0052642426,0.0010023967,0.4789093,0.006817747,0.100373164
Ġthey,0.0,0.0096242875,0.0,0.0,0.0039198203,0.0,0.052848708,0.0,0.0,0.0013283236,0.0,0.0,0.0,0.0,0.0,0.0,0.021312943,0.0028022202,0.0,0.006245063,0.0,0.0,0.0,0.0,0.0023153464,0.0,0.0,0.012040791,0.0018049848,0.0056629297,0.0,0.0,0.0,0.0,0.0,0.0,0.0,0.0,0.0,0.0,0.0,0.000895,0.0066007515,0.0,0.0070438543,0.0,0.0,0.0,0.02800542,0.0,0.0,0.0,0.0,0.0,0.0,0.0,0.0,0.0,0.0,0.0,0.0,0.0,0.0,0.0,0.030773778,0.0,0.0,0.0,0.0,0.0,0.015563393,0.0,0.0,0.0043007447,0.03576012,0.0,0.009556777,0.0,0.0,0.0,0.0,0.02265153,0.0,0.0033380503,0.0,0.0,0.0,0.0,0.0,0.0,0.0,0.0,0.0,0.0,0.0055341935,0.0,0.0,0.0,0.46658176,0.1825137
<|begin_of_text|>,0.0,0.0,0.0,0.0,0.0,0.0,0.0,0.0,0.0,0.0,0.0,0.0,0.0,0.0,0.0,0.0,0.0,0.0,0.0,0.0,0.0,0.0,0.0,0.0,0.0,0.0,0.0,0.0,0.0,0.0,0.0,0.0,0.0,0.0,0.0,0.0,0.0,0.0,0.0,0.0,0.0,0.0,0.0,0.0,0.0,0.0,0.0,0.0,0.0,0.0,0.0,0.0,0.0,0.0,0.0,0.0,0.0,0.0,0.0,0.0,0.0,0.0,0.0,0.0,0.0,0.0,0.0,0.0,0.0,0.0,0.0,0.0,0.0,0.0,0.0,0.0,0.0,0.0,0.0,0.0,0.0,0.0,0.0,0.0,0.0,0.0,0.0,0.0,0.0,0.0,0.0,0.0,0.0,0.0,0.0,0.0,0.0,0.0,0.0,1.0
